respondent_id,covid_vaccine
4757,0.2720051870499019
4758,0.24024454687144267
4759,0.2395216235669527
4760,0.3441191070550081
4761,0.18956027423871064
4762,0.5445361370267648
4763,0.4560963136817866
4764,0.6841855487093238
4765,0.7265825650314444
4766,0.37595937584437145
4767,0.23082906782230944
4768,0.7522601852464303
4769,0.5074118893770718
4770,0.2710969619174909
4771,0.19680138552188323
4772,0.30366982385596836
4773,0.1874601308117824
4774,0.35687421381793305
4775,0.35884167671335915
4776,0.3568353203279243
4777,0.21952110955390966
4778,0.3424016680262287
4779,0.2716540132513539
4780,0.7880747125838924
4781,0.12974172861559916
4782,0.1696385726342216
4783,0.40978321581583466
4784,0.22546843836101577
4785,0.3543482134646571
4786,0.6701514658952504
4787,0.28686754586458363
4788,0.17697966945208243
4789,0.3296544118134595
4790,0.7546741588665457
4791,0.1931587958144248
4792,0.21390103672019237
4793,0.33201230718965224
4794,0.7702636348026478
4795,0.21593643549407493
4796,0.20331356352790564
4797,0.23230306414354618
4798,0.6547538524238383
4799,0.33424461629587304
4800,0.16089817412167137
4801,0.18713729016955952
4802,0.2639285474378975
4803,0.18460254196111617
4804,0.41806819685761326
4805,0.17729460812830178
4806,0.19493096179795488
4807,0.16612383271234088
4808,0.31339393174840235
4809,0.265273210350073
4810,0.5347706957276943
4811,0.31207099206329414
4812,0.2394236474566798
4813,0.20387370816713393
4814,0.31045427062259273
4815,0.24758146675655157
4816,0.4822765715960781
4817,0.30826416666055567
4818,0.15450470184733708
4819,0.24541370677952334
4820,0.45498568308394255
4821,0.636372328796514
4822,0.4046828752514621
4823,0.5305243016054618
4824,0.3879084191018669
4825,0.2613036692337533
4826,0.20261801598554888
4827,0.565699963590736
4828,0.23932694534008117
4829,0.7297604569959915
4830,0.38236531946178764
4831,0.20756792146777978
4832,0.3017431675068975
4833,0.1920376415082951
4834,0.6998038018657726
4835,0.6031674266145178
4836,0.2782457959190918
4837,0.419806329909431
4838,0.33730017881729346
4839,0.23286296698640424
4840,0.40767764299146614
4841,0.3530164898613487
4842,0.5481185458426566
4843,0.16764978362501087
4844,0.24482423866249847
4845,0.179459230738387
4846,0.20494650372194548
4847,0.19739473622104176
4848,0.17220215182164308
4849,0.376067089019888
4850,0.17016040069311086
4851,0.26380835628921045
4852,0.2288866819754779
4853,0.2223570899708943
4854,0.5851390523273292
4855,0.21293728867505798
4856,0.3077428015535343
4857,0.1670847326819013
4858,0.6193761427248593
4859,0.2684810955657446
4860,0.23753639259034276
4861,0.18626915279152825
4862,0.29722341327049095
4863,0.2233811412690193
4864,0.16722418085617236
4865,0.3296093664613139
4866,0.39485318003783454
4867,0.22241699415395264
4868,0.18328315410277835
4869,0.22071996101667074
4870,0.21312277796457743
4871,0.2549128858517898
4872,0.20679907334421643
4873,0.22335057515707718
4874,0.18236977154141454
4875,0.35826428664680776
4876,0.16483730838505875
4877,0.20204960430917582
4878,0.5091516084233944
4879,0.4010526091779427
4880,0.22571026171800518
4881,0.5539415588024421
4882,0.29508252625768805
4883,0.1834714035777228
4884,0.17941441341973338
4885,0.3106692177127944
4886,0.17532820716628333
4887,0.5362135298249836
4888,0.3696125543301982
4889,0.2704001048041536
4890,0.1753377609205168
4891,0.2976540015585941
4892,0.2747884266424771
4893,0.21400033747154196
4894,0.7261259828755448
4895,0.20133754347294586
4896,0.406411068965722
4897,0.7539748435367146
4898,0.43518588967562544
4899,0.3286128564496146
4900,0.17098375905435895
4901,0.34134211386500396
4902,0.3235478079184762
4903,0.23841498921013948
4904,0.784020477945847
4905,0.24170352845704354
4906,0.20074267191689005
4907,0.7038009474722736
4908,0.4527332531473964
4909,0.3463532639689726
4910,0.2981165878854279
4911,0.3290248814724504
4912,0.15511664394826813
4913,0.6443630173807233
4914,0.1504071104309901
4915,0.7071835677351113
4916,0.21922827750461962
4917,0.16524147795088667
4918,0.23880550592384503
4919,0.14128299661232946
4920,0.40685045617170956
4921,0.4467332271601279
4922,0.20498199447452595
4923,0.27044156801508756
4924,0.2045803744671509
4925,0.2179381222296764
4926,0.18457222177692084
4927,0.29500707225068007
4928,0.22694201385879006
4929,0.5078157576215919
4930,0.21976967003121145
4931,0.572761846566646
4932,0.21415839308236645
4933,0.6582290107482636
4934,0.1860669786782039
4935,0.34665122002117976
4936,0.29733419034291525
4937,0.2092090573961679
4938,0.7657093325923778
4939,0.20623564501106798
4940,0.40260727429282883
4941,0.6151211083075763
4942,0.6278759316466636
4943,0.43953191592577867
4944,0.27960980123709
4945,0.6818628897855892
4946,0.4003793068008152
4947,0.6751342929441029
4948,0.18956952935927177
4949,0.3010686604809763
4950,0.45650744190049886
4951,0.31422187608640284
4952,0.3664968811466659
4953,0.27759083087042813
4954,0.45514515072143447
4955,0.1906748907396479
4956,0.28119427700931693
4957,0.7589891044867938
4958,0.33334358721739527
4959,0.17520573313988805
4960,0.32236707832228784
4961,0.6068006764031015
4962,0.34553253128651673
4963,0.3413074285834248
4964,0.532671773061886
4965,0.3674416623760848
4966,0.18933087279519525
4967,0.1852023966223545
4968,0.3975593489835152
4969,0.5156769403822075
4970,0.4399401349316107
4971,0.7468415634379884
4972,0.5257760751613892
4973,0.21951764277892102
4974,0.2902664097875042
4975,0.2109473221748322
4976,0.5126300761336113
4977,0.13936224750861412
4978,0.7445412748067531
4979,0.4131296322935407
4980,0.19953667126038077
4981,0.2602133780326782
4982,0.42579686194328725
4983,0.2057676049336056
4984,0.3553169356888759
4985,0.3233868330837256
4986,0.3742500725482582
4987,0.29839900318490453
4988,0.7801255103871964
4989,0.18257327708953247
4990,0.20151720148442512
4991,0.26852421960204814
4992,0.2500332079432307
4993,0.5949706593690737
4994,0.38159537325846227
4995,0.30305643137315835
4996,0.24729156505160516
4997,0.4054920958308575
4998,0.2841083347344897
4999,0.43569359475279984
5000,0.3639816178696491
5001,0.2531117436533404
5002,0.18079749669981596
5003,0.4244069291353146
5004,0.6998778799957811
5005,0.3165806367241525
5006,0.1827837387896703
5007,0.6624573866439434
5008,0.18282071543376135
5009,0.20745393745242327
5010,0.17914071702587453
5011,0.367350149686623
5012,0.21726925413431705
5013,0.21654040134102862
5014,0.1837900960000762
5015,0.1562755123669177
5016,0.19671312634914143
5017,0.4887713622377587
5018,0.7890500037869838
5019,0.2804162120455877
5020,0.2478234177411226
5021,0.37659528696959366
5022,0.7025656150490723
5023,0.6859187583186215
5024,0.29012582571763906
5025,0.27609780056369615
5026,0.20012690147625345
5027,0.3532463337646385
5028,0.17372909116113025
5029,0.1498918547064283
5030,0.632395989602922
5031,0.2673219008963016
5032,0.27397614051468006
5033,0.2027030242838019
5034,0.7019928975403545
5035,0.19066077478736973
5036,0.31672024203988286
5037,0.3688033936135027
5038,0.26576850619915177
5039,0.22263799645675308
5040,0.4271877516066139
5041,0.2887050668948204
5042,0.4739918718218571
5043,0.7692582388999513
5044,0.6612915031191035
5045,0.3274689955381507
5046,0.38657043224313303
5047,0.28602401045137305
5048,0.25686708458672813
5049,0.23029717903545813
5050,0.26729398382608904
5051,0.6211364240253603
5052,0.7168933919482395
5053,0.17290039273950164
5054,0.19401404453861154
5055,0.3516785461507943
5056,0.2669193498081315
5057,0.32180075440343575
5058,0.26096702036213065
5059,0.6947585054194669
5060,0.4668991350595402
5061,0.23483006497406558
5062,0.2393073173167211
5063,0.18611308019974535
5064,0.2682477219185653
5065,0.16890167476550647
5066,0.5842070525243396
5067,0.7101261071501023
5068,0.23004978829768674
5069,0.2534720021422608
5070,0.3755885979167185
5071,0.41309459551215344
5072,0.5466928383037387
5073,0.1839091600458849
5074,0.7005303846487162
5075,0.7360387233429889
5076,0.3288340559400879
5077,0.3389729381923733
5078,0.16059830838013592
5079,0.7399773441909023
5080,0.23232199070187495
5081,0.2285000130131403
5082,0.16731171005570977
5083,0.6467498583109413
5084,0.6050808528601507
5085,0.31336478926825834
5086,0.37772683564935466
5087,0.16636553777042937
5088,0.5715517341125845
5089,0.6408540218037926
5090,0.22295382074257158
5091,0.2253040170588687
5092,0.31462970540887353
5093,0.25316916520364796
5094,0.4186085126807677
5095,0.24541370677952334
5096,0.2161196344501858
5097,0.18519085470391214
5098,0.6803782972425281
5099,0.22147999743800906
5100,0.24493704441707545
5101,0.19633386279060724
5102,0.47266766550304834
5103,0.17223739029084226
5104,0.15654698943351472
5105,0.18717745913086412
5106,0.42183231978302327
5107,0.6539458152106984
5108,0.36716384930126233
5109,0.22842150666369315
5110,0.4774156114022103
5111,0.3843763935611596
5112,0.3511565441956963
5113,0.5591800023323594
5114,0.1819215094271348
5115,0.28268088923982093
5116,0.3111240302056027
5117,0.19184862140012207
5118,0.47175479982556745
5119,0.33400568258731855
5120,0.44760308084183964
5121,0.5589005449243842
5122,0.2836634755179584
5123,0.4049446967252783
5124,0.20180291465315203
5125,0.1855008932557788
5126,0.21086683611968962
5127,0.3891789036160444
5128,0.27015277460388826
5129,0.19046241583515958
5130,0.41133510044108
5131,0.34726382573665965
5132,0.14631790974029643
5133,0.37347900224545183
5134,0.17104629627887966
5135,0.36878341876044207
5136,0.35456074333680726
5137,0.6743267595654818
5138,0.6595901391345884
5139,0.7256157929819471
5140,0.7309186243802034
5141,0.4985709072223274
5142,0.24187464391921898
5143,0.15513857277908913
5144,0.23833813637867501
5145,0.385298760467351
5146,0.1586445032315199
5147,0.1903322384727309
5148,0.21516775607798985
5149,0.7217669607610663
5150,0.17325821626289165
5151,0.506488143758741
5152,0.6617108214915339
5153,0.27796427532834145
5154,0.6333986196293628
5155,0.45738743166597867
5156,0.7761237721209663
5157,0.1547868165074541
5158,0.4607025467219855
5159,0.3301762992100983
5160,0.717224787843094
5161,0.21333763058184207
5162,0.6369263983983398
5163,0.33829809242650194
5164,0.4467250532714479
5165,0.7355839432576723
5166,0.17299849055771788
5167,0.17312229294162879
5168,0.3276151043005847
5169,0.2310699712706692
5170,0.4819377466360219
5171,0.2309528179274338
5172,0.512330548799186
5173,0.21686504739660992
5174,0.5199595899348657
5175,0.39369177158726104
5176,0.35716917617415467
5177,0.657633388414586
5178,0.39622944511116814
5179,0.5019221272697407
5180,0.2609302767213794
5181,0.1751096098860161
5182,0.5161205305290679
5183,0.32416682694154586
5184,0.18719196717971606
5185,0.24636986245758266
5186,0.7381104067957376
5187,0.3990925548401124
5188,0.36916933885820746
5189,0.19698287307385018
5190,0.29302864151063146
5191,0.2877980025512033
5192,0.39491859867349416
5193,0.7255511890425693
5194,0.25931780265332105
5195,0.26613149662066626
5196,0.1693131831674976
5197,0.2390565848066643
5198,0.20526204977941287
5199,0.16176794918218024
5200,0.20687105320686588
5201,0.18384625977709204
5202,0.7212913238525206
5203,0.39458941681554005
5204,0.3707741505996817
5205,0.19415734661077919
5206,0.19114575407645226
5207,0.17152035070581456
5208,0.23880427051963865
5209,0.2243385763122008
5210,0.36735631223003645
5211,0.28954407522458114
5212,0.2240161499018715
5213,0.2838539472183582
5214,0.2706925640545564
5215,0.34501650548517715
5216,0.19546335059985942
5217,0.24778920685626737
5218,0.5661188984654143
5219,0.22500719502293676
5220,0.6687599194359094
5221,0.350163523126895
5222,0.770458914434685
5223,0.18225013480920968
5224,0.24280977473733836
5225,0.2540010843715594
5226,0.741164152047973
5227,0.3209718495341105
5228,0.2988624255120513
5229,0.33543692487593246
5230,0.7199195665485926
5231,0.4089514149553573
5232,0.4457152309522715
5233,0.19040727114834521
5234,0.34270773816953987
5235,0.20050728053215783
5236,0.2217537084840964
5237,0.22435463799678335
5238,0.5613474103738708
5239,0.19993553446238324
5240,0.7500839041969087
5241,0.17567282748499144
5242,0.4609348809538286
5243,0.5931621733566743
5244,0.42113771556984914
5245,0.19310458719118914
5246,0.7729265837676406
5247,0.2540977041388353
5248,0.24725514538618698
5249,0.21140873280865027
5250,0.5528761748148333
5251,0.7075670591280252
5252,0.759814428666309
5253,0.21755261052055933
5254,0.44552852229823947
5255,0.4150216006112768
5256,0.3765005692989584
5257,0.27039464044529804
5258,0.6415500701912551
5259,0.33592209477108026
5260,0.6936926853299468
5261,0.2935776330497572
5262,0.2999885710839957
5263,0.5244337472896011
5264,0.32721986546862186
5265,0.7666363912505292
5266,0.27901690740484064
5267,0.21472064569649182
5268,0.4245054324791219
5269,0.21723018399862892
5270,0.37092103802576104
5271,0.2188367829715224
5272,0.17397570426210293
5273,0.2591235752601842
5274,0.2629505385160736
5275,0.3758792755688844
5276,0.5832111552054322
5277,0.36026511071525547
5278,0.34839912448601634
5279,0.2693872801542559
5280,0.747348700897665
5281,0.6332246404082453
5282,0.1571526275777152
5283,0.27405555991525765
5284,0.18335798993632016
5285,0.30828024825436073
5286,0.19314454220439456
5287,0.7404775499137887
5288,0.16809609174521356
5289,0.21302544000889614
5290,0.13548387992824207
5291,0.6772709113705411
5292,0.31518985742493894
5293,0.3177823773281418
5294,0.18433728389256246
5295,0.2989853427985352
5296,0.7443421664780862
5297,0.6485728218759572
5298,0.6185582862790225
5299,0.1940455686335061
5300,0.21686920234933926
5301,0.17735428592025299
5302,0.3724815885123251
5303,0.21372078278149
5304,0.32874185681070034
5305,0.19162239915356205
5306,0.2512866496479948
5307,0.693322449700051
5308,0.5110505699499848
5309,0.6443102121363463
5310,0.2183022124824692
5311,0.23917155243582647
5312,0.6289150224427801
5313,0.18673054760381141
5314,0.6018767807267857
5315,0.20753316714125955
5316,0.7912445763352427
5317,0.13170462799499366
5318,0.2538256793615023
5319,0.2277296748340515
5320,0.3662108652092628
5321,0.30653758905642703
5322,0.1905245727556463
5323,0.24986796212426096
5324,0.1746089955867234
5325,0.7529317468003683
5326,0.3554916675619093
5327,0.23377167769585552
5328,0.7473765393178289
5329,0.6874979987782665
5330,0.2198109980186114
5331,0.523170982974147
5332,0.7156103093386754
5333,0.22430671806445024
5334,0.3283701751031766
5335,0.2875467423458621
5336,0.24791240862831143
5337,0.7726401182754542
5338,0.32806953231832403
5339,0.21971661768366232
5340,0.2808808516621081
5341,0.18867181455826804
5342,0.18531200026888886
5343,0.25294387963394727
5344,0.685697376569976
5345,0.7382755743388085
5346,0.7344844613020727
5347,0.1896357322316185
5348,0.17439751683385285
5349,0.28417047073697577
5350,0.25549381058538495
5351,0.31931394343381947
5352,0.21542291981264783
5353,0.5220448460648179
5354,0.3431815713666476
5355,0.7651600813283085
5356,0.2740969520006812
5357,0.15887068724162057
5358,0.1943349951568702
5359,0.35697945439491685
5360,0.19306249049466973
5361,0.6956045578865101
5362,0.20079449118117318
5363,0.4252753096094033
5364,0.18305261300636208
5365,0.3780053362027736
5366,0.6235224093053083
5367,0.2038993600679308
5368,0.3582595843203653
5369,0.26131852410032036
5370,0.2599625498405803
5371,0.14333623428874964
5372,0.23062694907721068
5373,0.2337865474468891
5374,0.2227396380184026
5375,0.37381307373219064
5376,0.6062070160032885
5377,0.5782717829794927
5378,0.5625527029053761
5379,0.5537437195137157
5380,0.2528240463074443
5381,0.2909253323107065
5382,0.21052474154514672
5383,0.3399075046477803
5384,0.23757854745945953
5385,0.23359607420584116
5386,0.20097976687623853
5387,0.7691535968954831
5388,0.4017926495361393
5389,0.14250319709675727
5390,0.23707950837298536
5391,0.3272745672033854
5392,0.23814163982052927
5393,0.3418011810794275
5394,0.2493569804287457
5395,0.27633532340427375
5396,0.34630565139839176
5397,0.6223173418463438
5398,0.3864145333796954
5399,0.4144495468305578
5400,0.7805123456274756
5401,0.3842450558134056
5402,0.39351276798620466
5403,0.1844841362675674
5404,0.3555638918249777
5405,0.7574769767377341
5406,0.651042422595344
5407,0.7809215878107263
5408,0.7697436725540517
5409,0.19585269665319285
5410,0.2170000724863789
5411,0.45039253544104985
5412,0.335172624916514
5413,0.20653275161747806
5414,0.27005428359556516
5415,0.3462528225208096
5416,0.1747196193500226
5417,0.24454977826040272
5418,0.22316640147564581
5419,0.30087715882859933
5420,0.20844407478367932
5421,0.2386759801172103
5422,0.28055801633561656
5423,0.23460140210653163
5424,0.3132015672809483
5425,0.6721122211421847
5426,0.1795063724311899
5427,0.2144683971011264
5428,0.7098945300066282
5429,0.28823524764233716
5430,0.5722685694442647
5431,0.29965931662100276
5432,0.33078031481197506
5433,0.43240598848896
5434,0.5084500985981875
5435,0.5415223644024133
5436,0.26607428529023025
5437,0.19536481884925563
5438,0.26366992629797825
5439,0.1730272849114132
5440,0.744049094549677
5441,0.21329368149559516
5442,0.23785824526786284
5443,0.29309383352861734
5444,0.430488679996309
5445,0.7653955154868699
5446,0.6482035008679378
5447,0.2667221194096117
5448,0.4679156310323903
5449,0.23314326764020374
5450,0.3861329941391561
5451,0.22982865923896084
5452,0.6097726652046965
5453,0.18079193354736067
5454,0.33355209853748985
5455,0.4639204009220625
5456,0.3242132496350075
5457,0.5468189589037155
5458,0.25914385631122916
5459,0.30813240334273745
5460,0.5708759953159994
5461,0.14669662358430205
5462,0.4985900305078729
5463,0.24197287910476942
5464,0.1325713081224073
5465,0.32554246302466344
5466,0.1892634001593109
5467,0.22435346445144394
5468,0.4866424394571427
5469,0.45891079323723183
5470,0.22504406598697305
5471,0.27746180364957795
5472,0.260624420720404
5473,0.6058159292637517
5474,0.21350240423910277
5475,0.6995565727161408
5476,0.20305073381697772
5477,0.6725076641483423
5478,0.18888294011435583
5479,0.2126020340617516
5480,0.3266377631875444
5481,0.7657219998542639
5482,0.3934462152775092
5483,0.1900011619521952
5484,0.16861055298652775
5485,0.3641887509976654
5486,0.19983734813958565
5487,0.4198659296198269
5488,0.2400419219080162
5489,0.2305339550572402
5490,0.5792508843420352
5491,0.15303406444299536
5492,0.4761083203813606
5493,0.1678334015266525
5494,0.41975376510959006
5495,0.2773549014900126
5496,0.6846409137678793
5497,0.258674540651177
5498,0.45243197049899786
5499,0.21034986797243338
5500,0.177938698703444
5501,0.41216107879699587
5502,0.5249152726214491
5503,0.24447615034245943
5504,0.499618348708426
5505,0.19138485499604269
5506,0.23337414823576896
5507,0.20136782157508176
5508,0.4249407856660906
5509,0.3124871126556564
5510,0.3076945548557237
5511,0.6640697056167916
5512,0.3254980379372981
5513,0.4362209625064195
5514,0.19453279197608267
5515,0.7255555783071211
5516,0.22131251518992692
5517,0.3043138623406362
5518,0.6680466393749543
5519,0.7184210285616798
5520,0.40047301983945094
5521,0.5519525824889085
5522,0.3077336875650331
5523,0.22240039935341524
5524,0.5806835151449409
5525,0.3541701167598576
5526,0.2003967478253958
5527,0.16371721914040185
5528,0.4598435339314007
5529,0.5425303577920403
5530,0.168571345765685
5531,0.26208611709383806
5532,0.3234793274306217
5533,0.6787899053795398
5534,0.15407556760539318
5535,0.39157191831034416
5536,0.5382964223996647
5537,0.1747840754831151
5538,0.21749762846568985
5539,0.22160492689361141
5540,0.5197450476849161
5541,0.1867177592453517
5542,0.19609700702197128
5543,0.7250217439138321
5544,0.644288597872174
5545,0.33933212046380806
5546,0.6167732890856583
5547,0.20498438536730043
5548,0.4351709351727728
5549,0.2766613244031823
5550,0.21857904157885727
5551,0.24441171060411732
5552,0.32401813413181185
5553,0.28592551939545924
5554,0.13163066000745025
5555,0.4052456504503633
5556,0.18212458103011536
5557,0.6028969504480612
5558,0.7909744899451695
5559,0.4336755881799655
5560,0.26038053435782454
5561,0.6114959250321745
5562,0.5531843404584204
5563,0.41680045618136385
5564,0.7205753881895419
5565,0.2627310016147341
5566,0.17387052729085328
5567,0.5374014503356543
5568,0.5469031651577854
5569,0.712630949636048
5570,0.47920727892611625
5571,0.3255490324866673
5572,0.21317687409351713
5573,0.28286045572263646
5574,0.2545227269408727
5575,0.2210383921805839
5576,0.1663379247740811
5577,0.24640630893176457
5578,0.3818013489422464
5579,0.13832252201878162
5580,0.45523557693646494
5581,0.23300778468313663
5582,0.4171285264316858
5583,0.2040080530483284
5584,0.224129596106306
5585,0.528907463795725
5586,0.6898968608886019
5587,0.40171226161515766
5588,0.2777347108315704
5589,0.19931745311376362
5590,0.35516259179291604
5591,0.17245866596611406
5592,0.33199552704555113
5593,0.17801253194230665
5594,0.40820368551127
5595,0.7274998208748131
5596,0.22060061989190216
5597,0.3332904336686315
5598,0.2981459460256621
5599,0.279838651182266
5600,0.408229667802589
5601,0.19430878800525966
5602,0.5893287248326715
5603,0.2550335332210926
5604,0.17236146632658422
5605,0.2974568717323894
5606,0.18946436290921234
5607,0.6952426110645202
5608,0.1966890279145338
5609,0.7560545818695006
5610,0.15956501227358663
5611,0.26702770730185454
5612,0.2457549553442541
5613,0.31800639865493496
5614,0.19296493603032733
5615,0.734010334099719
5616,0.335620385928917
5617,0.7690074589538403
5618,0.15642114536986843
5619,0.45769106785265284
5620,0.20037490713723904
5621,0.25569752515496913
5622,0.7456797703222409
5623,0.34951104757613594
5624,0.3548008081056373
5625,0.3934844601661859
5626,0.4048705239196184
5627,0.6090795574824628
5628,0.16013854939361957
5629,0.2940338906864556
5630,0.39248809052681377
5631,0.22526172897582455
5632,0.7403728404088742
5633,0.45352556026477375
5634,0.6435605256452439
5635,0.3584264136148892
5636,0.19827646870001273
5637,0.3046943816739276
5638,0.29324584041022506
5639,0.43652657831656116
5640,0.2346899115401564
5641,0.18444076942071774
5642,0.46570598967055354
5643,0.1622851983846199
5644,0.35595319774338985
5645,0.2804102367122927
5646,0.17801253194230665
5647,0.2819784031005924
5648,0.5798917392414042
5649,0.16956907168740853
5650,0.27031442179516674
5651,0.7454712045945372
5652,0.32856475058832685
5653,0.3573671899476106
5654,0.4214750806805846
5655,0.2193566859510671
5656,0.19545196492391118
5657,0.1935872220302625
5658,0.17896766422601182
5659,0.24170978238451984
5660,0.5542021870694408
5661,0.36415420324576125
5662,0.202140967814862
5663,0.2989659162773347
5664,0.4163447934549981
5665,0.6450377955727965
5666,0.6094027185120405
5667,0.2021534107020701
5668,0.5550264608426685
5669,0.45471178721806177
5670,0.20999037758091949
5671,0.38110470166273475
5672,0.6293084233989684
5673,0.7852306296665229
5674,0.18472742746591195
5675,0.2385494792857749
5676,0.5372048702119995
5677,0.1951103038166643
5678,0.6959974405605042
5679,0.7487130777030518
5680,0.18860389204627434
5681,0.7185853403329492
5682,0.19328196350294516
5683,0.3712249194680602
5684,0.33005155676350406
5685,0.2770178268416429
5686,0.620906003849176
5687,0.3646525622566479
5688,0.18352293392872948
5689,0.45867506839702715
5690,0.20206137692072296
5691,0.14868763981161282
5692,0.5781265564666745
5693,0.2924281709993403
5694,0.4714734919578783
5695,0.18149628802039475
5696,0.19228047325147096
5697,0.18560796036823154
5698,0.24452905192259314
5699,0.3363569418767309
5700,0.3216782270857553
5701,0.22650375119274122
5702,0.15322613684855188
5703,0.1724103165880046
5704,0.4420316527802753
5705,0.38318129766146736
5706,0.7601575744589435
5707,0.19472394363118894
5708,0.2750004138717309
5709,0.18930024319534133
5710,0.6732603870510564
5711,0.27559255791009335
5712,0.6237574267065188
5713,0.36286430080037635
5714,0.579240400928548
5715,0.631836206191484
5716,0.1903591642421786
5717,0.21762857627684054
5718,0.3740152625230725
5719,0.2646161189518089
5720,0.21964126307996945
5721,0.2677612949465902
5722,0.28212148657680575
5723,0.19800762162286392
5724,0.41844102936817645
5725,0.19203029131666555
5726,0.2325690081243856
5727,0.21548897931609765
5728,0.2482296031643171
5729,0.7085244221673715
5730,0.37643873174055725
5731,0.23846679292820214
5732,0.31318071116079005
5733,0.18993810524380114
5734,0.37627751509221624
5735,0.7176294799384221
5736,0.5379321412996441
5737,0.7811901245734318
5738,0.5074736332953043
5739,0.2672040357165756
5740,0.36244366467896777
5741,0.3667874434474572
5742,0.1867410167170242
5743,0.21732163061835727
5744,0.40850425505707394
5745,0.2150415557820269
5746,0.3459187813868682
5747,0.42081768128261565
5748,0.1260189641962957
5749,0.2924396990935114
5750,0.18774472910205495
5751,0.2894250901500878
5752,0.643266631301748
5753,0.2339207308453003
5754,0.6083743557332054
5755,0.18449030467227273
5756,0.33426784690737177
5757,0.18053216166260913
5758,0.7401714966322892
5759,0.16786476241211146
5760,0.1671166727369848
5761,0.6333162026780091
5762,0.33165918294747987
5763,0.41780544151233245
5764,0.6789031527688497
5765,0.23315931012785931
5766,0.4320909048843517
5767,0.27722576934207394
5768,0.36439138565152634
5769,0.23005405848335367
5770,0.2439988823521198
5771,0.492067248310649
5772,0.6682752012959076
5773,0.2714023894204815
5774,0.17111644652785052
5775,0.16751766629103046
5776,0.35213916090427705
5777,0.5768528804333302
5778,0.47999268020647173
5779,0.3719076109975018
5780,0.24170978238451984
5781,0.27633267931841793
5782,0.23184340697378245
5783,0.21485751873146872
5784,0.20142523120820816
5785,0.7393788670372969
5786,0.5580757076042421
5787,0.5956097898187149
5788,0.34630565139839176
5789,0.3978181861588426
5790,0.1639196970466089
5791,0.6850536127643759
5792,0.531781285362351
5793,0.31294258280001575
5794,0.7585038983780504
5795,0.18105220589596546
5796,0.6131167952388392
5797,0.2788597940544477
5798,0.2048117874369472
5799,0.41012841580870535
5800,0.48461198504289765
5801,0.21642222378974002
5802,0.16577349168209776
5803,0.7750847602817676
5804,0.220295734883214
5805,0.45721102512587597
5806,0.17044556443314146
5807,0.7049527388112121
5808,0.770110160082819
5809,0.2747486087990837
5810,0.6783018303872761
5811,0.18532075703910225
5812,0.28121948081123777
5813,0.2919171786273743
5814,0.2037706208562609
5815,0.296849565480823
5816,0.3725838007336595
5817,0.27867049426168994
5818,0.18118689610432295
5819,0.2348460292053159
5820,0.2949537362409266
5821,0.7384048599177978
5822,0.26266951871557287
5823,0.6778320472234234
5824,0.3513792101564052
5825,0.38385940063252905
5826,0.5175341034352858
5827,0.32835157014498934
5828,0.2716601622026251
5829,0.3517863738229571
5830,0.1880469419552726
5831,0.1965888086286298
5832,0.683733131942501
5833,0.34594971917103806
5834,0.31804558363905383
5835,0.7282764591950072
5836,0.2454519871303869
5837,0.26400734834191875
5838,0.19875296501190648
5839,0.4497864309550874
5840,0.22043502105688725
5841,0.1563299897638316
5842,0.7751742225346868
5843,0.2627760775856573
5844,0.31329135459296725
5845,0.7631448948917118
5846,0.4272720133373112
5847,0.23094168494979112
5848,0.384095524636068
5849,0.1639259431712199
5850,0.7449389893171718
5851,0.25541193688319963
5852,0.26205410829534564
5853,0.32643933643734124
5854,0.3893782578396179
5855,0.6673620129096655
5856,0.3162872912884143
5857,0.36381723041111125
5858,0.2814557362394474
5859,0.6395920421796107
5860,0.18196277277627831
5861,0.2725581613142846
5862,0.6156838866939016
5863,0.2949395961972063
5864,0.3773320908347789
5865,0.41661732901072
5866,0.15201983939998806
5867,0.39613266961842647
5868,0.17656315014856477
5869,0.15982697710862886
5870,0.20530778914746353
5871,0.12649148623910095
5872,0.34456107171727635
5873,0.19404323683000957
5874,0.2891930083363698
5875,0.35178706500998647
5876,0.4328927397007871
5877,0.7185094054771197
5878,0.7680685578337989
5879,0.7719439514986814
5880,0.2582704658841063
5881,0.35920156169879525
5882,0.6718142392861859
5883,0.21483652524897878
5884,0.37638566832232057
5885,0.17710640537511155
5886,0.7033511666023062
5887,0.36579656772923386
5888,0.18956581791798846
5889,0.7665137252259362
5890,0.4207293585477472
5891,0.5080258791177852
5892,0.496342366571666
5893,0.307267219596178
5894,0.2739263739536752
5895,0.1829486502330444
5896,0.214013867882906
5897,0.1624441431512518
5898,0.7597437339867901
5899,0.5846345110092784
5900,0.3354557642384919
5901,0.20879352945549692
5902,0.4341138562317409
5903,0.1556269569192026
5904,0.6566601242307281
5905,0.36994482449823957
5906,0.2670379995935208
5907,0.24509811512700322
5908,0.20466334671120304
5909,0.5863366016116814
5910,0.17084584099651393
5911,0.6859825420474369
5912,0.2544220307507792
5913,0.6547630946236414
5914,0.4051653012042133
5915,0.2792631342901249
5916,0.16112813642181018
5917,0.4482921687324631
5918,0.3290226134858546
5919,0.18825940959459542
5920,0.1672452276997869
5921,0.26150737384816125
5922,0.18936169811217837
5923,0.35342591643520405
5924,0.46029584722541456
5925,0.20964041102749728
5926,0.2020917956100348
5927,0.5338771952878116
5928,0.26601140329444045
5929,0.5940513776153176
5930,0.2405007384677364
5931,0.4852112387873606
5932,0.7024157198099132
5933,0.23688231546174268
5934,0.2982875519064853
5935,0.3532778801446728
5936,0.41787724711589375
5937,0.37744745290806764
5938,0.6324293013218923
5939,0.2172755687278417
5940,0.5179541222634626
5941,0.21355681310794958
5942,0.47095742352499026
5943,0.7285264852067196
5944,0.2491143465982789
5945,0.6505371495676395
5946,0.26890577683126743
5947,0.5408957711004156
5948,0.23500516049726042
5949,0.301870511599946
5950,0.4469980661945642
5951,0.2051402090758233
5952,0.3192218830645919
5953,0.40143280135669024
5954,0.22070068481266206
5955,0.2475571931819475
5956,0.7216915758804424
5957,0.24156954333504063
5958,0.19747656533804023
5959,0.21389226275805243
5960,0.7444449929930973
5961,0.6773109391242306
5962,0.7096494035624613
5963,0.3711050059542837
5964,0.3129222123471109
5965,0.18999719485187533
5966,0.25423556310611073
5967,0.3573662147444429
5968,0.5397333948008547
5969,0.5736996443363227
5970,0.2681281462214254
5971,0.46476262872408886
5972,0.5654996709088684
5973,0.2295640302318847
5974,0.7560025338608252
5975,0.2301449555007892
5976,0.18440403642763428
5977,0.4573807277937847
5978,0.15478544074639597
5979,0.45470020517834886
5980,0.13490094730907207
5981,0.39429431880116816
5982,0.4218011102838997
5983,0.6828727458116528
5984,0.18184007884866865
5985,0.3250170639673469
5986,0.2010452922064167
5987,0.18774472910205495
5988,0.2959449052698972
5989,0.42769946079571164
5990,0.29399434597910873
5991,0.23900776888909697
5992,0.41612222591719017
5993,0.4724276925235918
5994,0.7534147294201681
5995,0.17043987388321422
5996,0.2951644638134012
5997,0.2874866064696293
5998,0.16343112974061433
5999,0.23728971468708002
6000,0.18947548093896588
6001,0.6909064593338826
6002,0.18301371368724448
6003,0.2287376268615257
6004,0.5345210978990756
6005,0.17667445977371943
6006,0.3292637834390784
6007,0.3243046136478376
6008,0.26406467778072906
6009,0.44538238944361574
6010,0.37006438276334175
6011,0.5339755412571286
6012,0.17288691158025435
6013,0.18951562598462007
6014,0.1917360550496299
6015,0.3009457980806368
6016,0.27332160633454256
6017,0.1816775855949669
6018,0.6008434079574013
6019,0.24473442697255574
6020,0.1401566916582671
6021,0.7197651125702307
6022,0.6849446593044418
6023,0.27742073021275665
6024,0.2870622136596303
6025,0.4011362856287173
6026,0.4311341832149605
6027,0.1702327307689096
6028,0.39708062112064757
6029,0.7171222417855142
6030,0.40614068716263674
6031,0.19269444558539395
6032,0.24803296256898424
6033,0.36425384481846196
6034,0.3487687228244824
6035,0.1906255759241054
6036,0.6305548496472556
6037,0.27074671568444353
6038,0.5090529888859437
6039,0.23479496422552912
6040,0.3093969669245972
6041,0.42858393269000855
6042,0.3363593341131408
6043,0.21063610666756405
6044,0.19269222647321213
6045,0.29018320308368967
6046,0.21367910126725148
6047,0.6507280728847452
6048,0.6214419434432938
6049,0.6815107322344249
6050,0.4372918276490922
6051,0.3284531293074948
6052,0.3639214826060672
6053,0.31313209282598653
6054,0.3468387422337486
6055,0.20324950523034288
6056,0.16542872757044663
6057,0.3442349541187959
6058,0.19617764487622988
6059,0.548013257636196
6060,0.6965143288998245
6061,0.3171844715090808
6062,0.4627731532225876
6063,0.335435827492766
6064,0.4534951775945555
6065,0.5063314056823157
6066,0.3788720696673591
6067,0.175676066712734
6068,0.29618578913853205
6069,0.7835056204692106
6070,0.2118527431222741
6071,0.1859458436537843
6072,0.43301373012763494
6073,0.20476359023206842
6074,0.3256366202317309
6075,0.699942976068726
6076,0.15830297873422347
6077,0.7832053293212966
6078,0.27420270650041934
6079,0.22396456484848412
6080,0.2029063835435498
6081,0.17870412559813384
6082,0.18236800965272873
6083,0.7309242434306004
6084,0.20195290055428033
6085,0.3444796836349503
6086,0.7589329502292416
6087,0.3346277962795019
6088,0.29616282373883246
6089,0.2943104815414479
6090,0.2911887946806363
6091,0.19137068349155417
6092,0.279582144801791
6093,0.28206707275406345
6094,0.24620606282890073
6095,0.25780005977423515
6096,0.22553991145947744
6097,0.43226393732112134
6098,0.46862975577674376
6099,0.5170855536756468
6100,0.17267676274298813
6101,0.31580783864246237
6102,0.5226378372545581
6103,0.2034850120949881
6104,0.6951011107157701
6105,0.6601010851786638
6106,0.327575705564349
6107,0.1493647186571156
6108,0.33944132164260077
6109,0.3296667834471312
6110,0.4924993413880389
6111,0.5516387364583833
6112,0.31988989147124186
6113,0.1677532971828241
6114,0.6743653518299715
6115,0.18234912071004297
6116,0.4462980344065857
6117,0.189439593655166
6118,0.16359825434801012
6119,0.6146361242136105
6120,0.1936439384713686
6121,0.1921481193445326
6122,0.7266941360043758
6123,0.20026238863147044
6124,0.31782320012337145
6125,0.5997492177920111
6126,0.39089448191522974
6127,0.3329430573907967
6128,0.17731712668481905
6129,0.7789569987807548
6130,0.18371528132237638
6131,0.2553474265481308
6132,0.20764052250717782
6133,0.5146925306844286
6134,0.2037714161486998
6135,0.4962980213215973
6136,0.30872738916712716
6137,0.19271212907106436
6138,0.2291780045133482
6139,0.4680989645728112
6140,0.24369186842691576
6141,0.1558275103906614
6142,0.2886403510613899
6143,0.1555536261895274
6144,0.250361472469366
6145,0.2564454126509912
6146,0.17199370662721253
6147,0.557280058593843
6148,0.745157097820928
6149,0.2347821061815708
6150,0.5824333323410802
6151,0.17459305652742368
6152,0.22241633827083845
6153,0.7449318716374053
6154,0.5118863869413238
6155,0.1883758063637287
6156,0.4445555569660813
6157,0.18846433287939643
6158,0.24315057588013367
6159,0.7075936041045741
6160,0.6309875930580446
6161,0.4107641211970889
6162,0.24115181115661874
6163,0.22000410428152023
6164,0.6526165181179503
6165,0.33642636735302783
6166,0.227684444291345
6167,0.2964903536679613
6168,0.18125352903055786
6169,0.6842417299981143
6170,0.2143033797896984
6171,0.4551308805121002
6172,0.192241664444939
6173,0.21336356282054642
6174,0.5357281353383617
6175,0.5809275854970934
6176,0.6103283429827622
6177,0.31379621666753327
6178,0.40531705117487066
6179,0.24150035427390562
6180,0.7154617584944688
6181,0.5647721926480879
6182,0.18379399133114677
6183,0.23622873186188384
6184,0.3650920918998882
6185,0.23859357894060448
6186,0.6944967791069253
6187,0.44526463157357626
6188,0.28305888197903517
6189,0.24781235598274126
6190,0.761208759893841
6191,0.718404166908395
6192,0.2208792266301576
6193,0.19635277067482568
6194,0.19993676286831752
6195,0.5788737811770469
6196,0.19051146580210745
6197,0.1962089634593967
6198,0.3066666929323551
6199,0.21547066516274185
6200,0.5769054391967002
6201,0.22223615623317147
6202,0.4244721698426871
6203,0.2548976357322551
6204,0.36865397949502055
6205,0.21529808420630794
6206,0.36721878916466244
6207,0.2746355431217151
6208,0.7464568457838489
6209,0.4741400030259292
6210,0.7297987606015671
6211,0.7117877535033975
6212,0.1962319161525459
6213,0.1948025192758026
6214,0.19581810400902697
6215,0.7755029444262532
6216,0.3297104417247389
6217,0.6410958194036224
6218,0.6297963099572739
6219,0.42506514111828264
6220,0.19890100076694922
6221,0.44221606020098453
6222,0.22940519799178563
6223,0.2876957634895913
6224,0.1953972677412662
6225,0.3670808277673735
6226,0.4461802901160687
6227,0.3612423784680536
6228,0.7695116157009917
6229,0.4472950209628211
6230,0.1944695373094757
6231,0.34779654561889334
6232,0.5763715896660601
6233,0.27337091540551306
6234,0.24359757024032433
6235,0.2437365036625544
6236,0.23147288856881276
6237,0.3523221590805728
6238,0.19451315835572144
6239,0.30185112300680744
6240,0.21012743435163356
6241,0.6228830210795573
6242,0.16703566235022746
6243,0.2643907907980954
6244,0.6089489325350854
6245,0.3883418801549086
6246,0.19627565207134673
6247,0.4357183673509535
6248,0.15806137885855714
6249,0.23296226339431672
6250,0.329803300421297
6251,0.18639744396244823
6252,0.7422316911441655
6253,0.3818484689081072
6254,0.3894636247389717
6255,0.17882504656846704
6256,0.16952076742648736
6257,0.5194478679210895
6258,0.36912941341897076
6259,0.4709819048495633
6260,0.18240643335803525
6261,0.31951972906302484
6262,0.5788900884400722
6263,0.6699246503601718
6264,0.6368726225779424
6265,0.2277695049644618
6266,0.6073139550579904
6267,0.4089774335484624
6268,0.3971003939838751
6269,0.23026631546339035
6270,0.23259212243753202
6271,0.1528171983956566
6272,0.16025574942057141
6273,0.4981939517627179
6274,0.2625435647848304
6275,0.3436935084448882
6276,0.22907069678812947
6277,0.23589781186827233
6278,0.32841353781266164
6279,0.4453891053535539
6280,0.25567608552992693
6281,0.2435504559984213
6282,0.6373557316825393
6283,0.30852251121890745
6284,0.13010427955874554
6285,0.5929375551590046
6286,0.38048737987466325
6287,0.21600900445068616
6288,0.5042804698875573
6289,0.7439859132787023
6290,0.6830246825525461
6291,0.784688839752904
6292,0.1908671139746849
6293,0.21940704018111595
6294,0.4095488162376666
6295,0.160410830703443
6296,0.1749713110584969
6297,0.186168232139992
6298,0.4979128409271206
6299,0.7524623027798805
6300,0.341674801518828
6301,0.6518327284367427
6302,0.21904973098421054
6303,0.2888335412848305
6304,0.24654350392146804
6305,0.39551651637820984
6306,0.17283232184441266
6307,0.18993810524380114
6308,0.4446254940462261
6309,0.19109278551845663
6310,0.3292525373924562
6311,0.21892410385803038
6312,0.7581636715560841
6313,0.18087261983089492
6314,0.24229033949035497
6315,0.19702883088791356
6316,0.19641529298762034
6317,0.2159555306198492
6318,0.6578879585363412
6319,0.5092119805805718
6320,0.5767490816645161
6321,0.42794120224031923
6322,0.4322392835173144
6323,0.39179383584914473
6324,0.6198341565437351
6325,0.7785463538135441
6326,0.7722847546754695
6327,0.24202163375293798
6328,0.6202864641533358
6329,0.2648909043368901
6330,0.2073871770970598
6331,0.20490314003697038
6332,0.5430458931407108
6333,0.380070740664748
6334,0.6606644467301768
6335,0.6795643822449836
6336,0.21647645168455834
6337,0.285327389321596
6338,0.3506769602674386
6339,0.41560633281331627
6340,0.20895434259291554
6341,0.5279213736324561
6342,0.501422784344626
6343,0.5575291584559414
6344,0.34144799008308513
6345,0.3287182913356977
6346,0.30393451379710124
6347,0.5331750825738428
6348,0.2772560651861045
6349,0.2980581103923585
6350,0.3440829251506552
6351,0.6642912298173265
6352,0.656108402968795
6353,0.34118133727523936
6354,0.7417099485126062
6355,0.21674481851468586
6356,0.316125945382852
6357,0.6831789484733889
6358,0.25185247765509355
6359,0.4440087402621746
6360,0.6920335567628528
6361,0.24530811475047679
6362,0.22702792321869386
6363,0.25614251039391456
6364,0.1684753549039524
6365,0.164246033301951
6366,0.5576274100993456
6367,0.45063963927050543
6368,0.18700263163984782
6369,0.6738271559354981
6370,0.7129912748901891
6371,0.1661889925103093
6372,0.18991699679784463
6373,0.6457984051131739
6374,0.5318847620286866
6375,0.1972667603717751
6376,0.5737887499018057
6377,0.18576658734722915
6378,0.30472225642794293
6379,0.22241792658601853
6380,0.18981388430811783
6381,0.5940360373720702
6382,0.293080563090643
6383,0.21618936760542834
6384,0.20850219774885242
6385,0.37428885102752024
6386,0.24075817874812874
6387,0.38475121768531084
6388,0.3353170752593109
6389,0.19867288350312795
6390,0.14765556875914512
6391,0.7992149183549364
6392,0.35847390548860164
6393,0.46283332936255306
6394,0.3734745924813393
6395,0.675280223304384
6396,0.29020875174280786
6397,0.8054649266614636
6398,0.17100629709633117
6399,0.37430295418663545
6400,0.3142184863905771
6401,0.17212700786867852
6402,0.7735912410535374
6403,0.6801946298266799
6404,0.21523492430166888
6405,0.19337035693918367
6406,0.4160128543202724
6407,0.1585853847053735
6408,0.2038684422716012
6409,0.21786926477799487
6410,0.18529981706983528
6411,0.4272720133373112
6412,0.34254584989587517
6413,0.7116965539545114
6414,0.256606973899537
6415,0.20593166610761143
6416,0.16998509344851503
6417,0.20684088765707234
6418,0.26548899793640746
6419,0.8053700410543484
6420,0.23733039919406076
6421,0.33308719118060204
6422,0.2438333760804314
6423,0.2188405738683398
6424,0.176578474251016
6425,0.1466899890481574
6426,0.18056671987485148
6427,0.3008527946334783
6428,0.2978024230740405
6429,0.28221351229024566
6430,0.7097096211552542
6431,0.6420250598624987
6432,0.7253193359415642
6433,0.46778070449200376
6434,0.18931880421937278
6435,0.5346990389338022
6436,0.24385168981023447
6437,0.24895333127309605
6438,0.18011305087318388
6439,0.27824688287748095
6440,0.1868310738462115
6441,0.21719671685593378
6442,0.7578569150037859
6443,0.4567237064233999
6444,0.1715699945407222
6445,0.18074798044220244
6446,0.5556887549461527
6447,0.22241633827083845
6448,0.376067089019888
6449,0.36620692915911895
6450,0.2777473309696239
6451,0.3102282355329936
6452,0.2693937738040084
6453,0.6130380682579889
6454,0.7531737822278964
6455,0.21766846479970692
6456,0.2385209966933261
6457,0.36570303958906897
6458,0.15789960452744636
6459,0.3983065811235437
6460,0.20402534519537507
6461,0.30327557728221033
6462,0.7163297784623367
6463,0.7325560769692806
6464,0.6191327287501772
6465,0.5268518778907192
6466,0.6064876125339489
6467,0.2876059263429518
6468,0.4339421131423188
6469,0.17332206136985748
6470,0.20892166316320263
6471,0.4261471036861583
6472,0.2104769031673057
6473,0.2050395689714478
6474,0.21477116045546157
6475,0.35706078847139217
6476,0.27540755572841985
6477,0.2887305044128929
6478,0.46263013863200664
6479,0.32175906156309547
6480,0.23146573420371755
6481,0.3142864125905824
6482,0.1818938288514316
6483,0.1883876989884468
6484,0.23172690086217215
6485,0.22405334806183186
6486,0.6609165151435069
6487,0.5305338001687733
6488,0.1845984759917877
6489,0.6966983091505015
6490,0.7165038188322624
6491,0.3131176196737685
6492,0.39230386472572426
6493,0.3310549524694293
6494,0.7775365888299446
6495,0.19301995542309605
6496,0.4654702545439686
6497,0.26161961359917885
6498,0.21255956858911357
6499,0.29533105637125656
6500,0.7826068717836341
6501,0.4191965784657163
6502,0.26301069335504274
6503,0.4253649883423195
6504,0.3219284410265482
6505,0.33139486146815866
6506,0.17455423027204975
6507,0.18714422877692252
6508,0.2443303924665098
6509,0.23708720157563348
6510,0.22014855755572
6511,0.19847973339100422
6512,0.34673078481564407
6513,0.14397865200120122
6514,0.5835800828489891
6515,0.32577409965544835
6516,0.2905946342218548
6517,0.28285253571554486
6518,0.22642328534392453
6519,0.19291927418529348
6520,0.37822475747509565
6521,0.6215165481730625
6522,0.28893159455359363
6523,0.24522299770416642
6524,0.49125395158501883
6525,0.40920282644711264
6526,0.24162566035894328
6527,0.3265617399100725
6528,0.41304808058945003
6529,0.2249527731781805
6530,0.677829836298914
6531,0.18484939893879368
6532,0.6679612874210993
6533,0.14992273154050223
6534,0.5945711075287292
6535,0.2473901068641525
6536,0.24398804710927421
6537,0.5645825451380871
6538,0.1886725299634655
6539,0.21710139308087287
6540,0.5158410690561014
6541,0.43648260578940024
6542,0.7286967255085908
6543,0.6138433532351412
6544,0.28773911082053416
6545,0.2966384084247226
6546,0.36453426356349894
6547,0.4774575239848652
6548,0.16059814590111535
6549,0.152613570643769
6550,0.40222417857626325
6551,0.5875076188782752
6552,0.22263960136582497
6553,0.39993239495213745
6554,0.719415780161906
6555,0.3258251107926701
6556,0.26680395364688547
6557,0.6057288196708754
6558,0.3947265646201046
6559,0.18639271365138824
6560,0.189050269331364
6561,0.5234969206239765
6562,0.2566083554196948
6563,0.3215281260331556
6564,0.19001196100900505
6565,0.2006102815198017
6566,0.6682444397901395
6567,0.24272647928199592
6568,0.4735329763890635
6569,0.23449369767277992
6570,0.2028306496786233
6571,0.26218303894631534
6572,0.7102169556735685
6573,0.15647827474874057
6574,0.6008913806683611
6575,0.3760075675101168
6576,0.5306571725298824
6577,0.49999398391511063
6578,0.6980458137351345
6579,0.3712680054877357
6580,0.6425416677521437
6581,0.32302095897612737
6582,0.17552892606158535
6583,0.2629190615656595
6584,0.27746748771243346
6585,0.32672682026808575
6586,0.15262541445289227
6587,0.25190850406770443
6588,0.15852850640339908
6589,0.2801085446196031
6590,0.3044556657382676
6591,0.3406212536209819
6592,0.5377660798967658
6593,0.2805006016925858
6594,0.28710482926532943
6595,0.17256703698560774
6596,0.19423683273264086
6597,0.4340994896541628
6598,0.19841259838646536
6599,0.30034019502723186
6600,0.17930124480780302
6601,0.21190035502344282
6602,0.37752888658248945
6603,0.5491855300993749
6604,0.19893782362507048
6605,0.2384190973075358
6606,0.3191699309947703
6607,0.15491658582641224
6608,0.32463324926788145
6609,0.1367611497696295
6610,0.33110093858980866
6611,0.2833259426918605
6612,0.2651283035908722
6613,0.25707838373002173
6614,0.4758643906402461
6615,0.21968590727334672
6616,0.5028217711001521
6617,0.7661801835006784
6618,0.45791647131975827
6619,0.35029390540261995
6620,0.24602467219636984
6621,0.6258216958976786
6622,0.5583684905319234
6623,0.26869197810495593
6624,0.4312276654241775
6625,0.7876698881637082
6626,0.5220775085010932
6627,0.21014064804414176
6628,0.21872747638822168
6629,0.1414040202849715
6630,0.5828046980360213
6631,0.1944374815125681
6632,0.7505173882979478
6633,0.5542280719688369
6634,0.31314273661451203
6635,0.3256366202317309
6636,0.42289136560788
6637,0.2515839588257508
6638,0.23205575127975506
6639,0.6306887757826783
6640,0.19929818387647572
6641,0.2609632057137824
6642,0.5550193645335045
6643,0.6726344214174994
6644,0.513601935041629
6645,0.3949726510573471
6646,0.34176533284735783
6647,0.18617001661708973
6648,0.27553417870714325
6649,0.2640741954417719
6650,0.2585154967270603
6651,0.1646806888784907
6652,0.20137262918787294
6653,0.4611171123814438
6654,0.33295356095924505
6655,0.4186851000762465
6656,0.47569578159217035
6657,0.6541518969470604
6658,0.5457265203843384
6659,0.35232158762342014
6660,0.5490535898090138
6661,0.6946666548143119
6662,0.21950098631853063
6663,0.17819469808447225
6664,0.41980754579709273
6665,0.24665514359974075
6666,0.18843532581446293
6667,0.43115906882058797
6668,0.24255925154699182
6669,0.31716678489617467
6670,0.18623288450598147
6671,0.20510150408088465
6672,0.5565685881246225
6673,0.2731077860802618
6674,0.1784793592216055
6675,0.6195022207252578
6676,0.26411550575476744
6677,0.2686428406743652
6678,0.3833691523980181
6679,0.21850832504463097
6680,0.22607582886907318
6681,0.3459187813868682
6682,0.6918191908206514
6683,0.7262021179367908
6684,0.4198243683131674
6685,0.44199593423622696
6686,0.3648034417402075
6687,0.2750004138717309
6688,0.23616786627814662
6689,0.1605590281758805
6690,0.16573545081718163
6691,0.2700044398929387
6692,0.16683960995581196
6693,0.2686180127059958
6694,0.7199879822599247
6695,0.741265265376552
6696,0.22396495202945596
6697,0.7412421135438978
6698,0.16770557190684737
6699,0.3935089778522369
6700,0.27915088373605607
6701,0.21841581596053317
6702,0.5934605134582924
6703,0.2927329802456152
6704,0.22872101712978357
6705,0.25694091947318526
6706,0.18391238252703104
6707,0.26487191803670423
6708,0.21550261133312446
6709,0.4654564553921064
6710,0.34823363059884044
6711,0.6169633073724986
6712,0.289062738991135
6713,0.6768998352242731
6714,0.25121438171106797
6715,0.2956793897973432
6716,0.3066121418410701
6717,0.2700672529878047
6718,0.1668910504821191
6719,0.17989274246615883
6720,0.5984260131387812
6721,0.5362416703410254
6722,0.7552160765627846
6723,0.7202045532029816
6724,0.31456253846720905
6725,0.416923125936157
6726,0.2390782185124939
6727,0.7096372284550059
6728,0.7596754305432232
6729,0.26888459346495314
6730,0.7553949563516288
6731,0.6336852766068403
6732,0.20680313620276394
6733,0.26187793955469013
6734,0.20224183028774434
6735,0.3334202684406055
6736,0.15437430269782207
6737,0.6871863687376616
6738,0.4360879654230856
6739,0.15962839596619366
6740,0.28088967357970834
6741,0.16564656353359616
6742,0.37021433999857883
6743,0.35634295031755675
6744,0.1820049290704305
6745,0.35162102898914904
6746,0.15330226879576767
6747,0.2231573268232708
6748,0.7672423647870944
6749,0.45108308233590566
6750,0.24813435784494375
6751,0.7341984690615466
6752,0.6414208004149299
6753,0.32158504058306825
6754,0.1878982355401217
6755,0.20872929377504867
6756,0.1899746319742165
6757,0.6056445320612546
6758,0.1682240625315235
6759,0.3188851072103428
6760,0.2059085044601661
6761,0.2415657576494561
6762,0.22482113957246508
6763,0.26991499979853717
6764,0.2690780125176747
6765,0.6503970522251562
6766,0.34565246799098864
6767,0.4595866453912507
6768,0.13740007603652585
6769,0.3418823678838977
6770,0.5485185433428934
6771,0.28758953650445696
6772,0.18831379161734718
6773,0.3353733852365611
6774,0.34206050990633713
6775,0.22755505215307517
6776,0.2612842511780805
6777,0.24366860539133167
6778,0.29911186121967015
6779,0.22452788251830502
6780,0.6466142586764198
6781,0.23545338437559132
6782,0.17075355359801486
6783,0.1828387509093602
6784,0.5892849142696686
6785,0.39643439078049497
6786,0.2880828267679441
6787,0.7345081001586995
6788,0.46199569187892753
6789,0.25010949798162946
6790,0.24210647979322597
6791,0.17933274601027496
6792,0.2212778035858169
6793,0.6364913646556017
6794,0.7561541178162559
6795,0.2489258661343821
6796,0.3053123339564663
6797,0.3863576118835848
6798,0.16711846274893186
6799,0.19574307943916172
6800,0.3945857454561527
6801,0.18114595389888238
6802,0.23651793040098348
6803,0.23249354700991245
6804,0.17655834038213936
6805,0.7623231900303701
6806,0.31407982983055993
6807,0.24508254341884192
6808,0.24293184957248745
6809,0.2197390494969858
6810,0.19729531183799723
6811,0.4160004954226667
6812,0.17405397270176842
6813,0.3986239033000883
6814,0.5502332302125342
6815,0.1881394590589026
6816,0.1851775688687218
6817,0.3107979754323397
6818,0.6806879862675164
6819,0.7448995545181615
6820,0.388375458596845
6821,0.225829954260508
6822,0.6218572490976216
6823,0.14970561200998134
6824,0.711995168783468
6825,0.6830933852565306
6826,0.217291908242101
6827,0.2078970133565946
6828,0.2575815823469151
6829,0.1999974366578222
6830,0.3268349199355025
6831,0.4844272117818834
6832,0.38647654800684267
6833,0.7371683836719732
6834,0.2121728719562783
6835,0.2971556439548794
6836,0.32341663165919343
6837,0.7033107619452339
6838,0.7519312758410397
6839,0.26623072189129005
6840,0.6422424157988077
6841,0.6216691965235005
6842,0.23815449279318224
6843,0.16762086758466507
6844,0.3272799853738696
6845,0.6287585583830173
6846,0.6169700460696131
6847,0.3234932833231001
6848,0.7206807021321974
6849,0.16982471151183925
6850,0.6441903346866715
6851,0.2631826112920082
6852,0.45146199578750806
6853,0.16000840536600225
6854,0.4012325186533853
6855,0.7058758696556494
6856,0.20323061189372804
6857,0.209556837017347
6858,0.3816830744953283
6859,0.35889471841150267
6860,0.2696479196983265
6861,0.3873974232797214
6862,0.3599546202341768
6863,0.3677445377807242
6864,0.1946095581651217
6865,0.3273510906159211
6866,0.15817100093691536
6867,0.7407907369128643
6868,0.393464833623906
6869,0.19453279197608267
6870,0.24458468731940927
6871,0.35081528777751597
6872,0.22921904683020825
6873,0.22467123163124886
6874,0.17341453070098298
6875,0.6567217639308631
6876,0.22872577107189684
6877,0.2171543476250709
6878,0.49832037231646326
6879,0.2226142794451155
6880,0.35370495321585205
6881,0.1784345270927279
6882,0.45712778505746426
6883,0.15256344420006354
6884,0.3439654245180045
6885,0.31623881410935356
6886,0.40481135912527577
6887,0.5070952815453735
6888,0.190233258950764
6889,0.16424477288468747
6890,0.2524567854478296
6891,0.5791520104948048
6892,0.4173911346005702
6893,0.5585328598107653
6894,0.19712262452837925
6895,0.19302417988678644
6896,0.40190586662551897
6897,0.24039063730048804
6898,0.6208145712877494
6899,0.7154723007679352
6900,0.20877023126356792
6901,0.2600314379802676
6902,0.25948246181151885
6903,0.3048218817919543
6904,0.20293648624992472
6905,0.2270185380966917
6906,0.6937255732777143
6907,0.20742950169670465
6908,0.3936369127897071
6909,0.1938564606774314
6910,0.5100816867454381
6911,0.16024830234351198
6912,0.6218021803564798
6913,0.21103782020668324
6914,0.21044824875325996
6915,0.31932505184216026
6916,0.4234810665424153
6917,0.7293919744932148
6918,0.2045803744671509
6919,0.28106428311669723
6920,0.15178342569047912
6921,0.3945610921367308
6922,0.7259306213480506
6923,0.15331071306275704
6924,0.39404810424836617
6925,0.6663007254773662
6926,0.6483309408148261
6927,0.2727337670926888
6928,0.15287675060781356
6929,0.17433683032910954
6930,0.3846743500051878
6931,0.3617281867322827
6932,0.7077321300360951
6933,0.7360868411959117
6934,0.30688801592660764
6935,0.16016436632911332
6936,0.5119932663202496
6937,0.22832827931382357
6938,0.2552051297354685
6939,0.24412841727539164
6940,0.7852003448902946
6941,0.4691826728964939
6942,0.18984864130015294
6943,0.19561293134588745
6944,0.23063325489709197
6945,0.44674367553211763
6946,0.6457129828083925
6947,0.256700916784742
6948,0.6932490808235571
6949,0.2667874478608011
6950,0.6620906024090314
6951,0.2814144673293412
6952,0.2837702076017357
6953,0.5929622550339688
6954,0.24365774381717734
6955,0.44806540212732443
6956,0.3570750759322872
6957,0.23550537977991692
6958,0.2226142794451155
6959,0.6385342170809257
6960,0.3096789150506991
6961,0.15993306023389614
6962,0.4279268441088152
6963,0.14949369618972713
6964,0.2322555586464887
6965,0.22670064308667745
6966,0.1974233362972498
6967,0.1702076676845928
6968,0.7438188060319018
6969,0.2208124900431831
6970,0.33259566988669487
6971,0.7014282544956141
6972,0.3483757905912417
6973,0.2885846409665267
6974,0.5376151854138171
6975,0.7142953685606659
6976,0.2354457628769864
6977,0.2099834942902207
6978,0.1949000840832668
6979,0.25397589789280334
6980,0.3717607880216449
6981,0.40278446565631104
6982,0.2927561705489622
6983,0.13735610091477868
6984,0.6787325366571947
6985,0.2717711084055848
6986,0.37715989533600186
6987,0.22252958774977208
6988,0.21681420640572385
6989,0.252675718429901
6990,0.2871204757974231
6991,0.274822879692215
6992,0.4010811538273677
6993,0.2739013969955505
6994,0.22306397778031156
6995,0.16653085700050296
6996,0.1898183262594436
6997,0.17848977875288466
6998,0.2024887263004163
6999,0.26605753200523546
7000,0.32678127984864663
7001,0.22213532442886386
7002,0.7497049940128465
7003,0.19755380668994385
7004,0.2145023255625901
7005,0.25490788789240926
7006,0.2983358417373214
7007,0.22940519799178563
7008,0.2091823694567689
7009,0.4849954932485892
7010,0.3611444047467141
7011,0.3486879822197213
7012,0.4361202668795202
7013,0.20420116351586026
7014,0.30013108916412273
7015,0.38860369994384164
7016,0.23348927628220453
7017,0.13766498349406062
7018,0.23695803855451228
7019,0.20456120247687035
7020,0.25471933024380333
7021,0.6916616994648616
7022,0.49082968217643297
7023,0.5828803323329421
7024,0.178659652725957
7025,0.47689099995346795
7026,0.21902346000332398
7027,0.16252008991202782
7028,0.6798369724597436
7029,0.34259166325212537
7030,0.2923560186564212
7031,0.2515489788937853
7032,0.1909598401810529
7033,0.19043898288479563
7034,0.24941350386568645
7035,0.3123521335785431
7036,0.7539973827554796
7037,0.28524943917704804
7038,0.1959892060438685
7039,0.7018020817483841
7040,0.38679942223655556
7041,0.24682375225156963
7042,0.18791460616891587
7043,0.7423562433294737
7044,0.16434681785409957
7045,0.5586885200335372
7046,0.5478717112100313
7047,0.2671865732783002
7048,0.35524011071277994
7049,0.6816740500969408
7050,0.6489681947968395
7051,0.27255470479238103
7052,0.6298623953740428
7053,0.3265343160299855
7054,0.38012765999715215
7055,0.20613539521162141
7056,0.182096059103747
7057,0.20356520492701685
7058,0.3102094197113105
7059,0.741206077996177
7060,0.27824688287748095
7061,0.710844503305672
7062,0.31019519967325215
7063,0.19338494916946097
7064,0.2604084341936972
7065,0.5695928678218968
7066,0.40750378674650495
7067,0.3346369694136198
7068,0.6171709850204447
7069,0.23373572720915264
7070,0.40698852823483816
7071,0.3175294217127964
7072,0.39569017165930315
7073,0.31760590707967
7074,0.2810285867968404
7075,0.21657054305482767
7076,0.31005485143732064
7077,0.4205423594187884
7078,0.2672686610545898
7079,0.34223493117665876
7080,0.7075282097956035
7081,0.6003357885177175
7082,0.14071233596061508
7083,0.3906665616951494
7084,0.5035442678584559
7085,0.33448713718049655
7086,0.290592753710373
7087,0.2868949807484551
7088,0.4379825658058259
7089,0.32103190808612636
7090,0.659333172783555
7091,0.7530975542115944
7092,0.5194594739689217
7093,0.7370177048664968
7094,0.48117816596773766
7095,0.16564125226274945
7096,0.23258144366669045
7097,0.31063326548921694
7098,0.20343223474387004
7099,0.21327154409725552
7100,0.7617289834208278
7101,0.2825112644442534
7102,0.3915866061251465
7103,0.41510044733950985
7104,0.3241718484509323
7105,0.42696948980429433
7106,0.24714850483844508
7107,0.4204341706064205
7108,0.29501606757231663
7109,0.7041061843454358
7110,0.2509010778991681
7111,0.2760436848176763
7112,0.6089711760694151
7113,0.2957056038726834
7114,0.29023592627886063
7115,0.23583771641646334
7116,0.3802910137468025
7117,0.2590731140859539
7118,0.6712575367498499
7119,0.1818205446957246
7120,0.2536976146848186
7121,0.2000897257203798
7122,0.5986552714853701
7123,0.7490382936583978
7124,0.7581189591129063
7125,0.2900338072040814
7126,0.36255548200254134
7127,0.3124242065668054
7128,0.1543830575107117
7129,0.1695506815621182
7130,0.16762711172055592
7131,0.3573996555120662
7132,0.7552713520206066
7133,0.7499853766197647
7134,0.6873303371032476
7135,0.1416268969739324
7136,0.24031929211691833
7137,0.6856691705004889
7138,0.38378341841190994
7139,0.4092912389829474
7140,0.27107481211528983
7141,0.8014970871487744
7142,0.39453409335349976
7143,0.2543566768433014
7144,0.15838743880788772
7145,0.25870571414669086
7146,0.37046968254279883
7147,0.7119292954655827
7148,0.600589455374759
7149,0.740402381340262
7150,0.7063588139567317
7151,0.34352060785889066
7152,0.1468608132290987
7153,0.3887383712456559
7154,0.2677675253148503
7155,0.15323641599797605
7156,0.16892279312267322
7157,0.15748399636602725
7158,0.24446752796915447
7159,0.1542348648912962
7160,0.2719584144951774
7161,0.7679600303163914
7162,0.2130720681638088
7163,0.1943767320586095
7164,0.3028845560990397
7165,0.13952520587302947
7166,0.7949693132910081
7167,0.19790491825968684
7168,0.27015972767767704
7169,0.22617124423483975
7170,0.7319227715345596
7171,0.18276266433513802
7172,0.2472418841110527
7173,0.3886668191502558
7174,0.6351397189922356
7175,0.27933307982435024
7176,0.3184387726875519
7177,0.3325623569285457
7178,0.25581895272219535
7179,0.19048308216270363
7180,0.3808721788322389
7181,0.5072124374802137
7182,0.45073016285981093
7183,0.16545713043573163
7184,0.753641789581427
7185,0.6236569686581093
7186,0.3060100676030287
7187,0.15779302765457873
7188,0.28924705618062496
7189,0.609518017098586
7190,0.4726981635904336
7191,0.7469907878360302
7192,0.7477163071962739
7193,0.2881295304027522
7194,0.1699426400081478
7195,0.15964666229268862
7196,0.5460752976360634
7197,0.7234285214668111
7198,0.18460169399816528
7199,0.6142346982148199
7200,0.2199790200759092
7201,0.3060100676030287
7202,0.3825175551126401
7203,0.5002724853104884
7204,0.6633823116790104
7205,0.218644837489086
7206,0.3282074258567823
7207,0.43003823466455166
7208,0.2407615520320331
7209,0.19807166156058717
7210,0.14687333606162306
7211,0.27326912387057045
7212,0.6666213563409933
7213,0.47929930114277086
7214,0.1955050716323971
7215,0.1721185017197928
7216,0.30640806799621667
7217,0.7298649586081003
7218,0.16934778445460835
7219,0.4641221909588369
7220,0.30419675401824225
7221,0.17756383360118683
7222,0.6149590342495641
7223,0.20464167424358853
7224,0.25724839512219316
7225,0.1788526462574966
7226,0.5967309182098879
7227,0.2047830526005084
7228,0.19912593090709063
7229,0.5349233471088681
7230,0.3011478877549311
7231,0.22543184653628365
7232,0.6000318380326731
7233,0.7348033925009281
7234,0.22750013527919194
7235,0.5344653689144518
7236,0.6427074272018017
7237,0.34785039601597234
7238,0.5465546057853741
7239,0.6407231865699912
7240,0.3916940416187921
7241,0.3663001202917957
7242,0.20015063596237856
7243,0.29318387162219167
7244,0.29061113067204447
7245,0.46481451600355606
7246,0.26767966113374475
7247,0.2807315594210755
7248,0.5972297379686176
7249,0.22226614811410664
7250,0.32754798783053773
7251,0.4306148248176626
7252,0.21823737648644315
7253,0.2537711156219318
7254,0.1947958617785478
7255,0.21473701339541515
7256,0.210831399030301
7257,0.18494806755012277
7258,0.1700693092339884
7259,0.2512266937349079
7260,0.38698381585500935
7261,0.236565327920298
7262,0.2040348585205518
7263,0.2547343804864526
7264,0.34926541294901603
7265,0.24599367269846406
7266,0.30410106920953833
7267,0.28721646802013984
7268,0.233921192183844
7269,0.37284360449264337
7270,0.19287207379380483
7271,0.2215807177783462
7272,0.43221083596502835
7273,0.24688314701377692
7274,0.4630999587982554
7275,0.28076094471357865
7276,0.20751019493385062
7277,0.7180423140976484
7278,0.515037963145938
7279,0.5846001231261152
7280,0.37245275856851245
7281,0.21353911520651753
7282,0.2546675988255091
7283,0.26513424717399736
7284,0.2702345388333164
7285,0.1515290010393696
7286,0.20429330148083166
7287,0.2383155835976626
7288,0.7401343378517498
7289,0.2332444641469471
7290,0.3357164593232441
7291,0.221470970573134
7292,0.15675999448522088
7293,0.21500496540128994
7294,0.18729916729149482
7295,0.22926008704180745
7296,0.6275159964340186
7297,0.5692384830684973
7298,0.18181546787154884
7299,0.4082064618375754
7300,0.5740214536428416
7301,0.7787520553786268
7302,0.72303505978065
7303,0.2078062809467981
7304,0.22452788251830502
7305,0.6838513560337505
7306,0.5532000297118523
7307,0.4878026640933533
7308,0.296434922556487
7309,0.39127489818462474
7310,0.4935663767358458
7311,0.6296279428135869
7312,0.6835429866107743
7313,0.34516706182788415
7314,0.42631737707261247
7315,0.7539472504584395
7316,0.2782535014250564
7317,0.34582584725579335
7318,0.18276266433513802
7319,0.16226681498252554
7320,0.2547484042127473
7321,0.25604233906107715
7322,0.17217307064827797
7323,0.1818637348260947
7324,0.22076907473615173
7325,0.210483524489888
7326,0.5852680612245801
7327,0.1723166256058517
7328,0.26513424717399736
7329,0.6505457199166212
7330,0.15558103497273873
7331,0.30810688663687996
7332,0.21601961434096387
7333,0.19508096201476724
7334,0.18599465944570193
7335,0.3732918019623381
7336,0.6295208065545853
7337,0.33928992145655384
7338,0.7220924754546211
7339,0.33050033845921156
7340,0.3362078104601409
7341,0.6331068560056836
7342,0.40193022204569673
7343,0.7450968730978378
7344,0.5536045327555722
7345,0.24870468395127743
7346,0.2598510792888265
7347,0.47919298428518614
7348,0.39011402556776087
7349,0.5785062606572522
7350,0.41931645262976014
7351,0.27439982308901034
7352,0.31169980379016266
7353,0.5297108639848601
7354,0.30835640089616073
7355,0.3590071712085864
7356,0.7552640862063429
7357,0.5511474088442085
7358,0.2633797058240592
7359,0.3042882464888123
7360,0.43393305694851175
7361,0.5197009209369088
7362,0.2889184408808507
7363,0.2513467511552864
7364,0.3172832718244599
7365,0.5073995665899078
7366,0.20977281501895506
7367,0.4567959952738624
7368,0.35496603538155963
7369,0.18782221084072476
7370,0.17876554109981765
7371,0.40310867455556815
7372,0.7418820913881865
7373,0.785862021870195
7374,0.21445464067757108
7375,0.3451752330156187
7376,0.5046476497977208
7377,0.18333169628696266
7378,0.4362015143084325
7379,0.7092221607491068
7380,0.39676914879470143
7381,0.13217605559211534
7382,0.17595921148728744
7383,0.299575707894105
7384,0.2667874478608011
7385,0.3831203045241921
7386,0.27332667466413435
7387,0.28230520619724186
7388,0.174635266312079
7389,0.22060577130697495
7390,0.5510617611328436
7391,0.46131792599842225
7392,0.3068248792465158
7393,0.20034431621087462
7394,0.22838816636990025
7395,0.4488217200405746
7396,0.2590440522066533
7397,0.20088226305926196
7398,0.5166335554093597
7399,0.19426767071784454
7400,0.32556394281920564
7401,0.32821277043130914
7402,0.339921416740986
7403,0.26643759776432235
7404,0.531640690118583
7405,0.2664800483304892
7406,0.28467805669449864
7407,0.2790389672708071
7408,0.7340529478821379
7409,0.3347073753507846
7410,0.6138786117296319
7411,0.37968091641396146
7412,0.6312159395200441
7413,0.43698883685349155
7414,0.16776071665970238
7415,0.4251597769545844
7416,0.7078811581234546
7417,0.22313230448058372
7418,0.7558802380428106
7419,0.7438822464492806
7420,0.3090154065998708
7421,0.25301534332871356
7422,0.28867096202981485
7423,0.5766717509126877
7424,0.16191845528736248
7425,0.2647091699471985
7426,0.347902641760359
7427,0.42729055684666334
7428,0.21376122974383097
7429,0.18918673267762723
7430,0.39587483018358327
7431,0.6405960203268655
7432,0.4848384640065999
7433,0.15651174804805945
7434,0.4713934565628304
7435,0.3055131744491956
7436,0.20684088765707234
7437,0.4412054629173071
7438,0.1844854106638889
7439,0.48325011407708957
7440,0.2716316536025455
7441,0.15711140148433705
7442,0.2657182514807044
7443,0.6166892682890184
7444,0.24446290173525778
7445,0.45295907279342534
7446,0.29355804451129963
7447,0.3422535500043183
7448,0.7584444601655792
7449,0.15984075564280215
7450,0.7200691861728555
7451,0.17447425958895488
7452,0.3771665733899927
7453,0.3061442949523334
7454,0.6907408816893881
7455,0.7517072379445344
7456,0.7209344987327598
7457,0.3028326949919981
7458,0.42212241303241077
7459,0.2627310016147341
7460,0.1847398469549503
7461,0.2721367824438643
7462,0.7427270435427366
7463,0.3613982472911804
7464,0.18259206600133462
7465,0.42532946347357
7466,0.28417797304209613
7467,0.5060428048304194
7468,0.7659385082380747
7469,0.6995945657530644
7470,0.21692387590942128
7471,0.314083372586913
7472,0.21680330104950998
7473,0.3228788021579277
7474,0.1884322777960143
7475,0.17259623825127499
7476,0.5097487238242465
7477,0.39133399382575523
7478,0.28438057319404564
7479,0.3868833006559303
7480,0.5785686995698509
7481,0.18637373914803163
7482,0.3086475694684468
7483,0.3689233691603086
7484,0.3255291035302726
7485,0.16403314195272584
7486,0.4638939302502379
7487,0.3163939707124366
7488,0.5964450435477386
7489,0.18970291462531458
7490,0.3597504400340517
7491,0.2942763108927795
7492,0.21876587457010369
7493,0.24577092099394118
7494,0.6656565253465434
7495,0.20003995247851455
7496,0.374397567642161
7497,0.3887981759332161
7498,0.18915593081304366
7499,0.4971231315833977
7500,0.19839184794654707
7501,0.2619899940229967
7502,0.24571155220776253
7503,0.636140939115416
7504,0.2014910435657345
7505,0.298854130160854
7506,0.2909658932810778
7507,0.7963314536172618
7508,0.2983358417373214
7509,0.22871724428445106
7510,0.2685481360753831
7511,0.3649697633427735
7512,0.4750065599453597
7513,0.26613149662066626
7514,0.5711978670247139
7515,0.7047804835610878
7516,0.1890006644934057
7517,0.2526970039002131
7518,0.4737765044220623
7519,0.49348116248706225
7520,0.27673683938526167
7521,0.4115698394779733
7522,0.42304631684756694
7523,0.27595374911673853
7524,0.2471237656844753
7525,0.33095936819448
7526,0.22423652191981472
7527,0.3639779621553383
7528,0.20003617661531536
7529,0.5217812071092381
7530,0.6824851085552586
7531,0.5754547468627487
7532,0.19121987632679582
7533,0.7466812176274418
7534,0.26808885568439006
7535,0.32279236472258405
7536,0.3398544142444054
7537,0.23138863745854976
7538,0.671499112400133
7539,0.49238721573809585
7540,0.6288086675333867
7541,0.2875268809287468
7542,0.2336678168124831
7543,0.2883671950434683
7544,0.252195826705802
7545,0.5294624404135321
7546,0.43881798738418376
7547,0.20356520492701685
7548,0.23035487552134842
7549,0.22596074287795823
7550,0.422274303245381
7551,0.19683222000336983
7552,0.3938793868706877
7553,0.23563633072527454
7554,0.2150791215523466
7555,0.2677465111827091
7556,0.4313213729399186
7557,0.187341313551274
7558,0.3291469242241675
7559,0.19631127537732984
7560,0.29841085729811023
7561,0.25424630481775506
7562,0.2364511179747675
7563,0.25028154737474034
7564,0.22529942585664137
7565,0.7168001192999187
7566,0.5045967665789174
7567,0.3292565182912354
7568,0.2929913330981805
7569,0.3686785599426275
7570,0.27120572025249357
7571,0.7890202625095034
7572,0.30555257542118974
7573,0.25385118332937945
7574,0.3542986452687719
7575,0.408675046236187
7576,0.30797365642682434
7577,0.17601451544512056
7578,0.7783652232492764
7579,0.5463235371814857
7580,0.31508951451103157
7581,0.20237148324605778
7582,0.486889217985309
7583,0.28329570388432584
7584,0.7112931685605537
7585,0.467526766749831
7586,0.4328144878146092
7587,0.35004078187805127
7588,0.3797418677300334
7589,0.5172064426084475
7590,0.26161961359917885
7591,0.3851961518768326
7592,0.2752434606206086
7593,0.1851813807772261
7594,0.2299184249681733
7595,0.3264519732409781
7596,0.20505002467519337
7597,0.4121438233270809
7598,0.7020799442940563
7599,0.3788514752781811
7600,0.1974508547897149
7601,0.5623236184701155
7602,0.4208069871383316
7603,0.5162682132805549
7604,0.4121988162241462
7605,0.23390941699193118
7606,0.3024338407398787
7607,0.2730576501506775
7608,0.1976794602644392
7609,0.6407235054478476
7610,0.180944764984957
7611,0.43273614789380366
7612,0.524524315720487
7613,0.681140060463243
7614,0.2685481360753831
7615,0.48105004699298715
7616,0.26666668011106187
7617,0.5389715106753525
7618,0.6474533967635525
7619,0.3353546984769076
7620,0.17939987755442613
7621,0.7126939315164258
7622,0.35560197024348916
7623,0.19043931569302527
7624,0.4425621114876971
7625,0.7408201548391922
7626,0.5188179097849969
7627,0.7079477794940723
7628,0.24272379817519335
7629,0.7155304132568275
7630,0.20379716774028683
7631,0.5861020548485114
7632,0.3409400173232802
7633,0.7396390089689804
7634,0.6872305838617174
7635,0.5055800087169003
7636,0.7832053293212966
7637,0.23586536947579123
7638,0.6541171151042461
7639,0.44775203235242667
7640,0.754176828216575
7641,0.5552481079477419
7642,0.3347073753507846
7643,0.2527721558993836
7644,0.2516316525329451
7645,0.534411487012915
7646,0.6853376924275203
7647,0.19711661685728513
7648,0.21839224330243887
7649,0.639738738091402
7650,0.36828735815004066
7651,0.1562019364281835
7652,0.34561594817994945
7653,0.1727753365448205
7654,0.23302390283400706
7655,0.1900518642642793
7656,0.23242790942663488
7657,0.47549219922929065
7658,0.4012600227570593
7659,0.7552373744394602
7660,0.2617823513337628
7661,0.4781713186474505
7662,0.21529827068984111
7663,0.15438012020971328
7664,0.3635068381131692
7665,0.6291161497432745
7666,0.4487107280010159
7667,0.2030120131981334
7668,0.3689429289293735
7669,0.6689455604536306
7670,0.5247317399188481
7671,0.41641609269514196
7672,0.6606182886309442
7673,0.4726769709322307
7674,0.4938709925131946
7675,0.25989829862012287
7676,0.2606791570180805
7677,0.7882510094149902
7678,0.18626915279152825
7679,0.4580728588737164
7680,0.39192592718445884
7681,0.1746322993440667
7682,0.7701992806130727
7683,0.18154965886260038
7684,0.4302586554361891
7685,0.4398900261566184
7686,0.2108852579155714
7687,0.5083794977044821
7688,0.3125772225047899
7689,0.7413730797781347
7690,0.32095766072723325
7691,0.2679973458534309
7692,0.7457545807411258
7693,0.2686920476788094
7694,0.29531712154771134
7695,0.15260477592100705
7696,0.2918678312390558
7697,0.26424036596303974
7698,0.716335610616803
7699,0.24545965491110988
7700,0.4198287988943858
7701,0.2150791215523466
7702,0.39510373726796205
7703,0.49306457978506596
7704,0.5302162408383114
7705,0.2966080312730134
7706,0.1653337635047253
7707,0.5185306181736075
7708,0.26319435992353235
7709,0.13536965514494137
7710,0.44263501657594606
7711,0.45658530612711273
7712,0.38245288670227473
7713,0.23881357056200675
7714,0.16470024563759564
7715,0.5898083935992309
7716,0.556615065211489
7717,0.19839187023717633
7718,0.6888023471814175
7719,0.37659750496127486
7720,0.18832418942520204
7721,0.21219841766308484
7722,0.3474704764622833
7723,0.20703164904651958
7724,0.42622773810816506
7725,0.24013872879328907
7726,0.28414426618131433
7727,0.19041341714802654
7728,0.7125519254900855
7729,0.21837448397363868
7730,0.46671527972854293
7731,0.18388248760810816
7732,0.2347147998177871
7733,0.34157394354030585
7734,0.5003259236516375
7735,0.5768268753736527
7736,0.5991291815612226
7737,0.2700153445059293
7738,0.33315895108010624
7739,0.49582901336575425
7740,0.17023040127802083
7741,0.1805258025522704
7742,0.1864115243209646
7743,0.26288930152802864
7744,0.19534351276373346
7745,0.6106743427832995
7746,0.26105035489656797
7747,0.24889850892267107
7748,0.3615264145076471
7749,0.1875851587681685
7750,0.1573699302897461
7751,0.19451041197681085
7752,0.2659629668636134
7753,0.21771535316860396
7754,0.14232777351405063
7755,0.5744245280626828
7756,0.21390450365177527
7757,0.28329036093454013
7758,0.28117623194836816
7759,0.2921039463058932
7760,0.325569425209682
7761,0.22716181065869556
7762,0.7242696155103248
7763,0.1636432335501923
7764,0.27972659492078233
7765,0.5819379384793318
7766,0.7121821192386693
7767,0.3420684048336801
7768,0.24825027011412026
7769,0.38450382729163374
7770,0.20076078481088364
7771,0.281263000496862
7772,0.3735141095741968
7773,0.39862962587069584
7774,0.6861067586606415
7775,0.29452179344370777
7776,0.24559925648478143
7777,0.20117591672484827
7778,0.7651475304796008
7779,0.23706423012766112
7780,0.2116796084783785
7781,0.3228971956671424
7782,0.5894384221911981
7783,0.35020275154975683
7784,0.35569077943840927
7785,0.16648232331832946
7786,0.47179028897723635
7787,0.28227006263582693
7788,0.23576914644320252
7789,0.38398442805919586
7790,0.2667792045756385
7791,0.6978152342659494
7792,0.3566623797994688
7793,0.17960827639056234
7794,0.4101901673990968
7795,0.21233084786405512
7796,0.21578350231077706
7797,0.3112492278403986
7798,0.6151323950658578
7799,0.13963306594866157
7800,0.2394599812362515
7801,0.14774358354486122
7802,0.23745006552312042
7803,0.19199881177237837
7804,0.22696072397261877
7805,0.30689903024737475
7806,0.17631686237374805
7807,0.3148098839394923
7808,0.3783561321285634
7809,0.2976196559153299
7810,0.24925085600735053
7811,0.42475122852375014
7812,0.3223461440660748
7813,0.551302773872612
7814,0.44371714573421117
7815,0.3220454677656449
7816,0.15774668015245338
7817,0.3488854754587208
7818,0.3608315259650434
7819,0.5719028173944315
7820,0.2139637673391618
7821,0.27570380907691305
7822,0.7127776554111543
7823,0.5881578601090427
7824,0.34125723234793603
7825,0.2708083410634063
7826,0.7664686650789869
7827,0.18416129760217512
7828,0.286199321471491
7829,0.44916346369033866
7830,0.2114392645157727
7831,0.5475090187474434
7832,0.21578690063293107
7833,0.2574408665922652
7834,0.44243059112974265
7835,0.1648194123794565
7836,0.39657274494241035
7837,0.770404698684664
7838,0.7449023417403658
7839,0.2442982210465566
7840,0.22699415671044076
7841,0.4942616409029688
7842,0.4043210418810337
7843,0.21657054305482767
7844,0.1809238540216333
7845,0.29652043448201904
7846,0.2977554569277735
7847,0.42974073861965023
7848,0.581999824207058
7849,0.2497270551628601
7850,0.2830691046639116
7851,0.5829128448644132
7852,0.7484016189386645
7853,0.2363193293867883
7854,0.572125488769912
7855,0.19051283796206966
7856,0.1853741636923014
7857,0.1904044453454087
7858,0.25565949473570754
7859,0.6106008553848893
7860,0.4085438465564653
7861,0.1846847991810927
7862,0.18586274912538775
7863,0.5394749530385232
7864,0.5945923744655105
7865,0.2846618388670873
7866,0.7417948953923379
7867,0.27479987639886705
7868,0.3568829836529689
7869,0.7877851990503929
7870,0.45912440167492524
7871,0.4496736720043651
7872,0.34852456394392045
7873,0.19883104036096153
7874,0.18775799417471378
7875,0.39391058387997513
7876,0.33108611765636353
7877,0.664193176188807
7878,0.25874801924989316
7879,0.6019877957914562
7880,0.4225714795695237
7881,0.22345268771757126
7882,0.584435765618157
7883,0.36747814595329675
7884,0.20215308075896998
7885,0.5569980968694949
7886,0.2757297632736274
7887,0.33139486146815866
7888,0.7646673101294726
7889,0.2638968018676628
7890,0.6544387485059453
7891,0.2723371570025645
7892,0.22207491103901666
7893,0.2868967671746362
7894,0.24254334697702856
7895,0.2001132547945391
7896,0.6909804203661785
7897,0.22243440092281616
7898,0.40504527408592195
7899,0.20525211659603182
7900,0.1658101826857714
7901,0.4558649196408823
7902,0.18694613510591085
7903,0.1579313773848658
7904,0.30527686960849026
7905,0.3200635400786732
7906,0.16087948416965311
7907,0.20175917741792204
7908,0.25466299850778323
7909,0.3242907033016253
7910,0.21744122768171847
7911,0.17048960390408835
7912,0.2049916055797811
7913,0.7447686388234402
7914,0.3873078896464708
7915,0.4383171373198704
7916,0.22039196645048567
7917,0.3435211840222795
7918,0.46659952864776977
7919,0.2841252771580198
7920,0.20903997481425418
7921,0.19777725139148075
7922,0.3451313080728932
7923,0.3243146377473327
7924,0.37986484391717396
7925,0.3822063206035761
7926,0.38127057741361936
7927,0.24358111345007438
7928,0.1559320526969245
7929,0.29392163741109917
7930,0.30911847034412676
7931,0.222322915308707
7932,0.3226468382455784
7933,0.15508788186249983
7934,0.4073608282663606
7935,0.3789798286628907
7936,0.29925050426389427
7937,0.33719237591378054
7938,0.20914049911269683
7939,0.27659639819511117
7940,0.16076311841334742
7941,0.7124424012127077
7942,0.36218944330993674
7943,0.3702109545688354
7944,0.2821234648322218
7945,0.22888572470627885
7946,0.5660327273524037
7947,0.578445068956771
7948,0.7073574307233618
7949,0.15711447730849362
7950,0.3523117980853211
7951,0.2571946234921075
7952,0.5353629127466197
7953,0.28983631099850066
7954,0.33699185158752465
7955,0.61351685078025
7956,0.2750004138717309
7957,0.7832956245765799
7958,0.6354318103447764
7959,0.1540974681874314
7960,0.22045511117842048
7961,0.502829292321408
7962,0.20088713227477017
7963,0.22194932920723479
7964,0.3480692289428456
7965,0.31533632506504
7966,0.21896238833544376
7967,0.5807933783840346
7968,0.3414112641244997
7969,0.16227453728758726
7970,0.25419795478307183
7971,0.3060075787108155
7972,0.44145949464290585
7973,0.1969672697313154
7974,0.3044556657382676
7975,0.20807497453997273
7976,0.3215976887578697
7977,0.43513296022313586
7978,0.20446985235484913
7979,0.38717741813527684
7980,0.7603392729836004
7981,0.4891209256861772
7982,0.18164303595466472
7983,0.2591914668711464
7984,0.5958030518524196
7985,0.21823356466786653
7986,0.2224405122434481
7987,0.21284159965711522
7988,0.30501017070139685
7989,0.2573012817681248
7990,0.18911605884032145
7991,0.2785989178532975
7992,0.6789140870550104
7993,0.4102046393780135
7994,0.7074222886878306
7995,0.23122059653160604
7996,0.312185898969197
7997,0.21053693720860256
7998,0.7608105039582793
7999,0.6314375548074737
8000,0.31049875498525625
8001,0.5739163762596695
8002,0.3870536164618036
8003,0.344806416622485
8004,0.18217823298587044
8005,0.28116606010751755
8006,0.25772474269780976
8007,0.16704029833554038
8008,0.2530377429294876
8009,0.4078775942081993
8010,0.4046745339509387
8011,0.49224750508830345
8012,0.7100604488269547
8013,0.2465927119725792
8014,0.6673927460411577
8015,0.23695643974328814
8016,0.7309442798492609
8017,0.7398490133200043
8018,0.4771225383718797
8019,0.32538939578960135
8020,0.7371223394704199
8021,0.24064078878317524
8022,0.2507623242284977
8023,0.19074670957882678
8024,0.7486299565167662
8025,0.6561824834930636
8026,0.7212242683931571
8027,0.3835563014794858
8028,0.2039102689295329
8029,0.6816770726557568
8030,0.2523711152856256
8031,0.35750850383075344
8032,0.4357183673509535
8033,0.4198950058601137
8034,0.7804192519838857
8035,0.720901377350604
8036,0.6403946594837653
8037,0.18502437575559225
8038,0.2910969825883025
8039,0.5912128487463736
8040,0.27062824656929324
8041,0.21181060645274738
8042,0.17921262754696277
8043,0.5618779093984032
8044,0.718410053112119
8045,0.19523129330197794
8046,0.34986517942887985
8047,0.16496355918734024
8048,0.33421685981159455
8049,0.3275527055499911
8050,0.27176005869303854
8051,0.7368288744823255
8052,0.20061666324007565
8053,0.43148116354077504
8054,0.19259527870172002
8055,0.5635712538068742
8056,0.235075896565246
8057,0.17542566117394093
8058,0.4718719547917797
8059,0.2313250243334277
8060,0.29652496272462453
8061,0.3750325244196326
8062,0.45538576855565427
8063,0.49254350417226855
8064,0.24367694319363478
8065,0.48517490640744276
8066,0.3149753035309329
8067,0.5854280536821844
8068,0.26336203864754654
8069,0.13354533409686925
8070,0.3310408714686602
8071,0.4324342487958627
8072,0.7420288455476243
8073,0.19533735655192896
8074,0.3640886076641257
8075,0.479235485303138
8076,0.3847875414546339
8077,0.18911157334721887
8078,0.18302350638662832
8079,0.36665095887329163
8080,0.5217247625706268
8081,0.1922936901808549
8082,0.18788257221381802
8083,0.7370518701600156
8084,0.21574794684589885
8085,0.27545955807370903
8086,0.21673299695079326
8087,0.25849330603857384
8088,0.6090098079027271
8089,0.220679444062815
8090,0.39676950258230326
8091,0.7811059252689082
8092,0.25523444871154416
8093,0.20069782902436178
8094,0.19081743961257147
8095,0.5146668224012415
8096,0.13700287193099245
8097,0.5741060949400114
8098,0.3067405955359453
8099,0.6761761382077811
8100,0.7812149527057604
8101,0.27046773851105027
8102,0.22782412324322615
8103,0.1944121153725251
8104,0.1819672298858796
8105,0.18927387011481767
8106,0.5158103972757336
8107,0.2204938371608183
8108,0.232134345047845
8109,0.22644867725620227
8110,0.5359734353212103
8111,0.6434687818897659
8112,0.2861576475720699
8113,0.24996220590171744
8114,0.6225257322649692
8115,0.17128525876404527
8116,0.5654218123720346
8117,0.2449515834617143
8118,0.27345245668193296
8119,0.20569501544948546
8120,0.23597358055800796
8121,0.611300464496679
8122,0.785935057595369
8123,0.2024127999702567
8124,0.2094589412063059
8125,0.4100772401494766
8126,0.6805614801247711
8127,0.2771762196816572
8128,0.19362092842279524
8129,0.24486202049919542
8130,0.48325889724793525
8131,0.6422552909764664
8132,0.17346593392114737
8133,0.21263393946173442
8134,0.5476882264486588
8135,0.3741670210491079
8136,0.6841347966514384
8137,0.6540015286375507
8138,0.19639663798594031
8139,0.17380433044821608
8140,0.19028328911601097
8141,0.6894612152718452
8142,0.24467515508960438
8143,0.255462152258504
8144,0.2706915951535861
8145,0.25298270415271207
8146,0.20991160333964567
8147,0.3260298185865581
8148,0.13586007611719972
8149,0.6914360567336714
8150,0.24446420822742673
8151,0.16746306490280655
8152,0.23204812463541086
8153,0.5318944789619635
8154,0.18064297038929794
8155,0.37303514175075575
8156,0.27306234725494744
8157,0.258875660798721
8158,0.3724085578814379
8159,0.14131511719635803
8160,0.1667422270992321
8161,0.1407236327401912
8162,0.7213491072288802
8163,0.5506601785454195
8164,0.468967676983599
8165,0.4713769835722147
8166,0.33084092238107143
8167,0.2627653833408195
8168,0.1878961901126606
8169,0.14340743332012026
8170,0.2533505246724117
8171,0.2229714349402971
8172,0.674720874026555
8173,0.19587251810202086
8174,0.24535736050037588
8175,0.4734589575260192
8176,0.3345609860179328
8177,0.29422624955262167
8178,0.27525662865887385
8179,0.16762818709396746
8180,0.6891474728900633
8181,0.23206088840730513
8182,0.20430237779151442
8183,0.554207722423994
8184,0.31367777692904714
8185,0.25761306695591185
8186,0.30879242766140197
8187,0.4026554634090666
8188,0.6040547715519439
8189,0.4279500530350227
8190,0.25604018697559233
8191,0.19268640294019257
8192,0.24817673211789332
8193,0.2000267479874778
8194,0.6504313015709308
8195,0.34173844746372267
8196,0.27539343236222485
8197,0.1872010908715422
8198,0.6081868289026795
8199,0.5922843022073722
8200,0.21825715941220275
8201,0.3272883717395552
8202,0.3956685622231115
8203,0.18782538185274938
8204,0.2967644719879955
8205,0.18233777488599873
8206,0.24067424750521554
8207,0.37155529310744523
8208,0.7213007001404761
8209,0.6859217041638033
8210,0.2405608666859041
8211,0.2391247734832536
8212,0.16453587346702092
8213,0.7933138172821211
8214,0.3524259563848748
8215,0.26528080835604306
8216,0.37994354616451514
8217,0.6119315617441656
8218,0.5868540446453119
8219,0.7300160029326201
8220,0.7056416765063274
8221,0.299454517591002
8222,0.4512820064988992
8223,0.7289101930061409
8224,0.7207037923832318
8225,0.2758760449630643
8226,0.26028217316870594
8227,0.22292360072508455
8228,0.16857387426133402
8229,0.18231101015785411
8230,0.327808460946319
8231,0.17464831394461972
8232,0.49435684946262703
8233,0.18743318551234966
8234,0.7938926342934248
8235,0.27604715719073225
8236,0.14183076845842357
8237,0.19110814832830678
8238,0.6341475909487004
8239,0.4604428780875634
8240,0.4254244664920961
8241,0.48321725377883
8242,0.20596451289818046
8243,0.4554165989007086
8244,0.22446986397125637
8245,0.5983032597488012
8246,0.17824612316475658
8247,0.5320613945391002
8248,0.32086704174290004
8249,0.21768962209051912
8250,0.30624502529085873
8251,0.24355654971603416
8252,0.6093253678526594
8253,0.44211699104457103
8254,0.19310315189034205
8255,0.17862949171430917
8256,0.4214092838466853
8257,0.7721263085253401
8258,0.2194109358444057
8259,0.14491748369074536
8260,0.19670251185580512
8261,0.19369851051425335
8262,0.36341778562095095
8263,0.2840723069552669
8264,0.7589325409569944
8265,0.39995493239952423
8266,0.18433034704531326
8267,0.15824982721099035
8268,0.5501665752928528
8269,0.6930398899168422
8270,0.6693309353874065
8271,0.7708641141013042
8272,0.4282591591559777
8273,0.42143875267225067
8274,0.41590105284506806
8275,0.18144704432353703
8276,0.5656742786504587
8277,0.1476063168679392
8278,0.20804436625777184
8279,0.2594316833757925
8280,0.6959849142559565
8281,0.26335433493994903
8282,0.35787525185979957
8283,0.2402573453124902
8284,0.3232180283617879
8285,0.4738435127094389
8286,0.16362935489589905
8287,0.21170597144944234
8288,0.7126913040974652
8289,0.6971128041613354
8290,0.21458265925478523
8291,0.36329150345530636
8292,0.3441884171955133
8293,0.2274338973119255
8294,0.3120183751690201
8295,0.7070068731062066
8296,0.22876228673818771
8297,0.7191679431522959
8298,0.3467645465987563
8299,0.2907935339830188
8300,0.5972906591944388
8301,0.22813463372327966
8302,0.7729158542749331
8303,0.28451134198222544
8304,0.7226920818046081
8305,0.2725990038136729
8306,0.19998782385376374
8307,0.20144546466801447
8308,0.40361686150966397
8309,0.3014120724220209
8310,0.19621522253989274
8311,0.44928004118250037
8312,0.42488997253317295
8313,0.3297104417247389
8314,0.2033454434260261
8315,0.4355826805470887
8316,0.511309930881869
8317,0.2697799013329981
8318,0.4461347601015612
8319,0.6551246852258877
8320,0.17398380476322362
8321,0.6236837281181467
8322,0.3202256711255466
8323,0.1827348577019894
8324,0.4755467574718547
8325,0.2641475632249885
8326,0.27994928316424295
8327,0.6953789236146295
8328,0.2569725982647738
8329,0.2835203799211846
8330,0.5737905095520003
8331,0.30260856447897244
8332,0.38033566250508893
8333,0.37988353392607516
8334,0.29631838771369434
8335,0.23568959041846615
8336,0.19679319782237023
8337,0.6373091905514994
8338,0.6463437506963747
8339,0.6520286423209717
8340,0.45506940395587353
8341,0.25700657142450706
8342,0.2213848373748008
8343,0.32183015554870775
8344,0.19777059217940351
8345,0.25750970677796287
8346,0.5559984841308151
8347,0.2391472004068041
8348,0.46242508347915173
8349,0.2855169923964159
8350,0.7461634667869901
8351,0.2785339909995914
8352,0.22008699520992947
8353,0.7068969506855218
8354,0.1873533073553743
8355,0.3581314441686355
8356,0.16266616509542103
8357,0.22481099051253547
8358,0.7097227213112668
8359,0.18876799777771375
8360,0.37134876250235177
8361,0.5683922056969475
8362,0.45749650584553564
8363,0.20837643557226554
8364,0.6240876860254009
8365,0.20343223474387004
8366,0.6226037803625636
8367,0.29879234522408366
8368,0.5693827763501033
8369,0.2828933131582131
8370,0.3339971674743181
8371,0.6761038702680864
8372,0.653384235019549
8373,0.6819422579556342
8374,0.3172282025783915
8375,0.31656511040417623
8376,0.2008306698741195
8377,0.6012810080479953
8378,0.3803535003633542
8379,0.7182549658066545
8380,0.4299120330465343
8381,0.4202407925227471
8382,0.57023108835281
8383,0.2649378095213942
8384,0.5225670064038058
8385,0.6803969055013891
8386,0.7319045085307665
8387,0.2095651863383939
8388,0.1921669095100241
8389,0.41664865016488944
8390,0.19140147348759293
8391,0.24875090313539855
8392,0.4677689285768936
8393,0.42135630293172577
8394,0.24873220819486166
8395,0.33110860394942365
8396,0.24466559891143114
8397,0.7450798734481717
8398,0.28836222214910706
8399,0.551975663364316
8400,0.22566079456619706
8401,0.7209344987327598
8402,0.42794120224031923
8403,0.5299586258891275
8404,0.23806051801723305
8405,0.3178081821915634
8406,0.22588078580864432
8407,0.15321326185538708
8408,0.2000960966781858
8409,0.45137696958518436
8410,0.24200933358084573
8411,0.19828949464497692
8412,0.24308212485644526
8413,0.7343390547155335
8414,0.1639450746786877
8415,0.7602415187804823
8416,0.19360753718508178
8417,0.1649612968883986
8418,0.35636019531677143
8419,0.31223922003539967
8420,0.5061151421645111
8421,0.42517432996235033
8422,0.7134066968132031
8423,0.4140626540807494
8424,0.22695377582873186
8425,0.1887986240490114
8426,0.5875571258759689
8427,0.2634130404449411
8428,0.31608879927667943
8429,0.23368336388766014
8430,0.4006463548790893
8431,0.3029538897642576
8432,0.2806688969837598
8433,0.7556705838584825
8434,0.3047253718247005
8435,0.20069066233299523
8436,0.49681073903073963
8437,0.16981278976950367
8438,0.6753075728046388
8439,0.2160654249912604
8440,0.5264842925394131
8441,0.179625880485961
8442,0.15547998301361476
8443,0.4381547786386736
8444,0.4452367083615801
8445,0.23926958527446943
8446,0.3209543635029774
8447,0.4981307394465395
8448,0.17962788821088377
8449,0.42342681287994166
8450,0.2824975215727221
8451,0.373658896117173
8452,0.16150485035832093
8453,0.6912531275823629
8454,0.20236219637919062
8455,0.22043044748966756
8456,0.7019145275883826
8457,0.6406144791104156
8458,0.6890570651880142
8459,0.20897879326526775
8460,0.3862093767658098
8461,0.6978958168257559
8462,0.22652849737346814
8463,0.3671423134082036
8464,0.6160154951207911
8465,0.2057079679277273
8466,0.7538038441181957
8467,0.6828469453670816
8468,0.5402611151693972
8469,0.22741763930364314
8470,0.18549235804824568
8471,0.18114664018583784
8472,0.20620701595679755
8473,0.3208483512501425
8474,0.5625504862756635
8475,0.17260227093154673
8476,0.2678663240040139
8477,0.5644376369420647
8478,0.26890051083703675
8479,0.25892637862772455
8480,0.6704771290139856
8481,0.3960068910950617
8482,0.6902180778640672
8483,0.5511852049435771
8484,0.28712583706019495
8485,0.16971900929947453
8486,0.14203326173578223
8487,0.6843150072475553
8488,0.17157816592836614
8489,0.6455738953875894
8490,0.18640868840475258
8491,0.6146954105404853
8492,0.1917177058034342
8493,0.1972750015701056
8494,0.484392664948053
8495,0.8075079700937686
8496,0.5722460333047323
8497,0.17591497467473916
8498,0.207600834893148
8499,0.2386605653459315
8500,0.3694774212519569
8501,0.32130095407405934
8502,0.32086268542748664
8503,0.2966486619254141
8504,0.2790873871083853
8505,0.3722463271510843
8506,0.7418925484039263
8507,0.7383547409914216
8508,0.1323722734430892
8509,0.4423539801797132
8510,0.1674697285038861
8511,0.7602561886877803
8512,0.5546046025025825
8513,0.20894053359679765
8514,0.3538582954537474
8515,0.6953787490392642
8516,0.3582680757946685
8517,0.7609279930691982
8518,0.33686021240488595
8519,0.1661562879071269
8520,0.5926450513938822
8521,0.3958875486420558
8522,0.7299484545042801
8523,0.5571957148385117
8524,0.24395142185749927
8525,0.22923857748833107
8526,0.28128093206500665
8527,0.39777987041330426
8528,0.24192745028677967
8529,0.24162566035894328
8530,0.2187163218438735
8531,0.4108103479312382
8532,0.18261131808106443
8533,0.20623977238451352
8534,0.22608191609489514
8535,0.5579244612263652
8536,0.6334118222735835
8537,0.35345444170336515
8538,0.4658190155226429
8539,0.28906232940629356
8540,0.2690430214728336
8541,0.5571551169118834
8542,0.457856439625921
8543,0.3157054283525313
8544,0.6695581321670648
8545,0.5579115862005296
8546,0.21684974921348707
8547,0.6230049211039173
8548,0.7112086597271845
8549,0.7666028939445737
8550,0.15557080083641353
8551,0.32599277218187717
8552,0.500050817708355
8553,0.7681682346470392
8554,0.16809779561929078
8555,0.7192371736221377
8556,0.5890601486958328
8557,0.14947787285924016
8558,0.38219312077990325
8559,0.19124143034192337
8560,0.7619342985008374
8561,0.23800524281458815
8562,0.21652132748492336
8563,0.3961149509783752
8564,0.19046241583515958
8565,0.24323469216827723
8566,0.42136606444265745
8567,0.371983135692634
8568,0.3831525058841183
8569,0.776176230812352
8570,0.4553916468928441
8571,0.7270126832791183
8572,0.18002107522608232
8573,0.23269191424732302
8574,0.20558156409506584
8575,0.38765262872014444
8576,0.21162552834057088
8577,0.2136614194902299
8578,0.7674928560673585
8579,0.21954639262763898
8580,0.3937995314826043
8581,0.3210204015771824
8582,0.6607133988141344
8583,0.5958120237295917
8584,0.7904970146832916
8585,0.169694880760522
8586,0.24959899862674392
8587,0.7550365831910122
8588,0.2184353780879904
8589,0.4006327600271319
8590,0.3138010547470857
8591,0.3255291035302726
8592,0.6322440012515684
8593,0.7125322276423366
8594,0.3162752499626054
8595,0.2663113591426188
8596,0.25490788789240926
8597,0.6404334887280719
8598,0.4153271016223944
8599,0.23031087687300922
8600,0.6181052964747995
8601,0.25813096330010993
8602,0.7547659697102761
8603,0.48157318366322177
8604,0.46669309411639265
8605,0.549742212701061
8606,0.48325011407708957
8607,0.5069549206817873
8608,0.4496900174914041
8609,0.37955365876889463
8610,0.21235474511133354
8611,0.25357497190684936
8612,0.33004235543058796
8613,0.5436828069063901
8614,0.7276508141384156
8615,0.20453721252536938
8616,0.4392186424951344
8617,0.4445555569660813
8618,0.21903002866208737
8619,0.18448359498372197
8620,0.6589880997458119
8621,0.7703713822903789
8622,0.48020217908549223
8623,0.3412030970682612
8624,0.7222746383202537
8625,0.21105556061557218
8626,0.23996523419533078
8627,0.18802773077173252
8628,0.18503642612605364
8629,0.21229430466634283
8630,0.48839368600711575
8631,0.3035405876150032
8632,0.4894759823344959
8633,0.285161920017716
8634,0.727092172467678
8635,0.4368819473186007
8636,0.23753664851371958
8637,0.17121037769580716
8638,0.23993548831921438
8639,0.6578432814743065
8640,0.5876314350618141
8641,0.38883025440920277
8642,0.4370371862040655
8643,0.1947278668583897
8644,0.40585497370607776
8645,0.7436260200671209
8646,0.22404778015771037
8647,0.25170450870324673
8648,0.2090662813696333
8649,0.4901401200562835
8650,0.4964346580059745
8651,0.4658973092953332
8652,0.24217352105712542
8653,0.4607469009214672
8654,0.5497700119051366
8655,0.6160479217084698
8656,0.4072898298501299
8657,0.3147209607036416
8658,0.3120150264320906
8659,0.7403686620335828
8660,0.25218175034773643
8661,0.1554540534716567
8662,0.18629020004376173
8663,0.25419850677410843
8664,0.7252180143481972
8665,0.5815573027268852
8666,0.4330639656836637
8667,0.19677627698941694
8668,0.21549413565140507
8669,0.2039528125067296
8670,0.3631028307255438
8671,0.39615403311411834
8672,0.3725838007336595
8673,0.34754753031522234
8674,0.2446934521849195
8675,0.32396895123325137
8676,0.4294236255755051
8677,0.7201636606305348
8678,0.1951048142097828
8679,0.20382284273942022
8680,0.2530329025971139
8681,0.2187440754897962
8682,0.21359286351219667
8683,0.20770326226309477
8684,0.19610385190931198
8685,0.5542202010384173
8686,0.17181151009925388
8687,0.16698770356299544
8688,0.4149271577002981
8689,0.15594800534195283
8690,0.33098901995536245
8691,0.7227757507208251
8692,0.1708719338335232
8693,0.2749176975667693
8694,0.21032459257580613
8695,0.3990664276889646
8696,0.5746503230975216
8697,0.20763174747308305
8698,0.39044844168957343
8699,0.5912306523116546
8700,0.20118024318491595
8701,0.36201615578048996
8702,0.23331105362977003
8703,0.24398920594272508
8704,0.23278348706671737
8705,0.5458607887584335
8706,0.15428884281115873
8707,0.3095390379049793
8708,0.3679903553073843
8709,0.6089489325350854
8710,0.49666951645665053
8711,0.2220377690064065
8712,0.29630669236145407
8713,0.21095159222701068
8714,0.7684548829773863
8715,0.17088138857311375
8716,0.7746948069280437
8717,0.492666541287598
8718,0.20731638886503453
8719,0.2501935214809935
8720,0.4642880140160067
8721,0.232134345047845
8722,0.6950080138547754
8723,0.182227894047115
8724,0.7092008513729592
8725,0.5178111178356601
8726,0.18580014732466205
8727,0.26071302567851456
8728,0.1549910230098761
8729,0.2036931777984242
8730,0.16902711021718025
8731,0.18490425486342055
8732,0.24237760936167907
8733,0.43143855273332116
8734,0.2334085944514997
8735,0.5547305436662878
8736,0.315801786868709
8737,0.21599688468844783
8738,0.18680166621827166
8739,0.19890758370939332
8740,0.3067424088812388
8741,0.28623367073453493
8742,0.40263893959214037
8743,0.24655683317431082
8744,0.21876545483728074
8745,0.24303377632248901
8746,0.765353032379551
8747,0.2916037128973105
8748,0.3488264217106818
8749,0.7764066468623914
8750,0.6664306592697536
8751,0.18205467835946615
8752,0.28970355669165027
8753,0.4379017355503682
8754,0.24541370677952334
8755,0.28664175726427377
8756,0.3457747828158841
8757,0.6132695036198855
8758,0.2795042775264109
8759,0.1631197933597998
8760,0.17945032581365453
8761,0.2600675186216226
8762,0.1756377460107205
8763,0.741524736340467
8764,0.22145253734702613
8765,0.3343199054515091
8766,0.4465903340325685
8767,0.576572577792124
8768,0.3016180649947904
8769,0.31915137575549196
8770,0.6220033603430086
8771,0.3155790884586813
8772,0.18250464171967432
8773,0.20630618200001463
8774,0.2743152311448563
8775,0.24838306082062375
8776,0.36990074830993164
8777,0.15952823569646243
8778,0.21549299474489597
8779,0.20984170790477596
8780,0.33501980841769663
8781,0.6365619837325246
8782,0.1956855815535653
8783,0.41558567461590373
8784,0.3776661803779845
8785,0.7270622361160348
8786,0.25108222029546506
8787,0.21417666299601557
8788,0.6168353388086083
8789,0.2787199259831212
8790,0.7018920016370171
8791,0.5646180648893582
8792,0.3698071768781268
8793,0.2082083001865312
8794,0.3169016699570156
8795,0.5191172094371979
8796,0.2738582565241839
8797,0.7042158834106771
8798,0.4600074319707064
8799,0.3471188968840024
8800,0.22496902581757383
8801,0.18556500584079472
8802,0.3912287737107508
8803,0.2062498871953178
8804,0.45146199578750806
8805,0.28576050392389735
8806,0.217379951021709
8807,0.1685660366382435
8808,0.42209409817939053
8809,0.15219402902132864
8810,0.4817589863433446
8811,0.26741573025438686
8812,0.5201992565376146
8813,0.5057545761391218
8814,0.3140732048813395
8815,0.1929014810131632
8816,0.2837990932720332
8817,0.42192707852568107
8818,0.36421720714528777
8819,0.49669071000354303
8820,0.2612125593652367
8821,0.35934005549519193
8822,0.16112669025612267
8823,0.3572932066045432
8824,0.4775298277414081
8825,0.35053190876647133
8826,0.20129085846962938
8827,0.1830638302133609
8828,0.7471712185853617
8829,0.6038017019956207
8830,0.5756913969597176
8831,0.1933835381492576
8832,0.6039969764794778
8833,0.24508976307477934
8834,0.34078497143131026
8835,0.16630874235782306
8836,0.7149486512775634
8837,0.48136751494217744
8838,0.19055960309048045
8839,0.7355155501704513
8840,0.2200188202112039
8841,0.3863576118835848
8842,0.18206892837947097
8843,0.26883184478946914
8844,0.7058631339568848
8845,0.2724687911981913
8846,0.2103322665799049
8847,0.27793238505883794
8848,0.29060396244168596
8849,0.4501638794550938
8850,0.6884510094806471
8851,0.2803970689162417
8852,0.48781669725677623
8853,0.6029141429020906
8854,0.7692636119632044
8855,0.22311779251383432
8856,0.7407139837464645
8857,0.4445661866745997
8858,0.38944570960281427
8859,0.47934608022154956
8860,0.4968241847962449
8861,0.2423523462898996
8862,0.39891176981186927
8863,0.714174759620162
8864,0.3910619856275954
8865,0.7232360278045878
8866,0.277608925005136
8867,0.6581684966540426
8868,0.2509545067525254
8869,0.6360824137396086
8870,0.5639344669465005
8871,0.4039540313741501
8872,0.4871959604002123
8873,0.2205648336289162
8874,0.2002050844735192
8875,0.3214856663195776
8876,0.1945422908531078
8877,0.38421091422901676
8878,0.2857414303348192
8879,0.27618928570564205
8880,0.345751088465296
8881,0.19447163931045888
8882,0.29578728265499804
8883,0.6962258315728134
8884,0.1875640012305152
8885,0.19256390427719425
8886,0.21852344116221958
8887,0.3136019718438169
8888,0.30974885966637183
8889,0.5383348967598834
8890,0.6147730902918277
8891,0.5518467274447759
8892,0.3122547064437636
8893,0.17443355185684323
8894,0.3151221851435647
8895,0.32746887583079587
8896,0.3826789937426612
8897,0.35619595096728424
8898,0.3020371781234002
8899,0.5486529181336944
8900,0.6573816146480989
8901,0.3994509745622443
8902,0.19825193405124616
8903,0.3675078836077713
8904,0.43407584812810474
8905,0.36559220832109035
8906,0.20639349647923474
8907,0.4535833583215044
8908,0.6200444584084671
8909,0.7026492669088237
8910,0.2086363068829008
8911,0.2664800483304892
8912,0.6359731975525283
8913,0.29560930978570144
8914,0.2954446888028516
8915,0.3068439784747279
8916,0.20680869182697176
8917,0.24893467427151295
8918,0.23299538936069453
8919,0.24541370677952334
8920,0.6874087088070432
8921,0.47806997022191405
8922,0.19380982991418488
8923,0.2225894025039967
8924,0.16722909490562934
8925,0.3818697215580017
8926,0.2739051748324383
8927,0.5231658665039977
8928,0.24545965491110988
8929,0.28810327722128665
8930,0.4976161470138172
8931,0.23041950622537624
8932,0.38619089752644287
8933,0.21989479639674525
8934,0.3230342295577018
8935,0.36580334415908766
8936,0.29430805770967383
8937,0.5354590851706128
8938,0.25007190330461965
8939,0.2734823136402708
8940,0.4396122078327893
8941,0.24663078940480881
8942,0.41680485718345334
8943,0.3613562616612533
8944,0.22369967650576228
8945,0.44664239118076804
8946,0.4982021651676903
8947,0.7748864325584257
8948,0.2057697955356307
8949,0.17676125296681067
8950,0.23833922732129478
8951,0.34507658118090867
8952,0.36713141424902657
8953,0.21621628328103218
8954,0.4606977804806485
8955,0.7003278433656963
8956,0.29746305889325714
8957,0.638151234568859
8958,0.2663172027784292
8959,0.31493555095932785
8960,0.3011212232343882
8961,0.7411462396853588
8962,0.2569362056329392
8963,0.5610412432938049
8964,0.3239015115239638
8965,0.7229662745849398
8966,0.20648807556274307
8967,0.45776962176566527
8968,0.6354882125791033
8969,0.17454094810297133
8970,0.16693633511032444
8971,0.7204302217788237
8972,0.25279504692212235
8973,0.3471075757504066
8974,0.29054109539198214
8975,0.7152587908381985
8976,0.16067315396354853
8977,0.38721650323313184
8978,0.20971540610723016
8979,0.1610747210916986
8980,0.2673620443143845
8981,0.624155444808859
8982,0.20779108005685115
8983,0.29004995171565834
8984,0.563929450278114
8985,0.33074134613341266
8986,0.23546785350644958
8987,0.4600810106872227
8988,0.18735099772962302
8989,0.43369478038284287
8990,0.30138972826346044
8991,0.35582825649307664
8992,0.20682690379464475
8993,0.16552945276177644
8994,0.6501239164370511
8995,0.33089666903038095
8996,0.1671954479124935
8997,0.23226298962034975
8998,0.5973647978363302
8999,0.3239986376945179
9000,0.33983277900699843
9001,0.40008215379871676
9002,0.6239343955850358
9003,0.6044177179788195
9004,0.19769251919175113
9005,0.39344177699602795
9006,0.16823260823392872
9007,0.19020554296365327
9008,0.18265406372989035
9009,0.3536262754319825
9010,0.19492103070783848
9011,0.20220333687783998
9012,0.18992665868150208
9013,0.20032380090999835
9014,0.3434522323046882
9015,0.34639428415311246
9016,0.20316922645097807
9017,0.6696752193161655
9018,0.5565955417497451
9019,0.21416265947316307
9020,0.1681742844297
9021,0.18997595396222394
9022,0.2679337309155596
9023,0.38954533141170855
9024,0.6531404524822889
9025,0.40113332063591217
9026,0.2828933131582131
9027,0.24133789952092338
9028,0.23025689957298848
9029,0.18648577425534882
9030,0.26586651390704874
9031,0.24231760152220003
9032,0.40011254799223356
9033,0.18077817986756664
9034,0.3936213032268128
9035,0.27904460804945946
9036,0.71621269690547
9037,0.7696466652627691
9038,0.2973431390795038
9039,0.19219422554607213
9040,0.2637512641266539
9041,0.7847883332349211
9042,0.22794301871311587
9043,0.21461876410937145
9044,0.21900984274533186
9045,0.5845429242008621
9046,0.41587238793442755
9047,0.23146319689465472
9048,0.17878397829563142
9049,0.15364913175570039
9050,0.7808615286571324
9051,0.2644162547782609
9052,0.24352290948561203
9053,0.17718670662063776
9054,0.32077765397125807
9055,0.20953897863411636
9056,0.37960476666030274
9057,0.3375274468459573
9058,0.17571253902564876
9059,0.20382168179408272
9060,0.27074671568444353
9061,0.385474891926202
9062,0.1603516346424497
9063,0.3149366902703053
9064,0.33554975663774006
9065,0.6900104221992915
9066,0.4176663303616691
9067,0.25822354777385664
9068,0.3584314058564187
9069,0.21192999786457692
9070,0.7692722516404941
9071,0.18969869435156037
9072,0.6851564778943385
9073,0.21158053897382154
9074,0.4066543212812654
9075,0.1742424177106284
9076,0.17274582197976684
9077,0.17055588584628747
9078,0.22725221401351842
9079,0.16919751930359078
9080,0.28816562901148657
9081,0.20556619268567997
9082,0.21529769659980774
9083,0.31105697659868303
9084,0.3204864858664903
9085,0.3757658503292476
9086,0.25413606778642217
9087,0.1854666449608989
9088,0.5971469381593449
9089,0.21497433187175063
9090,0.7129624616614967
9091,0.2564343217330568
9092,0.6061797566916567
9093,0.18808192640701646
9094,0.22138401636978147
9095,0.4925101089598745
9096,0.7142699134453808
9097,0.21588518219578834
9098,0.1455680060169557
9099,0.5247195683673888
9100,0.24301123138976807
9101,0.7177751297029261
9102,0.2750272488596999
9103,0.3120591071071403
9104,0.23716181535574934
9105,0.6025184396675359
9106,0.7581555553598436
9107,0.32628523967050177
9108,0.6328462373950109
9109,0.40754682269840853
9110,0.3370729642060022
9111,0.5107231123243725
9112,0.27916222663596846
9113,0.33418741868911
9114,0.4442201990878798
9115,0.23767541438816364
9116,0.46263013863200664
9117,0.23015536399889128
9118,0.39378746145055793
9119,0.21635406311201338
9120,0.30517523715687395
9121,0.2273153288763465
9122,0.40098679768076817
9123,0.5315176180224673
9124,0.17786382319814986
9125,0.20008444490143196
9126,0.2819784031005924
9127,0.39218510671905005
9128,0.4008416747088086
9129,0.5713378890422469
9130,0.31681852825778134
9131,0.6816359053378557
9132,0.7732150894126105
9133,0.19384106877767165
9134,0.20640859089731917
9135,0.5616354281326504
9136,0.2122587031261662
9137,0.2437276407375795
9138,0.3468971418112631
9139,0.21458960700588894
9140,0.18741056641111872
9141,0.35246823009655437
9142,0.19658677715520675
9143,0.38508862546260625
9144,0.7473887286269871
9145,0.27943981045270005
9146,0.19522618761849958
9147,0.18157548471042248
9148,0.24022956552259944
9149,0.33537958800926976
9150,0.22134690472810142
9151,0.4895699501796167
9152,0.7033492101247201
9153,0.3002941876473433
9154,0.25002087178823523
9155,0.17054757314940777
9156,0.37912978936050884
9157,0.3356438055609309
9158,0.5892458948799355
9159,0.19047790582790675
9160,0.4709819048495633
9161,0.1895509889731134
9162,0.4141078363797037
9163,0.4474003348745408
9164,0.7012249616255957
9165,0.5812043463491828
9166,0.5349522255311175
9167,0.6775633203602177
9168,0.34536321107333184
9169,0.32716483313568867
9170,0.26453686938506904
9171,0.29482365928251586
9172,0.2669985780996344
9173,0.17477684930825635
9174,0.2393174884574367
9175,0.7263432449202176
9176,0.21384787038609926
9177,0.3241718484509323
9178,0.21919697561437904
9179,0.7371002715367388
9180,0.18934198145806766
9181,0.13847262051846826
9182,0.3258931243152438
9183,0.23092520080777496
9184,0.7053306652795356
9185,0.4632484718687551
9186,0.29764005795215703
9187,0.18839171583839937
9188,0.3744919927552659
9189,0.27228867644047794
9190,0.32698128992166353
9191,0.3334990340258354
9192,0.2545571546898725
9193,0.22052383110682897
9194,0.17799357404677255
9195,0.45867506839702715
9196,0.6971560617344448
9197,0.15940956968431752
9198,0.5414749573652529
9199,0.5205772289305295
9200,0.27271907509066123
9201,0.26299470294336275
9202,0.36148808693796775
9203,0.29587195759970025
9204,0.4839188062042537
9205,0.17285580514487578
9206,0.2597785512111557
9207,0.23574330023366602
9208,0.281690468793689
9209,0.24109609845775662
9210,0.15530220734427053
9211,0.17066379852924357
9212,0.22264444036497144
9213,0.23234086825141412
9214,0.4361195311039375
9215,0.2435469332121911
9216,0.4035237451896761
9217,0.4019772264158274
9218,0.23995754742022227
9219,0.16575694911002503
9220,0.4475835735841892
9221,0.20151609258294415
9222,0.24388105475946362
9223,0.23633158306590504
9224,0.22540546452290622
9225,0.6856068317978832
9226,0.18575991994082683
9227,0.7050673978879374
9228,0.21435661895232333
9229,0.7643465896303852
9230,0.5940673563087817
9231,0.46590668752243664
9232,0.2980207668432322
9233,0.3701699559793193
9234,0.669360858377838
9235,0.28623978816542045
9236,0.3906835907939625
9237,0.18344352086943128
9238,0.18789743473917164
9239,0.17697750408195842
9240,0.32969394234748095
9241,0.6019042480757313
9242,0.4004748661469903
9243,0.4998438245044543
9244,0.18977931530306003
9245,0.1610530970414134
9246,0.44967901336956617
9247,0.1882372826520291
9248,0.5817475269468318
9249,0.21694233656154574
9250,0.21249557496248106
9251,0.5634424778309141
9252,0.24078594628702
9253,0.26090821097740546
9254,0.5774946045141099
9255,0.1980557051156748
9256,0.28748421594241375
9257,0.7383238196934775
9258,0.16126332164560897
9259,0.18212204564940687
9260,0.2554100211629873
9261,0.553096477334272
9262,0.1987846658841406
9263,0.4095088187646058
9264,0.17686855829350204
9265,0.28037983325027044
9266,0.3331308804552446
9267,0.36591117006342466
9268,0.3977781009269977
9269,0.708600327992694
9270,0.7710885620015728
9271,0.1637242158431239
9272,0.1853716527599153
9273,0.4077846762514132
9274,0.5528524178123017
9275,0.5681300585659277
9276,0.17228864735048507
9277,0.2615246521223872
9278,0.39153258920109046
9279,0.3976726736182718
9280,0.33596422635384016
9281,0.4732463253137104
9282,0.15829433530819187
9283,0.3060100676030287
9284,0.4529430714112285
9285,0.15280220936855632
9286,0.1513580359924528
9287,0.15891813520379255
9288,0.26574774977722365
9289,0.2586486916980489
9290,0.7242177851493665
9291,0.6724573175879283
9292,0.36461296732691156
9293,0.33270699440081836
9294,0.2210229714808051
9295,0.34801239614726615
9296,0.18367977835650173
9297,0.18244051848902884
9298,0.30651769978763943
9299,0.2190040172298332
9300,0.6555311211735033
9301,0.41589325494064916
9302,0.5439975773690165
9303,0.4741016044974617
9304,0.1667908890594535
9305,0.18983697026738766
9306,0.4019419937714875
9307,0.5020066358214226
9308,0.25130782283523395
9309,0.17178101811354812
9310,0.3221219795106243
9311,0.3538439538875734
9312,0.24894841446461685
9313,0.32160498137895605
9314,0.3351706437209885
9315,0.17985548834173218
9316,0.7900429472291651
9317,0.20876292700386112
9318,0.432863843579199
9319,0.17208506468753737
9320,0.33231456443124413
9321,0.36377522510442806
9322,0.24383260301301984
9323,0.30302582215466894
9324,0.16493615180967475
9325,0.17458305695228785
9326,0.412464371947593
9327,0.1736533191368386
9328,0.18261059377738367
9329,0.26495543432026075
9330,0.5713229847821919
9331,0.1826135621877535
9332,0.5882095832273418
9333,0.3484385391377851
9334,0.19741758192765485
9335,0.3823490345095217
9336,0.7037106914905142
9337,0.22098135677568556
9338,0.4994151048878472
9339,0.34346774377821604
9340,0.33528572151770364
9341,0.365338707357399
9342,0.44793124350341806
9343,0.2296051734081314
9344,0.22812673704769587
9345,0.23065886247796227
9346,0.1951877188032792
9347,0.7094796934433691
9348,0.7655146861856162
9349,0.18006981870998334
9350,0.5638024455166732
9351,0.34202176800104916
9352,0.19310315189034205
9353,0.2800260336984666
9354,0.544670731090411
9355,0.19048132571634088
9356,0.22918656080944738
9357,0.2520595797376986
9358,0.30057864636552756
9359,0.3224408127632678
9360,0.4941035901305221
9361,0.27949567190146846
9362,0.26983974342286465
9363,0.637581982103958
9364,0.7596147757148164
9365,0.21334755940881117
9366,0.17151799985030194
9367,0.4383719007882883
9368,0.4187513678839077
9369,0.5574623860765376
9370,0.41572492346227075
9371,0.47078452728486564
9372,0.18807461263897782
9373,0.16590400695047003
9374,0.35662862496511066
9375,0.445041224056625
9376,0.4824166228476676
9377,0.7845428088474785
9378,0.1525899986707684
9379,0.22049200778772876
9380,0.7431719987877552
9381,0.20296589925253833
9382,0.26107720036610693
9383,0.47584435471967107
9384,0.16702415888223937
9385,0.4555666761244018
9386,0.7199355211459605
9387,0.4360324731635874
9388,0.479579202057871
9389,0.2140740546321049
9390,0.6711726631220024
9391,0.5578035587014969
9392,0.540852412273932
9393,0.16260103814006993
9394,0.47754966621277783
9395,0.3048056216732599
9396,0.5912974406398128
9397,0.2751055922455006
9398,0.45037453991783855
9399,0.294673446812184
9400,0.7546311442910858
9401,0.2540424946148334
9402,0.324029145088638
9403,0.6924402928514435
9404,0.23522197354487873
9405,0.24736656722228462
9406,0.46047682129489964
9407,0.40479314292878515
9408,0.30127704522595794
9409,0.2042055863230642
9410,0.2296348461714082
9411,0.19325181422460744
9412,0.34936720768824864
9413,0.1720618256106665
9414,0.429385825713985
9415,0.3601084066230302
9416,0.3952741066036168
9417,0.24199852230378405
9418,0.18959041875541333
9419,0.306448002777639
9420,0.2664800483304892
9421,0.22352041859895475
9422,0.7543429464935993
9423,0.4609348809538286
9424,0.32263793226183174
9425,0.33920654908459535
9426,0.18212439296985508
9427,0.612520261380598
9428,0.3073282416617078
9429,0.7792759771715415
9430,0.49608127765528776
9431,0.7563431559228926
9432,0.4035610028898547
9433,0.4619238314851683
9434,0.18360651507236714
9435,0.16899343581394596
9436,0.3948051077778896
9437,0.4324302544917827
9438,0.22782972564587586
9439,0.35554140228884806
9440,0.7454640125571196
9441,0.3167048454131004
9442,0.25075015157098235
9443,0.27893390584415084
9444,0.19332527402293911
9445,0.4018445546934111
9446,0.14244782719589505
9447,0.21006091461146806
9448,0.16948291229724405
9449,0.4674838308977027
9450,0.5869444441707115
9451,0.32379429263918824
9452,0.5966948279391826
9453,0.15628720403259744
9454,0.38485119851651045
9455,0.7079700618564774
9456,0.3876865483135728
9457,0.5059784154464934
9458,0.2375383537346388
9459,0.3873922212921453
9460,0.5689103376719509
9461,0.2998694060666972
9462,0.6283682485075439
9463,0.44195596813341603
9464,0.30274008885471654
9465,0.2539850824128649
9466,0.3673434443186451
9467,0.22642595056030632
9468,0.23865680659892127
9469,0.6845963533816044
9470,0.2362884650198363
9471,0.2988536890404466
9472,0.4361601709348348
9473,0.3939528770258531
9474,0.4350279727964918
9475,0.6826169399484441
9476,0.2568086212558317
9477,0.1803539494277969
9478,0.17020534812720786
9479,0.2139248601470266
9480,0.47177778791489056
9481,0.4517520410585875
9482,0.6746024385630822
9483,0.3339673997720834
9484,0.628578491681255
9485,0.4091689133164847
9486,0.5160211111651485
9487,0.21653561169995283
9488,0.6812041392322318
9489,0.519328631181137
9490,0.5629987267237007
9491,0.205900582623534
9492,0.31451231199350266
9493,0.36832147522206937
9494,0.21042576608091718
9495,0.2307951174564666
9496,0.4730775905721925
9497,0.2738342271215397
9498,0.25684080628588885
9499,0.2513101725644879
9500,0.3375064174508083
9501,0.3229167620196146
9502,0.44082385665215007
9503,0.2885433546167827
9504,0.4988600053832633
9505,0.39781800780455495
