respondent_id,covid_vaccine
4757,0.17327618084653143
4758,0.0680489151675193
4759,0.22915362067869183
4760,0.20109989930836336
4761,0.013349150972835601
4762,0.8108378549685635
4763,0.4569087871285949
4764,0.7884670096545295
4765,0.8736111404573791
4766,0.14920809636978294
4767,0.013595833432533523
4768,0.8709099225647174
4769,0.8284715168436896
4770,0.26165735290725284
4771,0.012270558965016682
4772,0.14780859112199524
4773,0.02121102582121263
4774,0.044747280323102955
4775,0.2434140690407019
4776,0.5759794533511574
4777,0.0207078183528305
4778,0.1125928339860857
4779,0.3046171647852712
4780,0.8167674359618388
4781,0.03630071030801361
4782,0.06049734352956127
4783,0.0842910920401105
4784,0.011827303562274656
4785,0.3049418116558874
4786,0.8849801792429629
4787,0.023494564443207463
4788,0.013618030825608706
4789,0.18615026242935753
4790,0.8910280113494552
4791,0.03603296076688325
4792,0.3595108729393716
4793,0.518669171927611
4794,0.94775958630088
4795,0.03235632084794731
4796,0.13277526362984773
4797,0.026380719501200852
4798,0.8058100201148385
4799,0.22196519822724614
4800,0.07283042617371989
4801,0.11712075326668697
4802,0.14048801523691276
4803,0.00981141933177886
4804,0.21824221714643566
4805,0.006812669639094163
4806,0.0422651480986761
4807,0.012786942211218599
4808,0.16267415674000574
4809,0.25636693947040406
4810,0.5984929046275679
4811,0.8785939610902107
4812,0.027402641912687122
4813,0.14586447548883294
4814,0.03218718811380707
4815,0.010022444890822916
4816,0.4975199097677791
4817,0.019192509899019165
4818,0.013430060937365984
4819,0.25571872185922223
4820,0.6467918355072053
4821,0.49402784220207224
4822,0.055515884515134443
4823,0.5523479298780031
4824,0.2504294252303474
4825,0.04951268012010986
4826,0.3401609132824621
4827,0.5229195509707868
4828,0.015214716621382995
4829,0.8821657287901606
4830,0.15107937661861912
4831,0.06710735907061291
4832,0.06250295713988459
4833,0.01918055468134234
4834,0.9360388718834929
4835,0.9425978698132423
4836,0.03892521424875041
4837,0.047996208558265585
4838,0.010682307800193991
4839,0.030974613778550646
4840,0.24702341588859777
4841,0.580558674651734
4842,0.385897226296655
4843,0.04165515527362679
4844,0.027369235404870976
4845,0.043587719290810886
4846,0.08375022709165911
4847,0.1412160093762214
4848,0.15697625822493547
4849,0.2024820036402764
4850,0.09473963016931812
4851,0.20148608692227588
4852,0.03524368296744321
4853,0.27409272582851746
4854,0.788860677355614
4855,0.5706258514133886
4856,0.03782752692615871
4857,0.09018421019037175
4858,0.7413413190738639
4859,0.2453503789944177
4860,0.017294717326166806
4861,0.012525130175324507
4862,0.062103502012328386
4863,0.1385457878387619
4864,0.041377938942676974
4865,0.1823598973054789
4866,0.483495663479942
4867,0.017618851351775166
4868,0.016400988204813186
4869,0.5348990142333678
4870,0.014891720911090917
4871,0.24466385408455915
4872,0.03876843935586578
4873,0.16268677242392382
4874,0.05613652755717939
4875,0.2197827645425279
4876,0.002214555930189808
4877,0.19310643918244408
4878,0.8418458259845655
4879,0.08760503248823925
4880,0.028784643525990763
4881,0.6423215272695307
4882,0.3159339231787975
4883,0.08352906115947285
4884,0.12896990775135667
4885,0.17570003610383983
4886,0.04457865693459394
4887,0.22281291699420253
4888,0.3759199765590687
4889,0.022548358811419963
4890,0.005497212189044447
4891,0.1449520366514832
4892,0.01758521574858153
4893,0.06096938518291888
4894,0.8758035747510262
4895,0.050220770399124225
4896,0.8267801765004351
4897,0.9864933819376391
4898,0.11104437404857144
4899,0.04670754360810506
4900,0.0604609076664228
4901,0.2402754187947982
4902,0.2546414941132637
4903,0.11645130349922557
4904,0.8887042740470309
4905,0.024872187141919664
4906,0.04659849701983821
4907,0.7624926550123772
4908,0.6845754137289616
4909,0.6054033631409752
4910,0.11105357899102698
4911,0.26292675893069367
4912,0.0198707948049969
4913,0.854231389414134
4914,0.11802420975961182
4915,0.9052814962796303
4916,0.0501293821002726
4917,0.019150970123406857
4918,0.03059025690497062
4919,0.06867143928657955
4920,0.42197304812392833
4921,0.35764126283353964
4922,0.1356853308923853
4923,0.3862133468473462
4924,0.29009316245667877
4925,0.042996239278638736
4926,0.29204406484545714
4927,0.01404262918874207
4928,0.1031536358743094
4929,0.6043328368173563
4930,0.09899343855890048
4931,0.6607966068392284
4932,0.05630495749341731
4933,0.30271720171448335
4934,0.015520285051474875
4935,0.33572756974337103
4936,0.04678312366738539
4937,0.060194476506045425
4938,0.6331927567872627
4939,0.023107526270367166
4940,0.5718267938218127
4941,0.5965511838487892
4942,0.23769485973319754
4943,0.3214937196843023
4944,0.04829784879434962
4945,0.9549535432458152
4946,0.3352994959678246
4947,0.8280345290509807
4948,0.016733144242152966
4949,0.0188243090638762
4950,0.08319795742775653
4951,0.09444130140086629
4952,0.08572327787577447
4953,0.19446568884642632
4954,0.0818782824080437
4955,0.0976244049880105
4956,0.25684923193990766
4957,0.8167094506009432
4958,0.029796716799708516
4959,0.06337531686146403
4960,0.04331576608018516
4961,0.7152748701313775
4962,0.030006001317494282
4963,0.1480299041535956
4964,0.27711671778263797
4965,0.44302886563182203
4966,0.008614521628859997
4967,0.027053955651544424
4968,0.36904566681821915
4969,0.7944529055398935
4970,0.33480355829918135
4971,0.9394146333004262
4972,0.6649299855139816
4973,0.027536424692137587
4974,0.03282022292857426
4975,0.007245138479590708
4976,0.8005775669932599
4977,0.01764591625209023
4978,0.9733863858575195
4979,0.27459575569468886
4980,0.0033597854459846022
4981,0.09417170672722858
4982,0.05148473301540659
4983,0.013621093582730929
4984,0.33880900402063957
4985,0.25231819451759313
4986,0.036655914068302306
4987,0.04100569847971919
4988,0.9564146210966847
4989,0.01023310449094117
4990,0.011637863728298774
4991,0.11218982517747389
4992,0.017259973117415776
4993,0.5654596109579181
4994,0.6235845006276263
4995,0.055779437539123705
4996,0.011516362626307442
4997,0.11104167998145682
4998,0.21820249590744803
4999,0.5016155488192049
5000,0.01961002543172744
5001,0.23089984455752932
5002,0.05537668921292579
5003,0.6967296349935415
5004,0.3909561658639815
5005,0.4237415864303695
5006,0.16030704172720867
5007,0.32171660158179227
5008,0.029373683342625235
5009,0.07398776900630526
5010,0.015241612936760981
5011,0.09027130603081297
5012,0.013010669149230552
5013,0.013510257258038035
5014,0.006169144355642146
5015,0.06357930882301305
5016,0.009348861943913546
5017,0.06627772031094506
5018,0.923491428286491
5019,0.05844432415378038
5020,0.027912833468389645
5021,0.27313223359933847
5022,0.7833313007135291
5023,0.8534192108628353
5024,0.01927124622180218
5025,0.024061738467807105
5026,0.022125900367402206
5027,0.02870607993621693
5028,0.018432109059620082
5029,0.02279478166460986
5030,0.5503857397110397
5031,0.06615301640901136
5032,0.16696669291849472
5033,0.12339959646445202
5034,0.8084641099878157
5035,0.008159715962724402
5036,0.013202015961595466
5037,0.039949905932577946
5038,0.1584266009562861
5039,0.030858629862834924
5040,0.6595566372565032
5041,0.08581186655925502
5042,0.21429791611078994
5043,0.7382474499725008
5044,0.2309338687600357
5045,0.0167551897396781
5046,0.0752217532137143
5047,0.016850082964997664
5048,0.027206874294858296
5049,0.020027810373129083
5050,0.02811907006939403
5051,0.09062869781317556
5052,0.7643690558622206
5053,0.044990348567700233
5054,0.12069504976048923
5055,0.05044234789549729
5056,0.032851819937870765
5057,0.1225010070803699
5058,0.22575156368155544
5059,0.47117186433730707
5060,0.39874658325279333
5061,0.018624226723985005
5062,0.06430378969806266
5063,0.08953598689739481
5064,0.018028240197016415
5065,0.012149373577136581
5066,0.7883326757556138
5067,0.9234551864677811
5068,0.01229751807560843
5069,0.02266904696299478
5070,0.11707721750873065
5071,0.10787788961444965
5072,0.159724597465089
5073,0.02911193987005983
5074,0.7721675920345266
5075,0.824254608678522
5076,0.35755329532311375
5077,0.4590812178629857
5078,0.23039544370268195
5079,0.8821828692705381
5080,0.047876885215324474
5081,0.12129039925414786
5082,0.029580312376990412
5083,0.5270588988103909
5084,0.5962797417497072
5085,0.21387176916974157
5086,0.7862908056458775
5087,0.009833258332169944
5088,0.2829301988941816
5089,0.3578441438866022
5090,0.16648199710282022
5091,0.010064911384445908
5092,0.4402599305278993
5093,0.16882170397954877
5094,0.44700804930825794
5095,0.24941654189992296
5096,0.02029848233122825
5097,0.010056237604427027
5098,0.8418035010176014
5099,0.10120931600905338
5100,0.1524129811169943
5101,0.0681421878705224
5102,0.521054288930774
5103,0.011364143269083747
5104,0.0025108811183245324
5105,0.06824735355784858
5106,0.12830623001949373
5107,0.23144559061112038
5108,0.12151908475097867
5109,0.022499903771549996
5110,0.19062226130814766
5111,0.03902909228378519
5112,0.5574052353268586
5113,0.8646043097378855
5114,0.015200873197370521
5115,0.13124304869728592
5116,0.20666902850919527
5117,0.044355549450124696
5118,0.6067772637279097
5119,0.03629755277046509
5120,0.09501898993138122
5121,0.05334608575487023
5122,0.25741920880426733
5123,0.13494906408168228
5124,0.09227726745055498
5125,0.009867644828417135
5126,0.008597223336002244
5127,0.19926225533276473
5128,0.034244431552308705
5129,0.03660047651721046
5130,0.6297346554896728
5131,0.3429243306018767
5132,0.007368536083741263
5133,0.09036371201494242
5134,0.032970160687663876
5135,0.2567558714734279
5136,0.42965606804450257
5137,0.6570210398057083
5138,0.32001348876308083
5139,0.8386459273419494
5140,0.9718270139344101
5141,0.19502502386143653
5142,0.3110475834487409
5143,0.004141578252126694
5144,0.09670049795499865
5145,0.6867984280378818
5146,0.01117714310135816
5147,0.033793569111655826
5148,0.02601943973995835
5149,0.7842107161110105
5150,0.027909259913297037
5151,0.5128593688916713
5152,0.9256624391683631
5153,0.24019514552468457
5154,0.39195672668403775
5155,0.21589911334197914
5156,0.8940356978324479
5157,0.003682895665631398
5158,0.16695654769103044
5159,0.282276411431647
5160,0.9639986124233324
5161,0.07105410272294127
5162,0.7583670417370565
5163,0.05386423914661882
5164,0.45498355621132214
5165,0.5250320735849026
5166,0.007866271671776318
5167,0.04175576534610618
5168,0.1727678049542543
5169,0.03480635264810072
5170,0.5556843454899402
5171,0.14303440815794288
5172,0.7633537238761318
5173,0.2248191995603485
5174,0.3599377438973994
5175,0.0819969373027581
5176,0.055862466248986956
5177,0.7132949112483175
5178,0.38706526983886136
5179,0.3352239293308455
5180,0.0521831919989598
5181,0.006220611804311884
5182,0.3052464202397746
5183,0.2707757152806034
5184,0.08249814772940586
5185,0.05008794073040569
5186,0.8675616084954403
5187,0.047956685229293985
5188,0.24252176850018964
5189,0.17702408866093947
5190,0.01901542046455713
5191,0.08793392299213693
5192,0.1057608382534924
5193,0.8987950933977137
5194,0.29865597117360687
5195,0.021091667357465115
5196,0.04698151390150142
5197,0.008219397988903778
5198,0.01797189343342125
5199,0.012106514466700321
5200,0.3079406593578137
5201,0.08336802888424116
5202,0.6635071933697853
5203,0.21557889367054706
5204,0.07187056920092859
5205,0.013979094714780906
5206,0.09987900850234606
5207,0.0845462316138714
5208,0.3379572361124024
5209,0.334913257731
5210,0.026237152062115205
5211,0.01827796927449172
5212,0.07009256045941845
5213,0.08967289437383327
5214,0.1563897687729615
5215,0.08863513914046592
5216,0.0804852243190102
5217,0.03343343956110643
5218,0.5172710393244407
5219,0.04691559964388338
5220,0.8637875105149769
5221,0.03334709563596325
5222,0.9631601428085099
5223,0.08231562170304886
5224,0.041831025232651246
5225,0.12061116925158134
5226,0.8950857123541757
5227,0.32947635779599893
5228,0.22150220896768955
5229,0.22202287716699448
5230,0.92461836217536
5231,0.2520211538725679
5232,0.2104934230048246
5233,0.21470667308908745
5234,0.018790899339200046
5235,0.0842075728739145
5236,0.02082295608417528
5237,0.1025992276091832
5238,0.509051319024336
5239,0.16210954356169965
5240,0.9384075811311401
5241,0.003960235491422939
5242,0.5429888744989249
5243,0.25432730687027216
5244,0.32375392762140504
5245,0.01407086743173958
5246,0.8364141613266793
5247,0.11142317669000322
5248,0.021372021140413863
5249,0.08647964243750283
5250,0.6771602987008608
5251,0.7225657449497768
5252,0.7648377636528798
5253,0.018861966281006004
5254,0.11038294865851447
5255,0.2721804689089263
5256,0.48485286237514297
5257,0.16199160860322487
5258,0.6745991330547261
5259,0.05045967290575761
5260,0.8460017329867993
5261,0.0791918395236575
5262,0.29261663556264894
5263,0.8651938412282906
5264,0.060995175235189804
5265,0.972714860438427
5266,0.16819757124093837
5267,0.1115903439041463
5268,0.09719285805105674
5269,0.010125352467474726
5270,0.3705188996304553
5271,0.0721828144419794
5272,0.017230721686397138
5273,0.02138479474936819
5274,0.10058409856537597
5275,0.030103048342998907
5276,0.86761122878565
5277,0.19196367868288647
5278,0.04117985551387215
5279,0.31876019083315155
5280,0.48508012149394025
5281,0.8354486348386326
5282,0.0023577542624025677
5283,0.17349416528260705
5284,0.009367773727684313
5285,0.05814518651385589
5286,0.17765650058200316
5287,0.9369058478493776
5288,0.04481933265980065
5289,0.009219561493380934
5290,0.039599492352576045
5291,0.47453637618309263
5292,0.1285702464576034
5293,0.016769909103169365
5294,0.09674394619564215
5295,0.14706330569009807
5296,0.9788126111093501
5297,0.6093663916865133
5298,0.7551866623382018
5299,0.012306270309426453
5300,0.14387514171843926
5301,0.04549890095637771
5302,0.1382335002039504
5303,0.07892934390523833
5304,0.3130934796449251
5305,0.09691564661462508
5306,0.06227517280898035
5307,0.8951947892366572
5308,0.7789966903550367
5309,0.41080843030140646
5310,0.011310552053284734
5311,0.032185249487112745
5312,0.44765025142563625
5313,0.011270072066391277
5314,0.2272890560443349
5315,0.028538949683135837
5316,0.8488265427384433
5317,0.02038873680433429
5318,0.05118413181534699
5319,0.2690941828508147
5320,0.35498254630980736
5321,0.13423951970283837
5322,0.017158834989180926
5323,0.09870785249542473
5324,0.022299160090869897
5325,0.8114060433901681
5326,0.0867234147949779
5327,0.10504668816001478
5328,0.560177024538549
5329,0.28563409953191443
5330,0.02018466886663492
5331,0.7989915317958984
5332,0.7480830426223543
5333,0.02770422186802921
5334,0.05273726207686644
5335,0.15560454814933153
5336,0.032780405925435865
5337,0.8022528224851976
5338,0.20211040258648902
5339,0.1612532661961258
5340,0.023264781058722258
5341,0.013479807141665669
5342,0.011403093126839943
5343,0.3094958936330313
5344,0.6372975794503001
5345,0.9660200936787644
5346,0.8235423378217889
5347,0.23184976538552637
5348,0.1150783613746636
5349,0.5195080975697386
5350,0.5458707673253274
5351,0.023252899925775748
5352,0.11971261227952462
5353,0.5925857380820456
5354,0.18724665601586432
5355,0.962280685255834
5356,0.0892270827367304
5357,0.05461717878517738
5358,0.0173108870390858
5359,0.8088940127317841
5360,0.06631201474347502
5361,0.9380972033275012
5362,0.11347004335953788
5363,0.4955321831190594
5364,0.006333973898277004
5365,0.012797672289190643
5366,0.8400564742446726
5367,0.18572752288794658
5368,0.22477939427102467
5369,0.19289611740343052
5370,0.01389765236104028
5371,0.04684098941393113
5372,0.05687128193087489
5373,0.07463782644718489
5374,0.1061436833171276
5375,0.1066806433088183
5376,0.7873363481912489
5377,0.67965495413282
5378,0.8176193326343961
5379,0.6773273750302594
5380,0.10525438546737705
5381,0.16216983724144385
5382,0.03638467879395492
5383,0.03241097611986918
5384,0.027714300590609513
5385,0.02627999617006739
5386,0.07692887432440351
5387,0.9307540757910303
5388,0.059929513593682315
5389,0.10024671592582927
5390,0.015711756626166532
5391,0.15586674672226014
5392,0.08997664778640883
5393,0.06695785764853189
5394,0.08071366932634766
5395,0.055972240085634305
5396,0.043481043484811126
5397,0.5762479723903859
5398,0.5897317568396409
5399,0.6544903945267329
5400,0.9642819466863742
5401,0.20728224997277048
5402,0.3823518339860513
5403,0.012257827744221418
5404,0.049615350017795254
5405,0.9536592340914012
5406,0.7361415922070066
5407,0.5963275053072229
5408,0.8574598347850878
5409,0.10214477104327624
5410,0.24642989289585798
5411,0.39331109174260986
5412,0.07090358038313394
5413,0.22816436027223128
5414,0.03150899729576222
5415,0.18723546306531974
5416,0.12515462747824876
5417,0.2019148621942592
5418,0.08278700966877486
5419,0.050816353665857426
5420,0.044073443289683975
5421,0.22660101678643207
5422,0.18819793047544478
5423,0.02896618928663496
5424,0.4253103005709375
5425,0.7963815943115602
5426,0.01737566207519202
5427,0.02152270036362317
5428,0.9274827546675205
5429,0.028183965595436566
5430,0.22629080621426775
5431,0.06200505664423559
5432,0.13400671212787238
5433,0.7181635418914224
5434,0.2947677308268171
5435,0.25238580291415125
5436,0.23214298733728092
5437,0.03121491985330094
5438,0.08970500662460833
5439,0.0360011687158039
5440,0.8996977662141773
5441,0.0674013938258189
5442,0.02702031021549209
5443,0.09957966671985059
5444,0.44744358475594664
5445,0.8844040035103908
5446,0.42670081058446135
5447,0.20057596808364475
5448,0.7232863939774938
5449,0.06719222495631012
5450,0.08200869986725201
5451,0.0889117076187862
5452,0.5643157782041681
5453,0.06671457225781423
5454,0.04945228483264549
5455,0.2171355015219025
5456,0.4761917806979785
5457,0.4037821174980048
5458,0.10853682117577905
5459,0.08369244058250902
5460,0.2560175175664008
5461,0.021765254796518998
5462,0.5033972704296661
5463,0.01167541700754828
5464,0.0042979472198309806
5465,0.4422421915891397
5466,0.06854443880259743
5467,0.24049072020592896
5468,0.7959605723353724
5469,0.2039713573275728
5470,0.0670785406168119
5471,0.03317081068886027
5472,0.1302671171271941
5473,0.5026964388081943
5474,0.0399413821716939
5475,0.8468486330581249
5476,0.11135320674167837
5477,0.96215570039162
5478,0.01851095181178685
5479,0.0325354792446548
5480,0.3265380705432706
5481,0.9088519346295166
5482,0.060709332239926
5483,0.0721685966331308
5484,0.07057258202970304
5485,0.3147069356630143
5486,0.024328303028296454
5487,0.6920869330443165
5488,0.12562173670498514
5489,0.31438630468464807
5490,0.26408064005396703
5491,0.005377388683104138
5492,0.6785233068088735
5493,0.008643074623152579
5494,0.5227622295417793
5495,0.15407158096157647
5496,0.8789849006457835
5497,0.018251477348069166
5498,0.26031757031514063
5499,0.10563890774635905
5500,0.046057399085320264
5501,0.166701772716855
5502,0.35688178975951756
5503,0.00783985222144156
5504,0.24734624883607517
5505,0.008742437397988696
5506,0.017533599859235673
5507,0.039680797676130496
5508,0.06039296540749134
5509,0.14982935284380572
5510,0.1786890206897302
5511,0.7458550341226696
5512,0.0712448854330418
5513,0.07893316956844923
5514,0.02517738778069915
5515,0.7891614861553198
5516,0.21863456049899901
5517,0.06440088803447655
5518,0.6825044121342639
5519,0.3275778841275268
5520,0.1381816520095749
5521,0.6768401625633599
5522,0.09504635345395428
5523,0.08064352273178993
5524,0.6744237416771488
5525,0.0772778734728506
5526,0.07935797436810281
5527,0.035001254791913725
5528,0.6886237331902564
5529,0.1773239771431565
5530,0.060548706199454454
5531,0.006206478386624508
5532,0.12197543490790419
5533,0.910383674728045
5534,0.014249499051544764
5535,0.7445101834062566
5536,0.7237594806242874
5537,0.04955262317834644
5538,0.023021910098635554
5539,0.045294590824101505
5540,0.13556706933286833
5541,0.004781365814469748
5542,0.15094043545885397
5543,0.23691785509163285
5544,0.3753787800917662
5545,0.22318797566463344
5546,0.17247356199789526
5547,0.1507321105526918
5548,0.520397008846637
5549,0.03108813126121499
5550,0.0782816451470646
5551,0.13324897639977243
5552,0.22797060605178507
5553,0.016705399633123657
5554,0.012174288670868222
5555,0.12592831096878634
5556,0.015555909016136193
5557,0.5340052153823083
5558,0.8751712877641852
5559,0.44737482581687465
5560,0.04090776250333004
5561,0.34000207060387083
5562,0.9173382877537924
5563,0.15651165773587497
5564,0.8531935496784728
5565,0.2522979210538292
5566,0.015318862221081694
5567,0.5991429436835973
5568,0.352815304582982
5569,0.9022796207430049
5570,0.20293361577366192
5571,0.2111306133330667
5572,0.08609586953903162
5573,0.38698156641414283
5574,0.11784832206865083
5575,0.10335777648453019
5576,0.07091243831863472
5577,0.3330069553791326
5578,0.3458376736996356
5579,0.01598377968439754
5580,0.31984172185621823
5581,0.10328512462106472
5582,0.5791266640765176
5583,0.3724338751867336
5584,0.028695753464441903
5585,0.09795457672569641
5586,0.6938338646822317
5587,0.6982856182060284
5588,0.052045023074711885
5589,0.06899012853931494
5590,0.008823546795220483
5591,0.024857706734050918
5592,0.369123597795751
5593,0.026051468424385625
5594,0.18554853230874382
5595,0.9314080735894945
5596,0.3364667705841576
5597,0.17908891638580554
5598,0.04264721441293212
5599,0.03619667762793784
5600,0.4182431637406408
5601,0.3501939126190944
5602,0.6515343090582432
5603,0.03950853607422537
5604,0.0920760673849449
5605,0.06441720550638505
5606,0.03190758523708139
5607,0.29512296396308046
5608,0.021937594835959726
5609,0.964821273293342
5610,0.006507103865887405
5611,0.18018357466489665
5612,0.17530199110992606
5613,0.20535239188460525
5614,0.07144770719792692
5615,0.9503735929957611
5616,0.962008700648066
5617,0.8779527987828191
5618,0.050030963002986956
5619,0.535294695745709
5620,0.05383762953180707
5621,0.1096619190534076
5622,0.8067961840478097
5623,0.5232470011280715
5624,0.3984481076407773
5625,0.5006200049471056
5626,0.4884056599656728
5627,0.4465530305942308
5628,0.044317479970002994
5629,0.21815900882515243
5630,0.2434447329847922
5631,0.006615517379511601
5632,0.8906096806678191
5633,0.1923984922557861
5634,0.65929748250735
5635,0.20131904545128765
5636,0.1895324145842078
5637,0.18987443331062184
5638,0.043530253001129095
5639,0.3217074725273766
5640,0.10959907516101025
5641,0.03327283735838966
5642,0.627787053997759
5643,0.02813283568105642
5644,0.07921278103297001
5645,0.3074315876514823
5646,0.0599617860364561
5647,0.03941106598194339
5648,0.7039579958224009
5649,0.012590164373771197
5650,0.0758406618752813
5651,0.9136850673400063
5652,0.10374525369753435
5653,0.4957017625650585
5654,0.24599349874057416
5655,0.04478438775983155
5656,0.046947924333455696
5657,0.023109126983751813
5658,0.038612262661194656
5659,0.10931498207258453
5660,0.6129952486649307
5661,0.28679988452215305
5662,0.05400172768001687
5663,0.007542862586499978
5664,0.17676988422551326
5665,0.634635729252952
5666,0.8847811529488449
5667,0.046483698047332024
5668,0.6684163065299307
5669,0.7925466873566535
5670,0.7313555365212568
5671,0.09049897423073155
5672,0.6749517978698115
5673,0.6046840064107237
5674,0.04423945460910079
5675,0.0117729825084775
5676,0.5886978370203161
5677,0.055931655616359585
5678,0.7372803766149133
5679,0.9645252398610971
5680,0.0363456349488377
5681,0.8670642017024179
5682,0.21309250083277415
5683,0.12547734232038302
5684,0.026777327560292944
5685,0.02908485759983616
5686,0.7377285402306111
5687,0.2436939868128402
5688,0.07292301010323539
5689,0.2871104258659898
5690,0.0328261366381823
5691,0.004727081773827556
5692,0.615505726330646
5693,0.3367561962094102
5694,0.5665981229848819
5695,0.011722815926850086
5696,0.06656097333876414
5697,0.013776165102494782
5698,0.23447640409868684
5699,0.030269198836796067
5700,0.05413403437896509
5701,0.15925137243108964
5702,0.017871854258951016
5703,0.033641284065343356
5704,0.12140285733434128
5705,0.3082570162412323
5706,0.9769572517625563
5707,0.12504247574155625
5708,0.1491999581594588
5709,0.24696470596416573
5710,0.6123365225098829
5711,0.03406684396429594
5712,0.7990569949143146
5713,0.12826229842946182
5714,0.2829863847678018
5715,0.7411734682468165
5716,0.028859337361214703
5717,0.26163734714228126
5718,0.6080444745724721
5719,0.01001921460038055
5720,0.06206864003215551
5721,0.22756995612590594
5722,0.054360225964802694
5723,0.0092849022566792
5724,0.4522093360196321
5725,0.015560286363277581
5726,0.022503163702956457
5727,0.1890847293577271
5728,0.17034956610744237
5729,0.4009812595403328
5730,0.21568687919096893
5731,0.04328979227837901
5732,0.015811286890331934
5733,0.05762400688290294
5734,0.19405494674940513
5735,0.7993815116353294
5736,0.10442148732009816
5737,0.57399391177448
5738,0.07429241414181569
5739,0.028157803148171935
5740,0.44989660260024655
5741,0.06918580483718854
5742,0.07402527127756922
5743,0.0716955522815722
5744,0.09702667131168001
5745,0.05242941968655167
5746,0.5852557962318423
5747,0.4345523569445474
5748,0.05356181403231902
5749,0.0836145995727824
5750,0.05478339915842481
5751,0.32097462246787895
5752,0.8229548156079018
5753,0.01936600528591623
5754,0.32784419788045904
5755,0.08570510665707536
5756,0.6353556018136881
5757,0.041202835072652114
5758,0.6165121080619406
5759,0.1283168139491726
5760,0.005745383461002223
5761,0.2532274685906796
5762,0.06970731447823775
5763,0.20382152763313963
5764,0.4252295373704192
5765,0.23527078648315178
5766,0.04278433885254925
5767,0.13795475512710148
5768,0.47296822729744414
5769,0.16076700563648766
5770,0.01963116530479039
5771,0.679487130066294
5772,0.28541698682243144
5773,0.15818202343809432
5774,0.028522297143398465
5775,0.04430191588408007
5776,0.10975347151751615
5777,0.7689936868102076
5778,0.5433088070641355
5779,0.3181216714674986
5780,0.024404670087443816
5781,0.1844789704729144
5782,0.07562900074057742
5783,0.014633601875135353
5784,0.01838918348003854
5785,0.9083723766509423
5786,0.7462383660342433
5787,0.8530610089083074
5788,0.2199396847118779
5789,0.06178400660034744
5790,0.060922845866034345
5791,0.480992232375181
5792,0.7372407802791386
5793,0.5372901045777732
5794,0.4058428172544692
5795,0.03956619552143054
5796,0.7738802335860807
5797,0.06480507041590572
5798,0.028925450324349265
5799,0.0995842746625006
5800,0.19693737822476662
5801,0.11964921910546483
5802,0.04637792974343866
5803,0.8754910635934976
5804,0.07942807050486739
5805,0.7821775854986429
5806,0.010486380864515933
5807,0.910311079850206
5808,0.9678299091887107
5809,0.04647470840239792
5810,0.852683026400569
5811,0.04049164278560496
5812,0.13973974292068198
5813,0.06842924459771191
5814,0.056714444143815976
5815,0.026683322352280513
5816,0.35764747125430263
5817,0.05799972494873707
5818,0.015827752047999247
5819,0.33504623787441645
5820,0.12690086171800663
5821,0.24979260522468102
5822,0.16585351455055997
5823,0.8911399668250934
5824,0.49638209128104216
5825,0.1722415204048379
5826,0.7836959799911104
5827,0.04045215786783363
5828,0.13293444358560538
5829,0.09705673901317806
5830,0.00885354433385518
5831,0.022005935393261216
5832,0.9104434085722338
5833,0.037986754809055924
5834,0.03949199895150272
5835,0.774239590617471
5836,0.12376823764776924
5837,0.03923134334579194
5838,0.03672995518053724
5839,0.6321508162659435
5840,0.026173403548250738
5841,0.04182791769992996
5842,0.9328126621208966
5843,0.10618898943823342
5844,0.052580723158356976
5845,0.9366681448210687
5846,0.03443170703505943
5847,0.05101908850200308
5848,0.17585852405455607
5849,0.015178958664083161
5850,0.9379533200729646
5851,0.058679466399844796
5852,0.21441417066823282
5853,0.11074858564338042
5854,0.3543492532516032
5855,0.28178165793309307
5856,0.07383603362824498
5857,0.031206105581260635
5858,0.1959410839865614
5859,0.1168978100525014
5860,0.04639415033168454
5861,0.22195861683050377
5862,0.8380846685282467
5863,0.15116000425427734
5864,0.29453471012178783
5865,0.5029477363576715
5866,0.0075287726892495025
5867,0.05833763138541392
5868,0.02098526826402504
5869,0.019155968990075684
5870,0.4438168923841239
5871,0.038284731992184906
5872,0.09712589865098413
5873,0.018698208136907618
5874,0.05069654828619991
5875,0.03966354264322806
5876,0.12208822026585443
5877,0.8181145338580023
5878,0.9664132692331445
5879,0.9108948949974078
5880,0.12199534936835899
5881,0.4693807481086309
5882,0.6942557401464392
5883,0.01923370078337187
5884,0.21165693513626402
5885,0.015445420405313666
5886,0.8395823873849343
5887,0.21776047495464046
5888,0.08455877686190952
5889,0.9034941303952332
5890,0.4165571611951424
5891,0.5405792420145034
5892,0.6469441232086189
5893,0.4841247259599954
5894,0.01308608968572444
5895,0.028933926733524743
5896,0.008360614524845756
5897,0.013263614863694033
5898,0.9007610958543336
5899,0.5725152125846685
5900,0.604252818422126
5901,0.10147173820176368
5902,0.5804703364889489
5903,0.0018993522448093048
5904,0.29511718826974065
5905,0.3051479817792158
5906,0.04807694582522133
5907,0.029148789161024414
5908,0.1446308310184533
5909,0.586291788508624
5910,0.0406859940562389
5911,0.8314678918088207
5912,0.026014435004776564
5913,0.3275855521727948
5914,0.11283256915227169
5915,0.24275511567506639
5916,0.02428016078513129
5917,0.29419861387293644
5918,0.11465998202028188
5919,0.0726893060690209
5920,0.025875915067204606
5921,0.055572106529618276
5922,0.10328355999884195
5923,0.21615921405556818
5924,0.41953052363094856
5925,0.04547764991456498
5926,0.01625598100340787
5927,0.4950530093447766
5928,0.2514978351159288
5929,0.6417561723582862
5930,0.2783736517807062
5931,0.16742168288271875
5932,0.8476407981131892
5933,0.014922893521857997
5934,0.47102295308331477
5935,0.21937727610039423
5936,0.037107448648719385
5937,0.1513921534901645
5938,0.3406187109835462
5939,0.03213378360568397
5940,0.13791588264618013
5941,0.0897939669533761
5942,0.6814090227615384
5943,0.8275826198780968
5944,0.013224640199756419
5945,0.3345130312219922
5946,0.21933547986946567
5947,0.7301261873353535
5948,0.25596133049654995
5949,0.08483518037436676
5950,0.7882611480471037
5951,0.19135971363291351
5952,0.03544970305563408
5953,0.0446270001320853
5954,0.049521012795061346
5955,0.022100120952968365
5956,0.9602738504184446
5957,0.16027797709810668
5958,0.05291427213528484
5959,0.01929027349254848
5960,0.4573444032297213
5961,0.8177073415964624
5962,0.8765043593972823
5963,0.5206655188048954
5964,0.17242798799953438
5965,0.07498899053377557
5966,0.03656771699521093
5967,0.26606680146569
5968,0.6247355052167575
5969,0.6853215697804251
5970,0.015843994109055227
5971,0.5867882492482791
5972,0.9209361783366243
5973,0.2897177615873894
5974,0.9286698471329587
5975,0.13960343874958925
5976,0.0152944460793143
5977,0.559050042187489
5978,0.08684176300664548
5979,0.12333628152016933
5980,0.023044041374617102
5981,0.073593894242834
5982,0.08668906633965202
5983,0.4292008937514793
5984,0.07637388884683254
5985,0.04712152614324725
5986,0.014447620427234631
5987,0.02236118165675491
5988,0.052575497813211185
5989,0.2596314320196041
5990,0.19272550208769543
5991,0.17981248233159858
5992,0.2735372055737146
5993,0.5646073616163524
5994,0.8731238040107455
5995,0.04528340392718716
5996,0.1621741791657152
5997,0.015361690141401697
5998,0.005772652820197836
5999,0.02530916457528967
6000,0.09015705290725902
6001,0.9448311689651633
6002,0.008766955013425842
6003,0.024057705157990078
6004,0.5558037813139023
6005,0.07858491972146094
6006,0.03213345911147883
6007,0.34395004022331715
6008,0.1930454582921049
6009,0.2882896531617084
6010,0.028934538876517778
6011,0.18391773511121776
6012,0.04046531557046621
6013,0.04330894077453246
6014,0.053585679155199725
6015,0.11670856729322175
6016,0.13555027763777858
6017,0.049346289681140784
6018,0.816721578590697
6019,0.12037574427771673
6020,0.023717689703904997
6021,0.9494817305322785
6022,0.596436803454769
6023,0.013812460032265453
6024,0.029349418309732003
6025,0.14636615772479114
6026,0.48472134203456496
6027,0.09475460511515482
6028,0.5460835784643809
6029,0.48607202438602387
6030,0.07910818621328564
6031,0.005041482859682916
6032,0.034825702199482035
6033,0.2059049385702451
6034,0.11499980295582285
6035,0.03499049477251118
6036,0.8777762959294
6037,0.017145022552095067
6038,0.6505690778299145
6039,0.044391042840834616
6040,0.0800751292007596
6041,0.0688448896714476
6042,0.07498262413396745
6043,0.03279256644528943
6044,0.21523661756489473
6045,0.0370550315437341
6046,0.02163953378321843
6047,0.880900566801298
6048,0.8403080102358179
6049,0.9207084920279222
6050,0.49235062992821077
6051,0.14980571153466526
6052,0.6249003436635556
6053,0.10985741946533792
6054,0.034749304876083915
6055,0.07083360978497542
6056,0.009139724285914497
6057,0.079985259055763
6058,0.17506627056888843
6059,0.5910205170087666
6060,0.49406373285874106
6061,0.09755492305525112
6062,0.5428831981142523
6063,0.38235187809153104
6064,0.485249957484487
6065,0.10978912879812058
6066,0.02859833117393693
6067,0.0343333511216459
6068,0.13335268088312188
6069,0.9724940600130024
6070,0.27894623575201016
6071,0.05337501221682788
6072,0.2689589687506382
6073,0.2085178689446889
6074,0.042771745508352936
6075,0.8060979408692042
6076,0.003280185456602089
6077,0.9523308533685177
6078,0.1252062217347317
6079,0.11771576227694118
6080,0.12280196310159254
6081,0.07755449517856991
6082,0.18374878051619106
6083,0.879117062424854
6084,0.08575767628707893
6085,0.021726602314512403
6086,0.7427667978169767
6087,0.1379980158853006
6088,0.23924755290966182
6089,0.10599853602241568
6090,0.02728038862605636
6091,0.010695443660231337
6092,0.14031935528142658
6093,0.0228773286736469
6094,0.10916935801832045
6095,0.13588057453387078
6096,0.04841810253783508
6097,0.2680206770058667
6098,0.1846865258268989
6099,0.6785907507636049
6100,0.10578384090942528
6101,0.6221672818787627
6102,0.37390848933567633
6103,0.007177427410332145
6104,0.7605766765163178
6105,0.5559514484357717
6106,0.14303269240733438
6107,0.01636627276158373
6108,0.04256570854629462
6109,0.22598415220824325
6110,0.32959371537016036
6111,0.14148122540801272
6112,0.2424818872439443
6113,0.07375824183750537
6114,0.36896727703765475
6115,0.059965400276721904
6116,0.0801289880815862
6117,0.05393552816815304
6118,0.027826621804000442
6119,0.31918188530602265
6120,0.1266306343338669
6121,0.04907526613713891
6122,0.9020926639338572
6123,0.07696435530689001
6124,0.22563128654269748
6125,0.8031134000660358
6126,0.3109126452066031
6127,0.03427278358021614
6128,0.06864785328933004
6129,0.9036145921847506
6130,0.01705503001736802
6131,0.06549894682009154
6132,0.042113983686884904
6133,0.49187623324093876
6134,0.04000313796241703
6135,0.19645350704410414
6136,0.051304811462185206
6137,0.04796527354337359
6138,0.02993435510610647
6139,0.11837558442072169
6140,0.020481133151346108
6141,0.05261063666859971
6142,0.4345452022332507
6143,0.02055766615260759
6144,0.42057107162447643
6145,0.02677102186134748
6146,0.029632982991164097
6147,0.6677114932331609
6148,0.942421911608501
6149,0.015439528101663312
6150,0.38754249212301256
6151,0.008476241920223854
6152,0.07568541580401707
6153,0.5042297658808067
6154,0.7154036635569878
6155,0.08705919951464405
6156,0.40054594767138313
6157,0.026089363719110442
6158,0.16012162127696036
6159,0.7691352289336909
6160,0.6503395665434507
6161,0.44283480004031894
6162,0.30421565383471877
6163,0.07259648786277244
6164,0.6388523170766297
6165,0.04321673915139335
6166,0.157247289492549
6167,0.06106805364734601
6168,0.03311929829332407
6169,0.19994774026902118
6170,0.011000514060700883
6171,0.44430111065818806
6172,0.0411650443918744
6173,0.03740468584994161
6174,0.13397141828655895
6175,0.7780891634597964
6176,0.7133365889328447
6177,0.10997286530097897
6178,0.5473387901262615
6179,0.07236401599759722
6180,0.8993359495064664
6181,0.7241074314631566
6182,0.030429878008968368
6183,0.028775165220629693
6184,0.6782737082871892
6185,0.3361417956106159
6186,0.4814007758134935
6187,0.07977491616197882
6188,0.048942445035604194
6189,0.12139295672297598
6190,0.9576117195020882
6191,0.42132592085876047
6192,0.007897777525004446
6193,0.011080995366582424
6194,0.011274958144835584
6195,0.7788662330827918
6196,0.008748592299493286
6197,0.06462689358910712
6198,0.22528055749277792
6199,0.20501419943022825
6200,0.21183255521187805
6201,0.0483738142692113
6202,0.10872170714149468
6203,0.06080003182117412
6204,0.09326746304617288
6205,0.038491960308049106
6206,0.03502933790446182
6207,0.1544609460070422
6208,0.5968761766985304
6209,0.5882076351444463
6210,0.7181090260965128
6211,0.8400216653938083
6212,0.18553697846607542
6213,0.025165905650748322
6214,0.10570174100019515
6215,0.9880123373253811
6216,0.3822718865580604
6217,0.8131023938120829
6218,0.9709722181575052
6219,0.4363741722310031
6220,0.029076488622664
6221,0.15036586425330448
6222,0.053590720367228256
6223,0.016053039943682172
6224,0.04158323971072017
6225,0.05357271629609471
6226,0.31491153164139624
6227,0.2222085197259628
6228,0.9557474181504856
6229,0.26370260598390854
6230,0.01173705725069749
6231,0.09581723327234892
6232,0.38800359654503797
6233,0.08333499142920496
6234,0.09033287594590399
6235,0.04552316798303727
6236,0.10857208835022818
6237,0.3597498784456907
6238,0.113846128621706
6239,0.013218429201611877
6240,0.06700954872009751
6241,0.7232085196597765
6242,0.06479200736765739
6243,0.18404354433974773
6244,0.16137537688367082
6245,0.1103034868439754
6246,0.010893325780233208
6247,0.09181294438824122
6248,0.008236059073784675
6249,0.16159680529776035
6250,0.12726153695344988
6251,0.03181769459053355
6252,0.9029394661240708
6253,0.2641570013742845
6254,0.2870585004862095
6255,0.0321320749447344
6256,0.015032986443925273
6257,0.22472910136742283
6258,0.06639471617113613
6259,0.11136922327259625
6260,0.01673878908634141
6261,0.24123135955981712
6262,0.3709533842451087
6263,0.3333268324455388
6264,0.7506139921565379
6265,0.13026751443662
6266,0.4014940247785331
6267,0.4753513396688893
6268,0.024417223546924223
6269,0.6267716296452537
6270,0.12872779398266748
6271,0.007502578614523109
6272,0.024946802230621675
6273,0.19938885071818238
6274,0.184821035678641
6275,0.04435266195872943
6276,0.056622797688667105
6277,0.3536077844020789
6278,0.24202500283773415
6279,0.3446639775309457
6280,0.04886024970984435
6281,0.45021999680899333
6282,0.8747735707950729
6283,0.2649258918721201
6284,0.007907698522773553
6285,0.8242028318686331
6286,0.3615598786664913
6287,0.012772298485713795
6288,0.47795752100623146
6289,0.9729846716337428
6290,0.8534663640772207
6291,0.9668430693757926
6292,0.18796247405591973
6293,0.07683240723458294
6294,0.2730263212179617
6295,0.01182025921925357
6296,0.0474967093759297
6297,0.16999388073929578
6298,0.7181605662867738
6299,0.7756755170896412
6300,0.2221576496397032
6301,0.4071267214312106
6302,0.13277319207462102
6303,0.34267806267433937
6304,0.11980816491720618
6305,0.4761083218493218
6306,0.00933198717029665
6307,0.12092120080907141
6308,0.6128023644085078
6309,0.012385292257414632
6310,0.07773265899113578
6311,0.16987064419314846
6312,0.6587853667541597
6313,0.1245862336215599
6314,0.28270824624258833
6315,0.014395313054450453
6316,0.02903826232353834
6317,0.010254913323645946
6318,0.5711644129674922
6319,0.20223581336919988
6320,0.42546438048293095
6321,0.4467369427576236
6322,0.4853575949157775
6323,0.4338108943272631
6324,0.9162504741782902
6325,0.9102305219306431
6326,0.8790624140382192
6327,0.2647406067905681
6328,0.14236331444864586
6329,0.09634949599005266
6330,0.05179932014202981
6331,0.15768982601131784
6332,0.2156213144225264
6333,0.6054013046910757
6334,0.24764354955861492
6335,0.8349848405325725
6336,0.27984200472180915
6337,0.16597063091662181
6338,0.04418847550610845
6339,0.06985633262281325
6340,0.052100713183561354
6341,0.4012985161210359
6342,0.6144225467684069
6343,0.42625049285941546
6344,0.11760682915227362
6345,0.4240630668196296
6346,0.10781494011916554
6347,0.1002413071293398
6348,0.08319636981708661
6349,0.2131478345690166
6350,0.04107424010308591
6351,0.7148401568220055
6352,0.6080285922891996
6353,0.6445022469710798
6354,0.9494801694570354
6355,0.17710088176701652
6356,0.19126629901685907
6357,0.3022747285585521
6358,0.02032298174232431
6359,0.7701127483572772
6360,0.37991512795312843
6361,0.058166558617223765
6362,0.05130269229297236
6363,0.08243763895933695
6364,0.12337367107459506
6365,0.022142525973632768
6366,0.7736624241810213
6367,0.5293661119561959
6368,0.015674906468445035
6369,0.9454364611678013
6370,0.9230186125611263
6371,0.04040049875414374
6372,0.023807201439116677
6373,0.6440357242796539
6374,0.5563920125175974
6375,0.020575334837844565
6376,0.5575828762305399
6377,0.07222115143710241
6378,0.022502829114150392
6379,0.006621489798653913
6380,0.04015841086369454
6381,0.4557992357440162
6382,0.026886575848414695
6383,0.019880334497999523
6384,0.075718838065172
6385,0.39636464414883704
6386,0.013633924468929956
6387,0.2883770422653744
6388,0.05255059319790289
6389,0.1780624721721434
6390,0.006596771953905168
6391,0.9794530033635546
6392,0.05021941583969562
6393,0.41338035539978274
6394,0.31178737167880344
6395,0.7173699349464531
6396,0.01781428046076967
6397,0.9691696197702725
6398,0.06842648359079222
6399,0.06021281758338552
6400,0.2190011374509162
6401,0.07127756369893375
6402,0.9494969201359977
6403,0.8454372389243181
6404,0.01908254274188112
6405,0.019079652900988495
6406,0.4824365247491089
6407,0.004754128241999851
6408,0.2780076796349164
6409,0.06384536897155114
6410,0.022328603211368748
6411,0.0324765522590396
6412,0.10770818234883393
6413,0.8063233368785488
6414,0.06979249742404182
6415,0.08491741349701874
6416,0.004887888230001442
6417,0.014791000281987573
6418,0.2299170620776373
6419,0.9809116078624168
6420,0.016920178200284564
6421,0.08566187634667818
6422,0.5476095313858113
6423,0.028170440790142588
6424,0.0873838896813631
6425,0.036356820429245096
6426,0.016028921903780975
6427,0.24122693803080572
6428,0.27536693672783635
6429,0.05648476059649502
6430,0.726385094961087
6431,0.8157219085184559
6432,0.9590347369880824
6433,0.2048116212130088
6434,0.024772369806132368
6435,0.1341248139400061
6436,0.30518621554294906
6437,0.2701515094868419
6438,0.031534873124304454
6439,0.04896315034384302
6440,0.08873054154951351
6441,0.07126021398238247
6442,0.9585012635544038
6443,0.27007656293613713
6444,0.01577904463709444
6445,0.035342040380740014
6446,0.21934025531415793
6447,0.03372825829969647
6448,0.02936064806440147
6449,0.028392182818766962
6450,0.5160182112498796
6451,0.16039113211131717
6452,0.13818454012707354
6453,0.7340478677073113
6454,0.8234491960457623
6455,0.48830300513003194
6456,0.07553348092214156
6457,0.2783349178029431
6458,0.02704920371654166
6459,0.25085605533448024
6460,0.7859665816978757
6461,0.11409349635285347
6462,0.9098775644430094
6463,0.8505238227760444
6464,0.4646553053726482
6465,0.6700448828292861
6466,0.8762145435457034
6467,0.12720671362506322
6468,0.10716170188989681
6469,0.005713736538454752
6470,0.27979784715907074
6471,0.036121741847063266
6472,0.0492912222457788
6473,0.18948239229757063
6474,0.017655724576680396
6475,0.10973661484657593
6476,0.07926496680101555
6477,0.19662594720533502
6478,0.4841130795683524
6479,0.28307313094766584
6480,0.10379376815458076
6481,0.029399607434366582
6482,0.05168282604677137
6483,0.034566854554568066
6484,0.1512176232310916
6485,0.012873325256247422
6486,0.9048236455416236
6487,0.1826587069938508
6488,0.06979679453000648
6489,0.8739079967412452
6490,0.9152016407664865
6491,0.28202910875977366
6492,0.09541549663784679
6493,0.3033725636601977
6494,0.8603164390416226
6495,0.046026255215695054
6496,0.5936022481503657
6497,0.012386233614156339
6498,0.015914620535527637
6499,0.17037493659693378
6500,0.9594122152996877
6501,0.03647640456682238
6502,0.13780595335148088
6503,0.5301436592105657
6504,0.03850102731625813
6505,0.17167677158640626
6506,0.02597880224708088
6507,0.05720321966493572
6508,0.022267246272184925
6509,0.013041142072062785
6510,0.21526609062905067
6511,0.1256360575554004
6512,0.05956848066627192
6513,0.0637110698915756
6514,0.32514536652186565
6515,0.06480758199141165
6516,0.024035524603282732
6517,0.0497884278811794
6518,0.025834886923781497
6519,0.010106801984652181
6520,0.16422064194027647
6521,0.2755658291348877
6522,0.1441101818827791
6523,0.490723530724182
6524,0.7194847708104011
6525,0.12106406743027358
6526,0.10720828747086238
6527,0.03376631880768601
6528,0.04896414888019889
6529,0.027093359143705042
6530,0.5196789481371817
6531,0.061225563271686774
6532,0.3090608996752111
6533,0.008023128165889615
6534,0.4776892659706729
6535,0.09197462073650518
6536,0.12294191014305317
6537,0.08682416893396944
6538,0.09705778026935324
6539,0.0455168044952687
6540,0.6846379102733159
6541,0.6188764041724775
6542,0.9707184006971424
6543,0.29852113458964
6544,0.27274911802726715
6545,0.08048921800963
6546,0.100004238824536
6547,0.2599992990399133
6548,0.0031053873272396566
6549,0.039718151693666964
6550,0.08382152044394574
6551,0.4276693432672519
6552,0.033324154844557606
6553,0.07660615386858233
6554,0.9171953874211751
6555,0.27075181241083934
6556,0.3423425552906387
6557,0.8620336017874091
6558,0.08723962903778104
6559,0.01639610219401744
6560,0.006514722913073155
6561,0.5143709114480375
6562,0.1360623079047577
6563,0.2794731046258157
6564,0.04855634359184082
6565,0.18871330584244558
6566,0.8895972567921417
6567,0.00903928135525784
6568,0.03073825470476369
6569,0.0249694377665731
6570,0.01374635258001889
6571,0.16147995333244525
6572,0.9718319370076641
6573,0.07080333176512225
6574,0.23510015854320956
6575,0.12229584233671738
6576,0.8708382174924838
6577,0.05452215288785577
6578,0.8075712886752814
6579,0.19944603991596127
6580,0.25654062027490737
6581,0.0156419775365676
6582,0.024080970162777167
6583,0.374226559357249
6584,0.1627845146887673
6585,0.19276877820824664
6586,0.1421299280282545
6587,0.12792177375809424
6588,0.011651491723621357
6589,0.2590947629953045
6590,0.17327170482589271
6591,0.4638071829933949
6592,0.39113950747290965
6593,0.06183268964079139
6594,0.052578594954259365
6595,0.012086204188762219
6596,0.015802851210333632
6597,0.04760035514884208
6598,0.011139025960869383
6599,0.15013936929753163
6600,0.04233878343190042
6601,0.052769909234212195
6602,0.2561440247141746
6603,0.09353557629840217
6604,0.3710714556613554
6605,0.14191089133061846
6606,0.3217553322050279
6607,0.06593145990916323
6608,0.2425092246157147
6609,0.033824431669688904
6610,0.04458038685921437
6611,0.1101548815247696
6612,0.062332042926973114
6613,0.07539849308989498
6614,0.05271913153144118
6615,0.006430826679299243
6616,0.4418397917668051
6617,0.7166450949866549
6618,0.1071135472700339
6619,0.07940817840985497
6620,0.16565967620231442
6621,0.7284478915425765
6622,0.522410192340294
6623,0.05481796178701213
6624,0.1813046651149693
6625,0.9712001189948929
6626,0.21952628486385056
6627,0.061880644634981455
6628,0.028780689309179586
6629,0.036519422995784236
6630,0.12171442832205268
6631,0.20645935270713314
6632,0.914598817294466
6633,0.277809808943115
6634,0.04385345320701516
6635,0.09014319901589307
6636,0.15134537369918816
6637,0.12821910424424235
6638,0.14817673425142783
6639,0.32047346085612816
6640,0.02166067716191353
6641,0.01713815763091269
6642,0.6558131283186615
6643,0.31873774704169133
6644,0.8052576159189162
6645,0.13882779611915802
6646,0.05349596828738474
6647,0.02157847734193107
6648,0.2820743991688276
6649,0.03975503137179892
6650,0.0419746797830419
6651,0.03132634538329309
6652,0.2628260955252355
6653,0.4111521081175982
6654,0.16331696195267706
6655,0.0894577108260187
6656,0.45942976428245613
6657,0.4798343569771635
6658,0.20743509938798857
6659,0.26333971316518334
6660,0.15199445198465214
6661,0.8072619313938907
6662,0.17240345278158611
6663,0.02747679319136835
6664,0.3810495548410027
6665,0.05186106537329495
6666,0.0179229606076248
6667,0.31750841454000867
6668,0.2879200435219168
6669,0.031294070783499155
6670,0.1575778984600873
6671,0.0065520249396178315
6672,0.32353628048949024
6673,0.13879924776604513
6674,0.015082719134765901
6675,0.30834518345182393
6676,0.016694355163415615
6677,0.1663481260433892
6678,0.022987382096033983
6679,0.06355779812568202
6680,0.264212121854232
6681,0.40944915768743584
6682,0.8874853756662897
6683,0.8892295046397855
6684,0.20643452937821766
6685,0.09005948896216975
6686,0.35326362175444553
6687,0.191656517964447
6688,0.026847537717318206
6689,0.034020912156985425
6690,0.012497952799244495
6691,0.13000519686178758
6692,0.027203910768370042
6693,0.022447469281975642
6694,0.7805685699446869
6695,0.9051656813608715
6696,0.09358886594542018
6697,0.8441084037753035
6698,0.052615592404046896
6699,0.17755462328966778
6700,0.022316854977733697
6701,0.07901803498378566
6702,0.6329737662722746
6703,0.20686828580218572
6704,0.04090271263987689
6705,0.08962683651461664
6706,0.008853248407698171
6707,0.19746926758029865
6708,0.04397319217334975
6709,0.7391281226252673
6710,0.12409085857164501
6711,0.7493933483580086
6712,0.07603540497094341
6713,0.9126462436524309
6714,0.01229322082936062
6715,0.07983046242896402
6716,0.04554133612142907
6717,0.12519751151269565
6718,0.010988665765690513
6719,0.01731757263776674
6720,0.22263274381099754
6721,0.8953044605810271
6722,0.5724696950492285
6723,0.9546836379983008
6724,0.1137026449505909
6725,0.40460155492730326
6726,0.4018760586567337
6727,0.8907714132916745
6728,0.9603029175891212
6729,0.4609798632522647
6730,0.822941489176236
6731,0.20342707701974436
6732,0.05730486479533749
6733,0.13204311141555364
6734,0.05367478508634388
6735,0.07576978263096242
6736,0.03942885192577919
6737,0.4062620897579869
6738,0.32246261874460547
6739,0.06526017582636919
6740,0.07249682927136829
6741,0.010676086759764333
6742,0.46427918593967693
6743,0.8160486272198022
6744,0.021478201894925456
6745,0.19308196094304586
6746,0.06968190944554836
6747,0.004872282095357653
6748,0.9413190858413742
6749,0.04589184490692219
6750,0.034863782537180206
6751,0.9635302854670481
6752,0.2913441248385818
6753,0.11186471005372237
6754,0.021780236776858298
6755,0.1913709206288202
6756,0.05796594518005499
6757,0.13160231553533072
6758,0.032088135926197546
6759,0.0372104433772993
6760,0.11524680203279214
6761,0.18996993724338776
6762,0.3255590904475342
6763,0.02017908124255919
6764,0.1549173888466365
6765,0.3608829149908596
6766,0.06667083634037509
6767,0.7044414600795753
6768,0.07143292502424008
6769,0.06883500908971141
6770,0.42152953368782276
6771,0.05008179219241797
6772,0.06295280491992891
6773,0.045025962008210754
6774,0.05628173622420287
6775,0.19642776875007117
6776,0.059143233440145486
6777,0.09177615496128254
6778,0.2076537509424928
6779,0.08785870817139077
6780,0.8766028341932601
6781,0.0893332895615565
6782,0.047849253887464194
6783,0.05661495968195536
6784,0.19980079812032708
6785,0.24687998622466445
6786,0.17776602987629903
6787,0.928956147195907
6788,0.1797899303207269
6789,0.012796616880833021
6790,0.06731218639661993
6791,0.07216852227350948
6792,0.01714306777894747
6793,0.31073386826050997
6794,0.8955972610197447
6795,0.04145781114052533
6796,0.03743544699147006
6797,0.0342633728799381
6798,0.06776034169132898
6799,0.18291606398043941
6800,0.32742839404964025
6801,0.09524918137444932
6802,0.3361481322677699
6803,0.17388049638310957
6804,0.03720311529739187
6805,0.9776789107888993
6806,0.20659923913458877
6807,0.01776187498357763
6808,0.04137053343295755
6809,0.1414874876717024
6810,0.050540052082918174
6811,0.14028813131525603
6812,0.013316729762713109
6813,0.05970927909914914
6814,0.48117918174618446
6815,0.018570546119780155
6816,0.019918600314366076
6817,0.2906469099684372
6818,0.7300502365158182
6819,0.6136898394642957
6820,0.1279914568355232
6821,0.33149481471824777
6822,0.7934741926714772
6823,0.006918535948384225
6824,0.46368634752236637
6825,0.8586728882598166
6826,0.06801835410174965
6827,0.022192461992162526
6828,0.17310801710812318
6829,0.3617381097712793
6830,0.2110309873682122
6831,0.6574922219844537
6832,0.1780835993441927
6833,0.9512116476375613
6834,0.2526506426187128
6835,0.06806556159958721
6836,0.07604483353614928
6837,0.6268728213883118
6838,0.9192136624526162
6839,0.21719991066889224
6840,0.2611647032037126
6841,0.9150243010048938
6842,0.0258786276831631
6843,0.01016512358509677
6844,0.370911476023349
6845,0.839231117071184
6846,0.5623376071569152
6847,0.029318938414585417
6848,0.9004789968388337
6849,0.012289346101300351
6850,0.8752362858859896
6851,0.08319982935213563
6852,0.29690769366381087
6853,0.03799653060772358
6854,0.05659217604755019
6855,0.6625675293834633
6856,0.029069712934963948
6857,0.14455547059613802
6858,0.4038678959899817
6859,0.16147384055990646
6860,0.04047912528432298
6861,0.10090611673332774
6862,0.42186150151123714
6863,0.5353396070049147
6864,0.08269394373172691
6865,0.17067975440070352
6866,0.011386901213752007
6867,0.9161505499381041
6868,0.059236606816179115
6869,0.1772476282811075
6870,0.021946996689867493
6871,0.3328576757217271
6872,0.030191355853809155
6873,0.0194578206667591
6874,0.02840002347511687
6875,0.535176459991804
6876,0.09774989601950697
6877,0.28530980741146666
6878,0.44015737615042716
6879,0.03913413062475299
6880,0.13383456272626204
6881,0.015423055657199527
6882,0.7154962508488701
6883,0.010196760372162947
6884,0.09552126247571693
6885,0.4729043323427509
6886,0.37353960893994625
6887,0.7073581100342473
6888,0.049728708046314796
6889,0.07366645746111486
6890,0.14514861239412338
6891,0.16263728253908366
6892,0.3477492674357832
6893,0.11575810185268733
6894,0.14601040298909962
6895,0.22136514103029753
6896,0.5142547143728349
6897,0.06414340568085605
6898,0.44161487415453493
6899,0.7096971011400978
6900,0.011873819190004234
6901,0.07267801614950296
6902,0.007157437058366956
6903,0.12137183328023286
6904,0.1265963474978672
6905,0.013833738896626159
6906,0.7313495866444009
6907,0.03358834643488916
6908,0.23680535654563692
6909,0.03545055233746893
6910,0.0631328229944108
6911,0.006030159016605835
6912,0.6943066958681317
6913,0.116814106631168
6914,0.011163045518211843
6915,0.5776625599883448
6916,0.13397195569259152
6917,0.820556213101339
6918,0.16746870689614585
6919,0.21081212033454577
6920,0.01386918556859439
6921,0.34823201127728
6922,0.9548338385932525
6923,0.006381952968953349
6924,0.13600739163451103
6925,0.7806590059324314
6926,0.49198979156758665
6927,0.030185955398457125
6928,0.04502469885572367
6929,0.028625249873451438
6930,0.3088196099794476
6931,0.4569674846997035
6932,0.9088294089038029
6933,0.8743332205229988
6934,0.12472032134030808
6935,0.039688945807799476
6936,0.5465183944156278
6937,0.12465982149628119
6938,0.13862833416514178
6939,0.04116565586709563
6940,0.9845475470503935
6941,0.5335451820047268
6942,0.28677288940810586
6943,0.0354526857463556
6944,0.24814621570868492
6945,0.6065985896663039
6946,0.2057434000487307
6947,0.07242528474772517
6948,0.9554552569149047
6949,0.215103902768407
6950,0.8874580650300372
6951,0.28040098388539225
6952,0.2147180606934776
6953,0.7552386109849883
6954,0.12691874691654778
6955,0.7295931271743704
6956,0.1977729838154839
6957,0.03006897904888698
6958,0.1225865806516478
6959,0.6690105020087231
6960,0.03181464818829753
6961,0.0096619150856844
6962,0.04001648354108078
6963,0.03009866544513904
6964,0.06386664305887328
6965,0.01625687971176863
6966,0.22379064409661845
6967,0.004450410590278319
6968,0.9465594269781213
6969,0.06358889278674017
6970,0.4829324088603004
6971,0.8334452467101515
6972,0.2184048209000957
6973,0.12557242336031663
6974,0.6958481702250642
6975,0.435640352550824
6976,0.179901796608415
6977,0.03659377805535327
6978,0.0524879664842844
6979,0.12849336856111018
6980,0.1448209554040701
6981,0.18857309986648052
6982,0.04441041601228091
6983,0.009088913032880092
6984,0.9345873810007927
6985,0.043049646341272056
6986,0.42230888232274644
6987,0.019094879279772593
6988,0.027163952946424586
6989,0.2810079046948421
6990,0.06999062918352715
6991,0.2748463527647892
6992,0.06408135594293031
6993,0.11111850325908142
6994,0.12084331684913802
6995,0.03006711056051205
6996,0.00894227976515273
6997,0.03142752251271279
6998,0.012356075983087427
6999,0.03987376486325359
7000,0.5442107874380729
7001,0.03281263602562666
7002,0.9545644372569747
7003,0.052318615753525435
7004,0.029499051225682728
7005,0.08469067834809413
7006,0.11830951410868074
7007,0.13253497479816514
7008,0.06346927856923436
7009,0.03246171651178885
7010,0.024374110636039035
7011,0.19198117935980563
7012,0.46398334748570413
7013,0.010628260000956192
7014,0.01610478246498279
7015,0.040284571579528854
7016,0.022311399848379262
7017,0.029133459891119498
7018,0.1778694650484419
7019,0.021310858150662106
7020,0.019141860258630652
7021,0.49179625251273984
7022,0.3153114028100392
7023,0.7592371219555459
7024,0.007818221418220592
7025,0.3688221549853191
7026,0.047606746689178615
7027,0.012532486086229594
7028,0.9310939827117598
7029,0.07972788638920889
7030,0.11754801444247329
7031,0.02344377806402796
7032,0.02171921331895148
7033,0.04004877385600805
7034,0.03727509281654463
7035,0.29013293095020865
7036,0.9556184322973429
7037,0.04921821379534631
7038,0.0371850376819631
7039,0.9399016259742553
7040,0.26209070716447225
7041,0.051468130896321476
7042,0.053138960141867884
7043,0.8753403578193445
7044,0.03126901253440825
7045,0.17470098469902004
7046,0.6734398874406294
7047,0.16563797301022015
7048,0.24644525457436045
7049,0.7813372589982193
7050,0.6406045155863327
7051,0.026586990324983666
7052,0.9729739987454702
7053,0.009454374501138698
7054,0.16930876003280582
7055,0.007331118947369693
7056,0.07251061251221326
7057,0.019904045240589373
7058,0.3115368729953328
7059,0.7999373829631026
7060,0.11096434003191621
7061,0.9326765300440916
7062,0.268581850746751
7063,0.0543120363949566
7064,0.04375230860804993
7065,0.15709116816443375
7066,0.0994256393744158
7067,0.03498570233732747
7068,0.7292456065748946
7069,0.11501490857773596
7070,0.33995172614712443
7071,0.02787960170765891
7072,0.04606769639081229
7073,0.03147883789407274
7074,0.028001783853274457
7075,0.011733991545901618
7076,0.22735077296404782
7077,0.3810288456938037
7078,0.1321999673340732
7079,0.10468654993142947
7080,0.8111473024665471
7081,0.8032323269251667
7082,0.054775917646650234
7083,0.6045403151910075
7084,0.16307554642404218
7085,0.20105598974784608
7086,0.09079033617053334
7087,0.13374969091620065
7088,0.35571697883399134
7089,0.3132571495589013
7090,0.8592279101974408
7091,0.6769071460777343
7092,0.0704861285065351
7093,0.9014845212492674
7094,0.1094750750890166
7095,0.007746601275637877
7096,0.11740733071527264
7097,0.019561869573916677
7098,0.25370807063343137
7099,0.08116636274009505
7100,0.8944226431640813
7101,0.20472344478149318
7102,0.44753421989961306
7103,0.5989816108816294
7104,0.05465386575022285
7105,0.07637207015068376
7106,0.011563246155890043
7107,0.18765281551414226
7108,0.06344924039343261
7109,0.5290173651564904
7110,0.14765472172935692
7111,0.028705410379154795
7112,0.8103134235532437
7113,0.0383824242622489
7114,0.008023883590689977
7115,0.020904726449942693
7116,0.13243440426611008
7117,0.07131540259402672
7118,0.7749303881875812
7119,0.026052825227797553
7120,0.11395667996038857
7121,0.15614216141413947
7122,0.8812715577724647
7123,0.9183917390147371
7124,0.9621336536982923
7125,0.1264231499604286
7126,0.0477248513055481
7127,0.11555814360135908
7128,0.006675927745768847
7129,0.010895267169053771
7130,0.024261553227850622
7131,0.28072679979630505
7132,0.933256503725416
7133,0.9443414495153329
7134,0.6008372799361145
7135,0.08917409787859852
7136,0.0238370061174832
7137,0.78014693179332
7138,0.20207021456894464
7139,0.5744012609706024
7140,0.039961386083757024
7141,0.9569253826071231
7142,0.06907751955564888
7143,0.06853705533579214
7144,0.038532025641250904
7145,0.20780057436437221
7146,0.1099151112535167
7147,0.8652860494390947
7148,0.13595102242869214
7149,0.9251011228296191
7150,0.9303747010914133
7151,0.03866255952476879
7152,0.014310245759542343
7153,0.10045695089616631
7154,0.12992985365362217
7155,0.04710573833275068
7156,0.012329915707745496
7157,0.02358206194903423
7158,0.11180269165408363
7159,0.06391989012011914
7160,0.0559833966144066
7161,0.3963025647111718
7162,0.013055943932245543
7163,0.02562776638241397
7164,0.14793123683980133
7165,0.011641217934278747
7166,0.9849859543667528
7167,0.15008614333417808
7168,0.10563359646774566
7169,0.05569945828320753
7170,0.8163425163541226
7171,0.044478089849184915
7172,0.04326034681742326
7173,0.3859534753576401
7174,0.475205248508853
7175,0.04944730482218889
7176,0.1002246726649185
7177,0.15018019815710668
7178,0.3449518453141152
7179,0.06664340428726596
7180,0.40797331195528697
7181,0.5052584971244249
7182,0.5356032930879326
7183,0.012304811043526298
7184,0.7105795041665377
7185,0.8197196538671234
7186,0.0645698530309351
7187,0.03671245090596817
7188,0.019136657427787238
7189,0.7736873471839959
7190,0.7332890460982127
7191,0.3032942549937721
7192,0.5378835216686615
7193,0.06183314613644886
7194,0.09021305901071003
7195,0.015998796925015806
7196,0.30740746127486984
7197,0.9434878931205137
7198,0.06474246511214832
7199,0.7448182063832689
7200,0.23478510737213779
7201,0.07040126426380745
7202,0.5051070592532108
7203,0.8866601766539685
7204,0.6124321790492949
7205,0.06393907108460845
7206,0.054429584239203396
7207,0.07670253098991972
7208,0.022427594122750204
7209,0.02315640112047677
7210,0.007005433621415518
7211,0.07687272050347814
7212,0.8176571064141884
7213,0.06030125283860387
7214,0.03571475319416532
7215,0.027486424802920826
7216,0.05154825223034022
7217,0.7533931668705678
7218,0.005802434637071777
7219,0.7539906037419117
7220,0.021316429830908656
7221,0.014542508057797497
7222,0.6126160044885606
7223,0.03649558409729109
7224,0.3768233238691915
7225,0.007160578561202217
7226,0.4569465359156097
7227,0.013600775485591991
7228,0.02040823704805031
7229,0.7627847095045378
7230,0.11000947047539641
7231,0.05861730843584681
7232,0.8701664825284986
7233,0.7517797180151992
7234,0.03390292091626221
7235,0.7239615454003352
7236,0.29270504841051137
7237,0.2326569834155046
7238,0.6603867050117318
7239,0.6228360355125093
7240,0.6485143850973256
7241,0.06956041392710303
7242,0.18464064041450282
7243,0.09566385436384563
7244,0.2752382868751322
7245,0.5162777245453583
7246,0.08563474443640641
7247,0.1649244087478579
7248,0.7188662702671834
7249,0.14685873991800508
7250,0.053381509013806866
7251,0.27663292380366616
7252,0.08047500593023114
7253,0.03360458848082897
7254,0.1668846573088293
7255,0.14766117000547324
7256,0.0446766820042391
7257,0.010875090895361053
7258,0.04536139441069075
7259,0.19130182833174908
7260,0.5316945070134173
7261,0.044451339355631204
7262,0.2085395090479977
7263,0.07432783813028099
7264,0.058609937542854845
7265,0.31851189831830873
7266,0.057138888445673885
7267,0.059127416748946664
7268,0.0466659565406556
7269,0.061034538893206425
7270,0.14528860384039421
7271,0.43379363418456945
7272,0.3789579033348661
7273,0.45192107185908476
7274,0.03446989379029119
7275,0.13241895599557854
7276,0.06922725321140161
7277,0.9274278747899216
7278,0.29749272373993985
7279,0.8096647357394375
7280,0.5866828097835156
7281,0.0123902075086653
7282,0.14551148439262496
7283,0.43618329413763945
7284,0.36685062517720674
7285,0.004517747412079574
7286,0.00813090557502568
7287,0.3184647650543669
7288,0.7585057725237018
7289,0.10319704115104666
7290,0.026623275797994016
7291,0.020330856386254093
7292,0.028897316636111257
7293,0.2742166366693462
7294,0.034605931489488755
7295,0.04142776379026394
7296,0.4657415572317085
7297,0.7637623219790246
7298,0.029341923009894508
7299,0.2638542494495476
7300,0.8467078441385448
7301,0.9833376891333581
7302,0.8764561335298625
7303,0.04245460390903442
7304,0.1118658476181509
7305,0.7364220720691641
7306,0.16122869575714102
7307,0.6409025715011105
7308,0.061826555181959036
7309,0.38409727173963193
7310,0.45717185563315427
7311,0.8058582342096964
7312,0.8083184033232643
7313,0.009348754568992838
7314,0.10059540861503051
7315,0.9703475107952428
7316,0.029187947579342087
7317,0.11412539935520746
7318,0.010463259294987544
7319,0.006983519192370392
7320,0.06541368901824045
7321,0.404595325148526
7322,0.008829258004731494
7323,0.020333244624762332
7324,0.07879044014679637
7325,0.029472871626571168
7326,0.5684962550261523
7327,0.012276935330268385
7328,0.41567150609020126
7329,0.4518247880793249
7330,0.012270993666755575
7331,0.02775388905779329
7332,0.07056669412774594
7333,0.00761159755087558
7334,0.10609327975483952
7335,0.3929676247964494
7336,0.652045413179142
7337,0.6345449961942711
7338,0.8733295605885966
7339,0.3616416736120481
7340,0.034467399727949245
7341,0.4555358418434513
7342,0.05150448718026797
7343,0.9011664470760795
7344,0.6299387676566397
7345,0.2750244331441409
7346,0.48187034234955867
7347,0.11071175152334227
7348,0.48442714274069765
7349,0.6211984956582626
7350,0.19609366804589617
7351,0.03453353972219657
7352,0.09631628994779558
7353,0.1981914514289585
7354,0.176692521761062
7355,0.23901324186488296
7356,0.8930475681019815
7357,0.6638436249048673
7358,0.2882124953086704
7359,0.04151178900713887
7360,0.21288681090205624
7361,0.40321075874197343
7362,0.6892336051187046
7363,0.12885797968955923
7364,0.1928832519040016
7365,0.1998593595687622
7366,0.06302972006477882
7367,0.32824512514639304
7368,0.17052761635106561
7369,0.006669038522156017
7370,0.01747881862475297
7371,0.6640656236906802
7372,0.9371285933144814
7373,0.9415238081288038
7374,0.028095166124507784
7375,0.034665717257471376
7376,0.16936028093692515
7377,0.09413188045223728
7378,0.06989669628269685
7379,0.29321561927254325
7380,0.32526632992385623
7381,0.021081006313586177
7382,0.04857328454590041
7383,0.06969803348489097
7384,0.2220368713193212
7385,0.07194487654105784
7386,0.39613752263146823
7387,0.05674439804311329
7388,0.01824935354893588
7389,0.047966209946688564
7390,0.7845261132302199
7391,0.14154419270618224
7392,0.0354148147024377
7393,0.01732790430061035
7394,0.09674379846514704
7395,0.3009218464355726
7396,0.09717637001235403
7397,0.006904762498706949
7398,0.323280906868864
7399,0.010436070516844339
7400,0.28674687333112214
7401,0.13375076789854298
7402,0.06871668606977749
7403,0.12079934426243924
7404,0.6157910009323974
7405,0.06392399893326367
7406,0.11239529078500533
7407,0.03775543299334779
7408,0.5363505469688191
7409,0.3863197852638171
7410,0.8562090030978644
7411,0.046053036835832194
7412,0.624634742072313
7413,0.13512790509866088
7414,0.03881443201381094
7415,0.06692884207043286
7416,0.7649978890217516
7417,0.008008658307547444
7418,0.8786376549163885
7419,0.7974595775770176
7420,0.2947141503359858
7421,0.057914074612958104
7422,0.1510938634433365
7423,0.7559726364240431
7424,0.035019986576938694
7425,0.3040682384271976
7426,0.5265828469299354
7427,0.03434411282036121
7428,0.0631487268317033
7429,0.05403280749170255
7430,0.43033784352017146
7431,0.5809018526160488
7432,0.33263710738655805
7433,0.00998007387732573
7434,0.26101643328630497
7435,0.12772733136121808
7436,0.2239830942797745
7437,0.06384954905127067
7438,0.06954083060111042
7439,0.40882465902544185
7440,0.20399299275187438
7441,0.02075794011288066
7442,0.03761689272147946
7443,0.9520259401421663
7444,0.1654753936467247
7445,0.3913306044781304
7446,0.033209150970930724
7447,0.9124254464051789
7448,0.7551574083071931
7449,0.006732937764878959
7450,0.7657895704091966
7451,0.029165765221353977
7452,0.05317821118446188
7453,0.1041003652211769
7454,0.857454841658745
7455,0.8847303377383613
7456,0.7218920472818053
7457,0.08925001653416265
7458,0.107710136005719
7459,0.14054833351908083
7460,0.08896196385933598
7461,0.10966393677181896
7462,0.664207903199024
7463,0.4504345283246887
7464,0.20244831674535227
7465,0.570379122335773
7466,0.06125911618841656
7467,0.5302741439362311
7468,0.9661684897386824
7469,0.8899411439214395
7470,0.16994471281892637
7471,0.18748747119351428
7472,0.020048029971610645
7473,0.5042311990311914
7474,0.10503384142730181
7475,0.034318558588533735
7476,0.9170672365441935
7477,0.025607717468068683
7478,0.14081992070170593
7479,0.03475621061045199
7480,0.47646522057802254
7481,0.052060314754156525
7482,0.27524234504941986
7483,0.11913991654607192
7484,0.043849608359851015
7485,0.007699878167215368
7486,0.521117372212548
7487,0.3367018661802004
7488,0.1629883782081984
7489,0.011166527783505062
7490,0.3386226899857084
7491,0.05882356585339396
7492,0.059032319743596344
7493,0.13290190163163643
7494,0.6798487088813434
7495,0.08827015508958135
7496,0.01927534338625484
7497,0.0905497603745657
7498,0.03835843334314458
7499,0.8706428690220733
7500,0.007448765618483914
7501,0.2439812519984564
7502,0.02573917740220786
7503,0.9722566191707293
7504,0.23908185041497146
7505,0.15788827683300305
7506,0.10755433991525942
7507,0.9805004163598628
7508,0.01711045157442334
7509,0.10847318372250124
7510,0.11720760144158915
7511,0.07371108999472563
7512,0.08457014260144076
7513,0.02017487843425811
7514,0.2612608800228811
7515,0.783603632504958
7516,0.010577787109472998
7517,0.07942315994270639
7518,0.23068913705757157
7519,0.07609362246491778
7520,0.17966739353520106
7521,0.5265650211922993
7522,0.06494819004900111
7523,0.18565584749797914
7524,0.18938729040381538
7525,0.47827254481056286
7526,0.1749092863604346
7527,0.09330778608965776
7528,0.02317689888647882
7529,0.027123655621632464
7530,0.8636280235492325
7531,0.3024971756850041
7532,0.37751933941693516
7533,0.8587513128034215
7534,0.05683372037433539
7535,0.5906040730736937
7536,0.24174127646509394
7537,0.13380227607915682
7538,0.810294490850819
7539,0.35015731034149106
7540,0.24353085736223426
7541,0.1814881448565755
7542,0.5031944273169113
7543,0.04568935852326319
7544,0.022075568387891868
7545,0.22187243393910921
7546,0.41128397933926997
7547,0.02984827447203228
7548,0.056083461533904394
7549,0.09806918704752976
7550,0.02601019061760684
7551,0.013255488568833448
7552,0.17884084875839465
7553,0.011838504051296803
7554,0.014862005629682805
7555,0.14950282065825773
7556,0.5177761363540632
7557,0.02195274046139096
7558,0.3675981228764866
7559,0.034169011067624135
7560,0.3513484288773659
7561,0.16562674414598383
7562,0.057502527273274096
7563,0.03796740811812515
7564,0.19169622320574403
7565,0.6597995153414606
7566,0.15093032125074826
7567,0.056615701098222136
7568,0.2685579726143572
7569,0.2186159207193342
7570,0.011975100804597735
7571,0.9391067368601629
7572,0.16291176864000223
7573,0.06527236914890736
7574,0.008822307455519053
7575,0.08875082602369842
7576,0.24354531054707723
7577,0.17834131648239954
7578,0.9585489712709444
7579,0.4104698644803485
7580,0.28576777633840245
7581,0.028270676338516487
7582,0.20561453153820472
7583,0.18149496183543087
7584,0.3283345167188252
7585,0.5418377825332054
7586,0.6094236389726828
7587,0.2680058213253651
7588,0.15586881615367562
7589,0.07792561322325549
7590,0.02500904917114885
7591,0.41575830535733993
7592,0.23085396504774966
7593,0.008008389930622656
7594,0.043816933756495285
7595,0.2891016261757285
7596,0.05341289656770146
7597,0.04362176105212288
7598,0.8739856952126298
7599,0.3568839231526309
7600,0.04511927401037688
7601,0.3877931376707238
7602,0.3041204842222024
7603,0.7902356385091951
7604,0.6320035152749045
7605,0.10053732073566703
7606,0.02222657464030274
7607,0.1626557359614126
7608,0.024110726301693707
7609,0.8044451324722325
7610,0.08128879971764237
7611,0.03660941463936621
7612,0.4044750631356554
7613,0.6352977033445683
7614,0.03737513911310132
7615,0.0655315319015498
7616,0.10861116244015392
7617,0.3714511258898477
7618,0.3354488625196721
7619,0.1431885596544817
7620,0.02349722617508081
7621,0.9714460402611885
7622,0.0449925400809215
7623,0.02627555539981564
7624,0.2935993163496769
7625,0.6771668089651356
7626,0.13135665602911745
7627,0.9806303610387719
7628,0.031020474259895146
7629,0.7303770266253308
7630,0.0062069358607258806
7631,0.9272898546134831
7632,0.04041235592365109
7633,0.8931922520295187
7634,0.9268523121270402
7635,0.6940295531744439
7636,0.8895181258264422
7637,0.020797765445263704
7638,0.8336838038302329
7639,0.3866244456331096
7640,0.9465767780089074
7641,0.5437934358590965
7642,0.5191842503758156
7643,0.395745211919513
7644,0.22625000031557205
7645,0.3803488921446544
7646,0.3456417055591291
7647,0.009596673517598684
7648,0.011206972124627153
7649,0.5891862963241239
7650,0.08957404301919648
7651,0.0068433440440298695
7652,0.028955445008266436
7653,0.00750777869590894
7654,0.15624612098261972
7655,0.14670825797453832
7656,0.06722383048407556
7657,0.19066448167304256
7658,0.05346422205287525
7659,0.3218915822729284
7660,0.2268721074277891
7661,0.10504654858882488
7662,0.08834585281987635
7663,0.06303495764875842
7664,0.4344337277090577
7665,0.9142439623485825
7666,0.20001480489708434
7667,0.02220545963523477
7668,0.32809427719218937
7669,0.7247908501210645
7670,0.37145475010073375
7671,0.07489178912125705
7672,0.6584141933638472
7673,0.05693672533861292
7674,0.5170085985090477
7675,0.06230696979662443
7676,0.0537790628545497
7677,0.9381077711430494
7678,0.023040382703980615
7679,0.32132831517467336
7680,0.10324444548427855
7681,0.03645418474153589
7682,0.6675550415972445
7683,0.024957031811098204
7684,0.5841320099481586
7685,0.8109471238272751
7686,0.050337029617155166
7687,0.5132040875429287
7688,0.08038361532857233
7689,0.8815172894075849
7690,0.21695504116092268
7691,0.062278670748520136
7692,0.9424928812344677
7693,0.13371689777297224
7694,0.04550141583856387
7695,0.030639210381664735
7696,0.2338205367669889
7697,0.02646793265977329
7698,0.342370597241933
7699,0.02715231247090042
7700,0.45624775351873575
7701,0.2223952267196147
7702,0.28179282123840016
7703,0.5315278780448914
7704,0.09745505565207312
7705,0.07217918988328313
7706,0.06583061707015025
7707,0.06892753411339002
7708,0.1431021720040915
7709,0.005617092482402221
7710,0.13782593219221856
7711,0.2126745659949072
7712,0.0482494702994727
7713,0.08964863787964421
7714,0.008707067093356871
7715,0.48250384343064145
7716,0.3495074041383575
7717,0.13334477288625615
7718,0.7552956730305465
7719,0.029637325562689398
7720,0.013069246680929361
7721,0.280889367635116
7722,0.2618287089946633
7723,0.08245952734910589
7724,0.6565276380787249
7725,0.05697552909640318
7726,0.09051648900718456
7727,0.06628650359821156
7728,0.519702212701752
7729,0.05927863590218455
7730,0.10878729482410014
7731,0.013624172311678102
7732,0.17071088288319083
7733,0.15894947869716872
7734,0.5822105919544778
7735,0.1530884558382345
7736,0.5639477337838299
7737,0.1436614589501278
7738,0.11768682129584017
7739,0.09167082927437137
7740,0.009442442291179682
7741,0.062444908893402866
7742,0.009326270117639042
7743,0.05951703625503921
7744,0.15731491040425924
7745,0.5678577651356067
7746,0.047417261430916895
7747,0.2840831936124346
7748,0.22380585335555225
7749,0.1999205970237073
7750,0.006186364619313959
7751,0.06637230329030852
7752,0.3356411672432014
7753,0.10057056464481542
7754,0.0599432067542029
7755,0.6649592757491103
7756,0.01537246176589587
7757,0.02212509153878488
7758,0.01133153885674719
7759,0.49398454021194943
7760,0.031364480612400075
7761,0.11250127820506821
7762,0.9392295658421761
7763,0.012641901902085667
7764,0.10376783186105258
7765,0.7656330140499986
7766,0.9552583129445784
7767,0.4899325942399899
7768,0.11053763934569329
7769,0.20406350085028413
7770,0.22548084429097157
7771,0.02686077163959759
7772,0.14283323237456835
7773,0.4010093070952478
7774,0.48218170733800436
7775,0.07887969363656788
7776,0.009597381782972543
7777,0.012260445878719562
7778,0.9282349878185839
7779,0.08378418217228611
7780,0.13240715613338233
7781,0.0973712837482791
7782,0.723877760522776
7783,0.3406814862535341
7784,0.07015670713533764
7785,0.02677585351811785
7786,0.29006997568636395
7787,0.5405811558591512
7788,0.07195780694731047
7789,0.44523646273158324
7790,0.02879624240172312
7791,0.9235092563416107
7792,0.27203898864291315
7793,0.024922460577540228
7794,0.019427393378328286
7795,0.14229968092800255
7796,0.03405027317283292
7797,0.13398211640788768
7798,0.6294297583595342
7799,0.012156501344680479
7800,0.022782336029020096
7801,0.022028758443363276
7802,0.014144984289736899
7803,0.021423576045899752
7804,0.04846398524481483
7805,0.4589951695991479
7806,0.008485521596667277
7807,0.3013766534483964
7808,0.27420619660314977
7809,0.08536136457128685
7810,0.07684251670434389
7811,0.7344919897123109
7812,0.22776141486700308
7813,0.5250422760359162
7814,0.47128113690256596
7815,0.11348054923266744
7816,0.029025278936392774
7817,0.2729397809154932
7818,0.3452428887012818
7819,0.8352459499717944
7820,0.03053267995458444
7821,0.11420657592113034
7822,0.8995780636773153
7823,0.8915393741341466
7824,0.41717804826422233
7825,0.06083321393271807
7826,0.8175807499969702
7827,0.12993130566707703
7828,0.1257695261132364
7829,0.3025694875027631
7830,0.017691528866678623
7831,0.26951688635756016
7832,0.016257901970665137
7833,0.12840978276728984
7834,0.09212932825050472
7835,0.01626443771503645
7836,0.050646052819279676
7837,0.772393322670591
7838,0.7972656150910808
7839,0.05196435384378483
7840,0.2389209094288965
7841,0.4452811569302968
7842,0.32510038337506747
7843,0.01286713553232532
7844,0.4002750696923943
7845,0.4809586217088006
7846,0.16287909880948226
7847,0.4928268203944859
7848,0.8628840436817579
7849,0.02639804321493913
7850,0.06742472226909499
7851,0.9346027015104217
7852,0.6689510930966855
7853,0.01600767539937777
7854,0.7642524834401925
7855,0.05275605962796077
7856,0.1200688104510019
7857,0.026634524934804345
7858,0.12364030759735585
7859,0.730540563435274
7860,0.41644913935969197
7861,0.03622132958172388
7862,0.036834580674891225
7863,0.41126131738995936
7864,0.8167813502370411
7865,0.021772137592168676
7866,0.8594062712517087
7867,0.06053223863871223
7868,0.17798115712446416
7869,0.9443908819895047
7870,0.09358287871611441
7871,0.4128745347951211
7872,0.1478888535690705
7873,0.0534160148036905
7874,0.08683410286005092
7875,0.03486393030355546
7876,0.09261762888284382
7877,0.239147987776895
7878,0.12184592836263823
7879,0.7388387162710034
7880,0.7563975548231
7881,0.02353223386990196
7882,0.7875934197991042
7883,0.17357454311934098
7884,0.15875489667106818
7885,0.6758279193841182
7886,0.18814784219586714
7887,0.040731671177567375
7888,0.9749851132820019
7889,0.10009071548263714
7890,0.8711210618917806
7891,0.03696053865996331
7892,0.02862207595649746
7893,0.017709492190169027
7894,0.03633819700883126
7895,0.0057949670103793925
7896,0.9064121675011166
7897,0.16473104958440912
7898,0.5792072227562867
7899,0.06749592991183183
7900,0.017120785408533436
7901,0.09034575224083516
7902,0.010607605150102697
7903,0.014623039801360423
7904,0.3927346074039181
7905,0.2539525303365375
7906,0.042116624727139056
7907,0.040132148346406424
7908,0.01869048280896682
7909,0.1351024764179042
7910,0.010616586517327298
7911,0.01604234784425883
7912,0.011132577619706523
7913,0.9588769336831984
7914,0.6965464071796053
7915,0.5282962344989448
7916,0.008105459123326378
7917,0.56413759910975
7918,0.5041370478752589
7919,0.03571122746048422
7920,0.021178292997193746
7921,0.08362132770856251
7922,0.4753337499592068
7923,0.14695749367861716
7924,0.045560026966641874
7925,0.5679178909608817
7926,0.030351067043073526
7927,0.08346787947821874
7928,0.06014663151059649
7929,0.09200367931351708
7930,0.1344686304510716
7931,0.5007721493384991
7932,0.21105882444718904
7933,0.016167408501150993
7934,0.42628514220380437
7935,0.07951335428719798
7936,0.039919972210200716
7937,0.12744646698601086
7938,0.07602716734542118
7939,0.0402839710183479
7940,0.017089559989217722
7941,0.6660055523338687
7942,0.23084613786702013
7943,0.81912607910131
7944,0.026360946658508154
7945,0.02977971102506046
7946,0.23823511876868028
7947,0.5906712555333249
7948,0.40170319973556523
7949,0.027504675475523616
7950,0.04127162330120217
7951,0.14796622365287523
7952,0.16489168729989562
7953,0.024501483425066
7954,0.2424286831682715
7955,0.5478466385186092
7956,0.1694672896434251
7957,0.6783967497349332
7958,0.6139836959254614
7959,0.013177125681847798
7960,0.18426713714221934
7961,0.11637858720754732
7962,0.2711320648443943
7963,0.006375744879534513
7964,0.026354831708742282
7965,0.13139860657675187
7966,0.17332633634350056
7967,0.5406412387007584
7968,0.20441758055616094
7969,0.01930762234855574
7970,0.08153334872149415
7971,0.34591307572847113
7972,0.3366215603596249
7973,0.01327299032757946
7974,0.16311092493042165
7975,0.01503642991958815
7976,0.39445400300634637
7977,0.4545534682326701
7978,0.010794281180406274
7979,0.060375605921915584
7980,0.8388521119976464
7981,0.21285733715735938
7982,0.004520632171516652
7983,0.1035232265739813
7984,0.4658094679938399
7985,0.01634492867594153
7986,0.24679115210755825
7987,0.028114272328270386
7988,0.04511727773362179
7989,0.4410542046955687
7990,0.015453315706090228
7991,0.13320401268733656
7992,0.29098745195509557
7993,0.08244301325487821
7994,0.9477691442370535
7995,0.14296928148723342
7996,0.5592014542954638
7997,0.020089600077621436
7998,0.2705918360106964
7999,0.2775946978381011
8000,0.2962164315551427
8001,0.3821450926009081
8002,0.056918787227378656
8003,0.12701631337831726
8004,0.03233107177062991
8005,0.3014233220142308
8006,0.022905168480465296
8007,0.04158103004915876
8008,0.02032238985075609
8009,0.5573907479049147
8010,0.12070963696673115
8011,0.7128628224157513
8012,0.7996082514127417
8013,0.05164284724676621
8014,0.9027979291810597
8015,0.1502638904897075
8016,0.9263915157012289
8017,0.8402931574896683
8018,0.5320459708001847
8019,0.15654286263934444
8020,0.8069732263236717
8021,0.11886546991742039
8022,0.039364359336502536
8023,0.1309155908942654
8024,0.7256143912580618
8025,0.1838851557031941
8026,0.8665642456344123
8027,0.11349422184456369
8028,0.015248134178180314
8029,0.7933412939829014
8030,0.20938627890306863
8031,0.48901796810047454
8032,0.0927049526506041
8033,0.05778771173258005
8034,0.9261210525742729
8035,0.8065876865918491
8036,0.3515156735131555
8037,0.01033216467327184
8038,0.14582403735469648
8039,0.6663002950434755
8040,0.7445166336591079
8041,0.05704657369727904
8042,0.03814255443722581
8043,0.8522096856669047
8044,0.4962308221217493
8045,0.0230442165148032
8046,0.2621165746926853
8047,0.006176736873668416
8048,0.05717971809622951
8049,0.4875012245325131
8050,0.041111519158600694
8051,0.38127805855450186
8052,0.06455389831920134
8053,0.09980771505839793
8054,0.04152221474096045
8055,0.43837029299580177
8056,0.20993350615311077
8057,0.02796606922120501
8058,0.4049174012111328
8059,0.07726550147222595
8060,0.2413424928272545
8061,0.06569111151891792
8062,0.3018236455150606
8063,0.10752745184282501
8064,0.019190407521256385
8065,0.7580825634311558
8066,0.3380740719013459
8067,0.28941160731821625
8068,0.1355192581671886
8069,0.024538751687403618
8070,0.27625498127533776
8071,0.22446700191456295
8072,0.9152421410310111
8073,0.019532642664834086
8074,0.044700586861794026
8075,0.3936158574927502
8076,0.12571965447366026
8077,0.10694256182993933
8078,0.007530948276166317
8079,0.20783302102137344
8080,0.27031720620750316
8081,0.11661013063476419
8082,0.09982822599778154
8083,0.5593804128727271
8084,0.03298800864658417
8085,0.07327196345341537
8086,0.21667821772295132
8087,0.12419823296767771
8088,0.9286144649586162
8089,0.025505924419871283
8090,0.050033148886552206
8091,0.7327422352375125
8092,0.09678147545188431
8093,0.12834317865838285
8094,0.0066379824501953035
8095,0.404836560965587
8096,0.04360448208717468
8097,0.19259152185418557
8098,0.22184989712230443
8099,0.8894369773605105
8100,0.9698362751709818
8101,0.04149284587026427
8102,0.14265183594287018
8103,0.08091946775802694
8104,0.021890605665493893
8105,0.012794048002952795
8106,0.3717904246848257
8107,0.026845342082082287
8108,0.041246605342126534
8109,0.0799423573815076
8110,0.8872227258825274
8111,0.4243489520104699
8112,0.15960624669146503
8113,0.09574532725824399
8114,0.8348604786735105
8115,0.008379590608027721
8116,0.3533464277892941
8117,0.10547751749323911
8118,0.13071228735390303
8119,0.11081413607807246
8120,0.10688217909067634
8121,0.8463346430942302
8122,0.8954725101987239
8123,0.25034501812246274
8124,0.1420518724090031
8125,0.36315999551452105
8126,0.9009571510503104
8127,0.03125130984038087
8128,0.049963876312194545
8129,0.0368492819208087
8130,0.07468541282234836
8131,0.5665999013954167
8132,0.035140473177585195
8133,0.01647658696000243
8134,0.5712202166231736
8135,0.13579895360073965
8136,0.7521671408148319
8137,0.7399813364832534
8138,0.264584362958955
8139,0.03753219000967588
8140,0.011846141724891783
8141,0.8601036399239654
8142,0.34906150970410366
8143,0.018889266571647557
8144,0.1446951704508951
8145,0.10462035035704188
8146,0.1188661582809508
8147,0.07313313055824092
8148,0.009293477076631654
8149,0.782626751799716
8150,0.01822811576266948
8151,0.043312444961005524
8152,0.13720476124575626
8153,0.3097745290093691
8154,0.02911736669466391
8155,0.6228714402943958
8156,0.20374535374061106
8157,0.06998285286813621
8158,0.1992633695498321
8159,0.040397293298113375
8160,0.017085339387119397
8161,0.016844190479117102
8162,0.3217044927051647
8163,0.9613718475218327
8164,0.9177045894578969
8165,0.3227980583855711
8166,0.12755506238928244
8167,0.22194631402402323
8168,0.05207752249768848
8169,0.019624307928509385
8170,0.022059435897700427
8171,0.4026785004085472
8172,0.3988312485769233
8173,0.02529051105495043
8174,0.1815295790904163
8175,0.6276911078681819
8176,0.09962101481455332
8177,0.02063136390253185
8178,0.09099975692863534
8179,0.08908108423586958
8180,0.5395315220045658
8181,0.034332856390624424
8182,0.1110030492832835
8183,0.7324549485216633
8184,0.23890023127017393
8185,0.17929130932886955
8186,0.1543692158312975
8187,0.6550515971165973
8188,0.6138736561120313
8189,0.10393418400816007
8190,0.09675207060680195
8191,0.026767029540661104
8192,0.049878338879263774
8193,0.10073423434212413
8194,0.8609149490747393
8195,0.2730236047809111
8196,0.052683132686443826
8197,0.036406421769355254
8198,0.7758239505959066
8199,0.9399799171243217
8200,0.0584007084829165
8201,0.44461563242424884
8202,0.14860748897398063
8203,0.24054633391094582
8204,0.011586086008324519
8205,0.00955821430931655
8206,0.2266379258439722
8207,0.41261767785771664
8208,0.8670222281898193
8209,0.7680651184747516
8210,0.05664014267949797
8211,0.01760065241090185
8212,0.04823004948675469
8213,0.9570542430492678
8214,0.4507715513602303
8215,0.04343318744133822
8216,0.5065123509704461
8217,0.8104373924617806
8218,0.4616485499414155
8219,0.8707851407787095
8220,0.6892310129892523
8221,0.34434606075883467
8222,0.29783989279861656
8223,0.6285266805611506
8224,0.805419330794199
8225,0.027894536146427406
8226,0.009508292656897158
8227,0.02426306342600342
8228,0.003912899042736824
8229,0.018973550890738093
8230,0.0658896595924709
8231,0.06884054231365523
8232,0.15876079861446898
8233,0.07681116646701334
8234,0.9562754273695143
8235,0.05080373772422095
8236,0.08333621226039888
8237,0.05379576353984283
8238,0.6987580991607669
8239,0.23352678361630047
8240,0.37995858479795386
8241,0.8457505846639658
8242,0.02034272658235945
8243,0.06528706203335263
8244,0.07676911822251808
8245,0.42935201567195724
8246,0.05884452998627312
8247,0.13668868607876952
8248,0.024106557526186883
8249,0.11927481214310684
8250,0.04662499876162857
8251,0.14330774589245926
8252,0.8706626589211486
8253,0.7030537491923757
8254,0.1341820180152891
8255,0.06417611030690207
8256,0.06246136295175744
8257,0.9592363704019677
8258,0.2124457529813028
8259,0.043329021530747754
8260,0.08171173000671046
8261,0.06543638710163786
8262,0.2602309513745036
8263,0.2026499767481346
8264,0.9370042377672227
8265,0.25431315751429745
8266,0.07278495398374084
8267,0.03937050140375178
8268,0.33826518597493743
8269,0.8910347681422366
8270,0.747412784467433
8271,0.5218399413355612
8272,0.03534697192649054
8273,0.09762110017154606
8274,0.06278568652721708
8275,0.033742242380821415
8276,0.19666751423815182
8277,0.06713373880167908
8278,0.03219565126246339
8279,0.08444351046394664
8280,0.6686332640973015
8281,0.01852280038081904
8282,0.12501828872501886
8283,0.06783099704541326
8284,0.04525474281068201
8285,0.5380439872862223
8286,0.10321484033805645
8287,0.009437106644043087
8288,0.8345728468229014
8289,0.5161536030489456
8290,0.018711323152562558
8291,0.43727990868747835
8292,0.3425174932210723
8293,0.030254894771556646
8294,0.015523249655017744
8295,0.5729225421802618
8296,0.08595544619240934
8297,0.9603704592209281
8298,0.28172072008785376
8299,0.07345485573993107
8300,0.6412986500499607
8301,0.02857058005159552
8302,0.9150545416107689
8303,0.14868800801736706
8304,0.5658819721401972
8305,0.04905691955410238
8306,0.25033965120925933
8307,0.1013803340784563
8308,0.31762238023631834
8309,0.0380450602221576
8310,0.11314717945629182
8311,0.20964430188655309
8312,0.5629758053093594
8313,0.2970818580771452
8314,0.14350375402338147
8315,0.7210055350268009
8316,0.6766430151770267
8317,0.24128857886164334
8318,0.5140964638253948
8319,0.18564057088515837
8320,0.07028129489690646
8321,0.7265591389133874
8322,0.24554723117168964
8323,0.06882120004730855
8324,0.5413210555598865
8325,0.07042245615257296
8326,0.011750263365505793
8327,0.8335943863551923
8328,0.0773265391076187
8329,0.04210785034774311
8330,0.7069244854196616
8331,0.2327953903020333
8332,0.07057581828845018
8333,0.13332433826377033
8334,0.026834752861911514
8335,0.05986206832900018
8336,0.22539683599352905
8337,0.25900923291548683
8338,0.8163727799493096
8339,0.6688227586207117
8340,0.8944449665906491
8341,0.02132047593335919
8342,0.12459866893831066
8343,0.12321919669382292
8344,0.02359666668914326
8345,0.014444922426191387
8346,0.1721662215052485
8347,0.3405125134356079
8348,0.5934306453025276
8349,0.08426361126048089
8350,0.8789380878889548
8351,0.025639008840112505
8352,0.06480367217264252
8353,0.9027661236263537
8354,0.10087975086186482
8355,0.24401603205346423
8356,0.0881564844172633
8357,0.19823191215251496
8358,0.9218760375349407
8359,0.03112081448443328
8360,0.06751120510582495
8361,0.5040173541110476
8362,0.8301129484736578
8363,0.08530657224320277
8364,0.9024570614607587
8365,0.141373131874502
8366,0.943178756417055
8367,0.24082643595538109
8368,0.7184191773942827
8369,0.08081731941844537
8370,0.2894390766233718
8371,0.8432682422511689
8372,0.6231421340159539
8373,0.8078754372868504
8374,0.034496554054872466
8375,0.06352278991146151
8376,0.026936852233893926
8377,0.4766800911020002
8378,0.17688382752167328
8379,0.6301843294278452
8380,0.5088563788619542
8381,0.32781323412478935
8382,0.7208665560721816
8383,0.09973841169946776
8384,0.653991522829819
8385,0.8869164815408365
8386,0.7767371398154564
8387,0.3298801348524234
8388,0.1697875476158592
8389,0.25305556187206213
8390,0.032278207853741546
8391,0.03434198248701051
8392,0.3942355650362069
8393,0.7877807958095441
8394,0.07676887556760782
8395,0.2516923197291225
8396,0.0810605716689715
8397,0.9418067323475494
8398,0.040530018193241
8399,0.7126767024735727
8400,0.08028832201050282
8401,0.6241952882443148
8402,0.04038014843521749
8403,0.3391727286731186
8404,0.07599088587838466
8405,0.14277996424117131
8406,0.07732739004917591
8407,0.020981631216789375
8408,0.10100656125711159
8409,0.5254414055705648
8410,0.3899131867088985
8411,0.09533865997707247
8412,0.052900577730985665
8413,0.8716655467235711
8414,0.06654536718978883
8415,0.6387323138878045
8416,0.05673927113515281
8417,0.030234443888466103
8418,0.44085914504412277
8419,0.015665630529530333
8420,0.08387569120312811
8421,0.03763401188572356
8422,0.9220419572816003
8423,0.04994347715364309
8424,0.04969231863708015
8425,0.008358061512130744
8426,0.4713395174394678
8427,0.07205505468420532
8428,0.035678572697097656
8429,0.16143008922676613
8430,0.5747890553456854
8431,0.04177296884882715
8432,0.06131293160445987
8433,0.92459408278956
8434,0.16700008118921394
8435,0.09455488288713955
8436,0.09884475452628205
8437,0.09735687049511645
8438,0.6394889130116165
8439,0.0400970646578504
8440,0.38049945321347406
8441,0.07423372106588626
8442,0.05177415381675458
8443,0.1995328158037778
8444,0.08701786236188627
8445,0.034140331443250134
8446,0.16584920467856323
8447,0.3214850143601706
8448,0.00805964154060139
8449,0.05007303984109899
8450,0.020897402603011227
8451,0.033999267961757354
8452,0.03032845461026374
8453,0.715243816184792
8454,0.04386863776043272
8455,0.4076856784972812
8456,0.8444824653041643
8457,0.7824732114216306
8458,0.303881286551799
8459,0.033247169032439475
8460,0.6149374268146836
8461,0.6032644149229612
8462,0.10925321213933757
8463,0.1658467042853071
8464,0.28579925779170723
8465,0.03756929987232681
8466,0.9398604955508106
8467,0.2564071044190205
8468,0.6636042822752105
8469,0.05544149694909408
8470,0.010404469862366539
8471,0.06814691148236565
8472,0.06343563653030554
8473,0.01222331912226743
8474,0.7531566932548955
8475,0.014366583996450931
8476,0.12210089138952072
8477,0.3643912827227212
8478,0.11856683185603667
8479,0.07269473495989037
8480,0.526247645115809
8481,0.44799482757265835
8482,0.8704998243947393
8483,0.13413584642300386
8484,0.03251010005683623
8485,0.005993176768583818
8486,0.02295036348597527
8487,0.8006329518259937
8488,0.18412912558781663
8489,0.24142154819520154
8490,0.15327190046341763
8491,0.6177097661813228
8492,0.05534051500043121
8493,0.018164068759053704
8494,0.5564104612609118
8495,0.950889367537823
8496,0.2699657106606432
8497,0.02179062275568791
8498,0.1131053365313043
8499,0.2116388344459622
8500,0.39963370082026656
8501,0.1492205940424005
8502,0.14238574102767332
8503,0.019428352973793812
8504,0.22907479574036424
8505,0.4997390675724669
8506,0.23550202396398826
8507,0.9686997159134348
8508,0.04219088081336993
8509,0.10643642996699498
8510,0.06390674909097892
8511,0.8698677268895587
8512,0.3618682801424318
8513,0.08555386362446997
8514,0.4699884041905466
8515,0.90559880535861
8516,0.5300506939249967
8517,0.8638793644497184
8518,0.5903956760876009
8519,0.012175979121101944
8520,0.5457281092508381
8521,0.036350237825496116
8522,0.5197695642579965
8523,0.2714834609653638
8524,0.251210390352338
8525,0.013358965870103472
8526,0.016573175370561542
8527,0.08342768173813711
8528,0.19935114174187557
8529,0.019749181505297846
8530,0.06104757357709858
8531,0.6546208781577713
8532,0.047518939922283884
8533,0.09205954551757396
8534,0.06776099155825435
8535,0.13140881742689808
8536,0.8558293849206667
8537,0.09778007089154868
8538,0.6098782774228583
8539,0.03957155082933159
8540,0.06137356774049073
8541,0.891542905861039
8542,0.1910460948546103
8543,0.553997442830958
8544,0.7700294213047125
8545,0.7817802882187123
8546,0.13913865957993815
8547,0.716202591347571
8548,0.3259754867178498
8549,0.788055502126136
8550,0.01810028449024999
8551,0.04719235921907615
8552,0.23251106807151806
8553,0.7132630029256641
8554,0.03164037856916722
8555,0.6003351994065935
8556,0.6179712513395205
8557,0.03207413790424641
8558,0.016708595444366897
8559,0.044010162536243215
8560,0.9565634809135568
8561,0.07501699184367487
8562,0.007766081173452996
8563,0.5855610799291637
8564,0.052297458723994036
8565,0.33434945663250165
8566,0.5472866306570386
8567,0.07216270306734546
8568,0.08167306582034681
8569,0.9186808481759161
8570,0.5597553651284888
8571,0.856766337448145
8572,0.04550984383239688
8573,0.09325647198243107
8574,0.024485792094767662
8575,0.26816236633830565
8576,0.035649350046797784
8577,0.020161700285909193
8578,0.9848154618242237
8579,0.13435968562883674
8580,0.35361356363724705
8581,0.2505702961536415
8582,0.9487117516822873
8583,0.8972719968420114
8584,0.9730807202366178
8585,0.02220050816609858
8586,0.05631727573418077
8587,0.9611880986298874
8588,0.08525427564218996
8589,0.03317218065673863
8590,0.12086649545945712
8591,0.04675615491641889
8592,0.1896157184365356
8593,0.3722204430405413
8594,0.061387066891872226
8595,0.1287384770595995
8596,0.10653961243300727
8597,0.490880729730796
8598,0.23118783267146126
8599,0.07221341155384406
8600,0.6050022431499533
8601,0.0239734066853717
8602,0.6276810721197446
8603,0.17358490553649286
8604,0.5924194645786973
8605,0.9416731639429134
8606,0.6241654931029681
8607,0.6603905282288499
8608,0.07436863750840084
8609,0.09129460965595412
8610,0.1431715681847872
8611,0.2113896663946276
8612,0.042122728208535125
8613,0.3717866452749634
8614,0.8008572836139703
8615,0.026710897916621353
8616,0.5735011994516173
8617,0.04165114585501511
8618,0.09455926713461238
8619,0.01179585645051088
8620,0.803834408754701
8621,0.951669904581391
8622,0.8778035423578369
8623,0.4055030081321522
8624,0.9808658441742778
8625,0.04334788211573995
8626,0.022479664479349626
8627,0.014699086058077451
8628,0.019341999138057807
8629,0.024710946375300955
8630,0.7505458997909276
8631,0.06231844780537749
8632,0.4737406849181359
8633,0.10304245514909863
8634,0.9281471919770005
8635,0.5967285624582926
8636,0.18259790017088115
8637,0.06649944518512539
8638,0.10394172546958534
8639,0.5759212023943995
8640,0.5830190096606752
8641,0.3369459735167347
8642,0.07705880526772615
8643,0.011503515761885448
8644,0.2859967450765718
8645,0.8809569019511133
8646,0.011245913765449577
8647,0.015305396946942947
8648,0.0367654609974519
8649,0.035742947695357456
8650,0.6104860860721806
8651,0.6505278515918055
8652,0.20840285770969458
8653,0.6612670740523696
8654,0.5183430145941295
8655,0.5821656734414682
8656,0.0356561366711726
8657,0.2046160254003555
8658,0.19336852192151682
8659,0.9667693133504471
8660,0.07966317255833195
8661,0.05358254553784703
8662,0.09567665465495663
8663,0.06543002816827556
8664,0.9336115313523756
8665,0.23492721327941396
8666,0.05097035524245019
8667,0.013193716067392457
8668,0.02358523397064121
8669,0.02929731647561937
8670,0.32533520013650996
8671,0.048818232519397375
8672,0.3379988917637107
8673,0.05994446077126634
8674,0.10492517815324619
8675,0.17142882670826684
8676,0.1457411080188761
8677,0.9621442378579244
8678,0.007286660939074325
8679,0.10910331750571554
8680,0.11217724743583753
8681,0.05075460367580324
8682,0.03874548684408983
8683,0.2306604953396627
8684,0.009980697196801728
8685,0.8528480411088863
8686,0.011457889387366063
8687,0.07060068127740896
8688,0.02980724339439504
8689,0.04082201013740036
8690,0.24662067233416254
8691,0.9069324116188207
8692,0.00947947218459358
8693,0.017920583804132702
8694,0.06980952070919307
8695,0.1430409105505671
8696,0.3555120243193916
8697,0.03602320663164839
8698,0.936622822286323
8699,0.628599495109206
8700,0.06875277506041515
8701,0.18757031288560594
8702,0.1459724751099929
8703,0.025453134176146006
8704,0.023607261637697788
8705,0.17669843113134281
8706,0.006378713341391604
8707,0.11714500630607592
8708,0.3446093758875226
8709,0.40196097861539776
8710,0.31132582545796084
8711,0.09846229750809228
8712,0.02179033440290884
8713,0.02706633077966877
8714,0.6986524113439252
8715,0.007739565409437957
8716,0.8380743914241161
8717,0.347770513448252
8718,0.1636058503397104
8719,0.14127144425250804
8720,0.5920134480344655
8721,0.046544489384535995
8722,0.9194161128255264
8723,0.10776903514323585
8724,0.5664442081661824
8725,0.265272026875601
8726,0.011223384053249916
8727,0.243495130870285
8728,0.02445375423411519
8729,0.025103707498441166
8730,0.12646245268604342
8731,0.04468756030544523
8732,0.0531551074074352
8733,0.3204656287042862
8734,0.04155497499553389
8735,0.3147829609740846
8736,0.032879671749730464
8737,0.022304291672496618
8738,0.01156738832237565
8739,0.020614584012898084
8740,0.26840444069588
8741,0.2853066756882952
8742,0.04791597984988967
8743,0.08036604507144325
8744,0.021261417040750748
8745,0.11418319440162278
8746,0.9733224675718245
8747,0.17589409785291035
8748,0.0674449905090883
8749,0.9775236049741636
8750,0.8546943318905913
8751,0.14655285335012241
8752,0.5970997236635741
8753,0.5341233602248334
8754,0.16604759461973012
8755,0.10773434024430258
8756,0.01966420492405594
8757,0.7150317764410161
8758,0.06765207565253151
8759,0.009293104612432407
8760,0.03373236230784
8761,0.021456883366723994
8762,0.012599715189960576
8763,0.7195251302425747
8764,0.05757834172227184
8765,0.03523593624773796
8766,0.37042384376222065
8767,0.26455499650357134
8768,0.21345711995473024
8769,0.18780477783981828
8770,0.2743035310262767
8771,0.035055139785211034
8772,0.019146211482544466
8773,0.04840141572223098
8774,0.148617697591199
8775,0.012838104623271963
8776,0.15276964676213176
8777,0.03180522827141923
8778,0.0998367484211369
8779,0.01673790509663051
8780,0.028658475651831952
8781,0.7454277701621521
8782,0.03572004553685259
8783,0.4961901843657722
8784,0.32033940388370136
8785,0.942728903920726
8786,0.19851675385063042
8787,0.09990637182442433
8788,0.3505392040365164
8789,0.023029613438718573
8790,0.5501282065025687
8791,0.14593805942328827
8792,0.2627125937438982
8793,0.06065146600967614
8794,0.18358014246725154
8795,0.8969679351758505
8796,0.2737498000161543
8797,0.9285610666977595
8798,0.28939216289003084
8799,0.6007669920545808
8800,0.024399043699319105
8801,0.00887577974674742
8802,0.5150694904972216
8803,0.040854242578322576
8804,0.12140124593928299
8805,0.014606305818599766
8806,0.04297839638343841
8807,0.006398260360347132
8808,0.16062222785434443
8809,0.008280368581268755
8810,0.5415131889384528
8811,0.15905852266165615
8812,0.6123234615324045
8813,0.715285420547427
8814,0.2275597521058651
8815,0.1976771763381152
8816,0.26287842993834837
8817,0.6922013632973105
8818,0.38777865970171277
8819,0.4607796222847169
8820,0.042622736987396465
8821,0.044837429955453964
8822,0.051423632806822134
8823,0.24566248809457036
8824,0.5623286870195235
8825,0.01833554705516375
8826,0.2483846898004547
8827,0.010799117522695377
8828,0.9756855088128298
8829,0.5825514921747518
8830,0.6880922127134875
8831,0.04226213289401011
8832,0.48414826981372455
8833,0.17702723587914052
8834,0.6149451371856398
8835,0.037489100928971064
8836,0.5209953883671956
8837,0.31227668195128183
8838,0.19553494892822273
8839,0.8741542305558669
8840,0.16793574985503518
8841,0.031663872428636754
8842,0.004970261961357045
8843,0.013671256465243455
8844,0.859182457617532
8845,0.05770520590436271
8846,0.009950168016096151
8847,0.3351585563816265
8848,0.02768806312796567
8849,0.45146624146278913
8850,0.81961854902761
8851,0.01742500423235887
8852,0.22595683538699626
8853,0.8708975658237093
8854,0.6139159303761149
8855,0.02185007108824746
8856,0.8650566595180642
8857,0.720883150226177
8858,0.06583474601549072
8859,0.7832252733704537
8860,0.92351102589568
8861,0.0987904570106376
8862,0.20236208831831687
8863,0.42472281168179804
8864,0.12209618164724248
8865,0.4470024586407412
8866,0.150073624074273
8867,0.3820860451790163
8868,0.01803971682980223
8869,0.1005044329546193
8870,0.44993980105096787
8871,0.3461417097378193
8872,0.4662831982694107
8873,0.058122030312344204
8874,0.012505004918926216
8875,0.17020934042214025
8876,0.03806609985658092
8877,0.024170273190211332
8878,0.05357822599577222
8879,0.09683741881896733
8880,0.030860334205550045
8881,0.029314785691961245
8882,0.04435833583695745
8883,0.6618902238826158
8884,0.028746836731948652
8885,0.06234756804074181
8886,0.01219842934613287
8887,0.02098023343978555
8888,0.05412970114982765
8889,0.4290716680951553
8890,0.8859968663926612
8891,0.8152207196032288
8892,0.21871737639616615
8893,0.05896335837066181
8894,0.10965109484763558
8895,0.03716451972939373
8896,0.2305492310545421
8897,0.3685654506780288
8898,0.013980373597751703
8899,0.6681573868651799
8900,0.9344694711623861
8901,0.09134017265432515
8902,0.03727606968107405
8903,0.5530170381862329
8904,0.053375267745913835
8905,0.3314219930062491
8906,0.11480160689913566
8907,0.37500740268855326
8908,0.5749561538023628
8909,0.8729451363242136
8910,0.014774922377570745
8911,0.027710104421796677
8912,0.7456959408882572
8913,0.15476174850712
8914,0.15194626993281155
8915,0.03935564526445587
8916,0.05472696070684225
8917,0.03282140864513807
8918,0.01961533355397523
8919,0.27684662608180827
8920,0.6047366427211669
8921,0.6262291416739889
8922,0.06478682507094885
8923,0.09473684595781974
8924,0.009412466821809235
8925,0.1358343489727232
8926,0.09365573154754833
8927,0.4266602289198404
8928,0.028965475591020577
8929,0.02189661002259732
8930,0.16300206721264882
8931,0.17262522415434242
8932,0.11190874743390844
8933,0.07988941214490386
8934,0.04163124061046144
8935,0.05034080990467727
8936,0.10762766256096377
8937,0.48610228625847696
8938,0.1949808766771932
8939,0.03050622989269005
8940,0.2007347983378953
8941,0.11812348529750771
8942,0.2598388069003968
8943,0.03845370044057231
8944,0.026491834234724235
8945,0.03967072154117264
8946,0.1258802057888893
8947,0.9742647270836964
8948,0.03482661805982857
8949,0.10342083900147739
8950,0.1416563990150285
8951,0.7582442016705283
8952,0.14865305170503926
8953,0.018532037431269393
8954,0.31009506776491963
8955,0.4762349993454252
8956,0.018086127826393475
8957,0.6005952843609048
8958,0.1865420903528632
8959,0.3966386653202928
8960,0.03662898839450135
8961,0.8658591603354944
8962,0.23512239585659478
8963,0.5004762779771964
8964,0.1300322570928441
8965,0.9371379680224157
8966,0.10149933533406287
8967,0.7897113480533022
8968,0.7883749069239558
8969,0.08282376725621667
8970,0.037826859168861734
8971,0.86957818327145
8972,0.022211756769377
8973,0.02749290288891187
8974,0.1451209861301007
8975,0.7599748519911287
8976,0.01751816977349284
8977,0.06539029655419037
8978,0.015098540188680043
8979,0.004501805654263813
8980,0.0935497310182948
8981,0.2505612120176192
8982,0.6880019254806744
8983,0.42113351200803845
8984,0.3937688288293732
8985,0.34848872047312096
8986,0.3085171615681405
8987,0.6477162437972336
8988,0.05827289758680691
8989,0.6002650470450298
8990,0.060918265782966226
8991,0.29324666834299246
8992,0.0602890456715142
8993,0.03282452025804619
8994,0.8568219275839287
8995,0.37977831915031446
8996,0.09245764395551488
8997,0.3683875319034381
8998,0.5084009404014495
8999,0.22353190313888033
9000,0.15057379401672993
9001,0.0332863000748358
9002,0.23537554630513008
9003,0.8477682072885132
9004,0.018149040809005864
9005,0.20245211122824863
9006,0.007315834709312756
9007,0.014204165570685824
9008,0.07070760062037909
9009,0.03278286096845223
9010,0.10075043028228409
9011,0.027627445742598993
9012,0.051861619418264504
9013,0.01669029832549663
9014,0.813237629841864
9015,0.02557746940016342
9016,0.04611549437822835
9017,0.8567703019344811
9018,0.6581209850568193
9019,0.29783099832714505
9020,0.025834692921612726
9021,0.1462949435071651
9022,0.01658495975315632
9023,0.17922920760195646
9024,0.7820986077755838
9025,0.7807438652310909
9026,0.02888863625859839
9027,0.2595327765192731
9028,0.022447014280087274
9029,0.042181110848313594
9030,0.2553103062876031
9031,0.49623237290125344
9032,0.13246614482306576
9033,0.022053158409092652
9034,0.13229081928676845
9035,0.2535976113069466
9036,0.9059092972171991
9037,0.9589065852440112
9038,0.12273544292814198
9039,0.05354529013364017
9040,0.028109289517565472
9041,0.935362560795073
9042,0.07898695085252765
9043,0.01635541578268213
9044,0.022270378648933473
9045,0.2485382527018875
9046,0.07795006270959097
9047,0.29383490683800967
9048,0.026441180538075586
9049,0.01478497762967592
9050,0.8512554697534903
9051,0.19722412887305296
9052,0.31641819894359735
9053,0.050800709373127466
9054,0.29949755790295013
9055,0.023593689033948654
9056,0.14287301315924722
9057,0.20434772179557478
9058,0.012176468786512096
9059,0.17350959211887548
9060,0.0522300508217848
9061,0.507966633251393
9062,0.004415666349422998
9063,0.22101851816626436
9064,0.03173062272590836
9065,0.5800240736290628
9066,0.21735866556755132
9067,0.46871428638831714
9068,0.08314313875647811
9069,0.07310076062481012
9070,0.9894293292919324
9071,0.005128044005371173
9072,0.7744668781825774
9073,0.1627778595427139
9074,0.5669269650750232
9075,0.10353040139601984
9076,0.014646461656631589
9077,0.07677233552349563
9078,0.10402886870418575
9079,0.008883343477460618
9080,0.15190088502309013
9081,0.014225754644485273
9082,0.036990798376190535
9083,0.028761914930554917
9084,0.13690007370497903
9085,0.04689717381353625
9086,0.10833272585972493
9087,0.0298979907677931
9088,0.5473699581992519
9089,0.053809240022187274
9090,0.32422109587848813
9091,0.0310271307595515
9092,0.7977389802810191
9093,0.3874255699363377
9094,0.022509894229322147
9095,0.3314807176333817
9096,0.9198421196435128
9097,0.04310853185165921
9098,0.09522418296948414
9099,0.5553081416387046
9100,0.021552066595041264
9101,0.8028030308292669
9102,0.11256403173148297
9103,0.12212602214938786
9104,0.044614570990117876
9105,0.882425358377002
9106,0.5142429885322709
9107,0.24584576598849
9108,0.7115694732502039
9109,0.08348255896799846
9110,0.04548640125488604
9111,0.8376959422046111
9112,0.1446429227005858
9113,0.05298215900702612
9114,0.04317470160047543
9115,0.030006514487864868
9116,0.5486627577212775
9117,0.018624260452629052
9118,0.5178337564334897
9119,0.039414874969995926
9120,0.4085026933255175
9121,0.15016174253242262
9122,0.31027904767417186
9123,0.304178862621518
9124,0.04565401629310833
9125,0.03907659268893012
9126,0.4417462986802068
9127,0.42843266909204014
9128,0.24620025912761584
9129,0.3658365841161223
9130,0.3215136652690045
9131,0.5957428870435498
9132,0.830819785597663
9133,0.13697371219839805
9134,0.11953678790369537
9135,0.18282449559372846
9136,0.18191784872818037
9137,0.24182443648569837
9138,0.09106761306396763
9139,0.018885905477029404
9140,0.008378915489623533
9141,0.49492975680572004
9142,0.21295923058663602
9143,0.057466818654516694
9144,0.9693102535047331
9145,0.2164261736595374
9146,0.15455807699822943
9147,0.07025302729674943
9148,0.038792021502337036
9149,0.3855896597096807
9150,0.022317535380461676
9151,0.2076419939633738
9152,0.6066223711892554
9153,0.2819155414376208
9154,0.021089480506791554
9155,0.02337472317635045
9156,0.0845649510208409
9157,0.0718517486771011
9158,0.10369112462994194
9159,0.023938697410573063
9160,0.322785668096251
9161,0.05915976016000623
9162,0.05250871376164844
9163,0.24373406380765
9164,0.9331356325871615
9165,0.43269874518180196
9166,0.7967114587181426
9167,0.8036128662223058
9168,0.303761320440935
9169,0.04989873072157924
9170,0.24110147466652004
9171,0.31908857804413987
9172,0.017214831105696986
9173,0.08216594435088828
9174,0.16565471843943477
9175,0.7159603562987764
9176,0.1078317759595437
9177,0.05410626765975841
9178,0.15001536363217643
9179,0.6689594405638684
9180,0.047716306283644254
9181,0.03664417619383794
9182,0.4116009039390499
9183,0.04879394473669565
9184,0.35319295878339313
9185,0.5480973791510924
9186,0.17043485472033915
9187,0.1305275439418414
9188,0.34944540250262224
9189,0.029627124635609643
9190,0.015338662163167524
9191,0.5515900605333004
9192,0.21548384989935085
9193,0.08996918299356199
9194,0.2320700404334398
9195,0.825425470337495
9196,0.7533725148032023
9197,0.018756219357329858
9198,0.2915582369801402
9199,0.7827342381206226
9200,0.08083161683571873
9201,0.11183847602208517
9202,0.051249831308581524
9203,0.22905530357406997
9204,0.2003250633878589
9205,0.006332236141783003
9206,0.14264116155388326
9207,0.1808125030730025
9208,0.0766919255077358
9209,0.11114230890767904
9210,0.020368933513177135
9211,0.04516212047684191
9212,0.041766263648094125
9213,0.09415707942747285
9214,0.11865557289903204
9215,0.04815716761881326
9216,0.17897608723682554
9217,0.5118120320301957
9218,0.1771667775978652
9219,0.02005826802661881
9220,0.08538973452955284
9221,0.13502230799375445
9222,0.09020754714394306
9223,0.04097317726260291
9224,0.018324937856639797
9225,0.8131958933872607
9226,0.1392414098636346
9227,0.8591326291229581
9228,0.1534970491299762
9229,0.8130185108337411
9230,0.6173217425167651
9231,0.835272463411544
9232,0.09144061078118164
9233,0.10476586152674179
9234,0.7754991736161445
9235,0.09078541116897813
9236,0.4742313086621329
9237,0.09392737683808594
9238,0.04606626683799599
9239,0.008259679789909064
9240,0.5414764066103617
9241,0.26398246890666416
9242,0.1738059850322525
9243,0.1409941640889497
9244,0.0064464337294754615
9245,0.029084540999297356
9246,0.3862636372796691
9247,0.18561135475570817
9248,0.13281446371358385
9249,0.014996635096418118
9250,0.041536841982577004
9251,0.5516862290763023
9252,0.017330332320687605
9253,0.011094294688868286
9254,0.7441945944213236
9255,0.03443772638867461
9256,0.030127807414740557
9257,0.4740905721683173
9258,0.024798628996482115
9259,0.006816898807687408
9260,0.25248920166985067
9261,0.84275930873751
9262,0.05110754967088835
9263,0.3418974038515559
9264,0.008001222506914358
9265,0.041305002563524124
9266,0.3110015828939417
9267,0.1411230233755294
9268,0.3749901498281191
9269,0.9490236945294035
9270,0.9048780430221223
9271,0.01650957811184534
9272,0.07726069358149147
9273,0.27208873715188725
9274,0.4089856211579261
9275,0.7997080015075828
9276,0.1278881179256623
9277,0.19509602556335645
9278,0.21818093981334458
9279,0.3316414033461047
9280,0.2847786524909002
9281,0.2063020015655859
9282,0.005855485271249343
9283,0.025340592581406356
9284,0.6745881353590328
9285,0.009679012766921466
9286,0.05244174498801674
9287,0.00770123320777187
9288,0.201291884021383
9289,0.15833528529582439
9290,0.8277706966732962
9291,0.5304005681597641
9292,0.23286769755600026
9293,0.06719899955628353
9294,0.042874885350600515
9295,0.05009941276901599
9296,0.04850861664595816
9297,0.006571393555799298
9298,0.09204717182156083
9299,0.19924204166142728
9300,0.7404158988477231
9301,0.5227328224114077
9302,0.36242773137500184
9303,0.6087662628645699
9304,0.029824492463959684
9305,0.15530607704551502
9306,0.1331847293376388
9307,0.5716120736577293
9308,0.15468998978139759
9309,0.0216343022782399
9310,0.0641951106994401
9311,0.4932506048166094
9312,0.1411757582664941
9313,0.3189610760545347
9314,0.06132236407542217
9315,0.08254439334150768
9316,0.9789656255460296
9317,0.544209079357718
9318,0.05144796253939764
9319,0.11830542823610862
9320,0.04077557583197048
9321,0.158413232161517
9322,0.08189492128098166
9323,0.08291868945438959
9324,0.02706781096327185
9325,0.010173362861521868
9326,0.5286402877976416
9327,0.06764943783069133
9328,0.036331712845470134
9329,0.0784381551766207
9330,0.2624283650349465
9331,0.031126741859037414
9332,0.6777363045021894
9333,0.1568630666255708
9334,0.02360076800837149
9335,0.09188991997461454
9336,0.9625268416867993
9337,0.04355857090630033
9338,0.22976921510504783
9339,0.07336935802207728
9340,0.049013617893354525
9341,0.4152813987645958
9342,0.2589369706716461
9343,0.048562286558212445
9344,0.017620433012334475
9345,0.17204429066121463
9346,0.03710559627800421
9347,0.9444683091462155
9348,0.4000976901460192
9349,0.11135600171643964
9350,0.7204906281109121
9351,0.09284244912431594
9352,0.1349339475563371
9353,0.136374342689067
9354,0.4784332941148312
9355,0.014235488847566747
9356,0.09788112704443966
9357,0.146720044022952
9358,0.05212700301893182
9359,0.030235221740089843
9360,0.6511300764947058
9361,0.2708956284349184
9362,0.027927998326183423
9363,0.811930941521115
9364,0.9197225529109377
9365,0.12973537471259583
9366,0.02396481286356012
9367,0.3563519785461519
9368,0.6609681128271886
9369,0.6400274024136341
9370,0.07968926349800241
9371,0.13567389039677782
9372,0.03118423238523988
9373,0.054833234074104606
9374,0.4337779983150559
9375,0.38056616811610516
9376,0.5768077595023341
9377,0.9751998276754608
9378,0.02546946916866118
9379,0.027674926948400697
9380,0.9510848158626382
9381,0.06260761098888644
9382,0.063705204319379
9383,0.7774342155396525
9384,0.010939414910612746
9385,0.8216530775982386
9386,0.8069706354209433
9387,0.716582523726159
9388,0.06777634185007074
9389,0.016570666881199517
9390,0.7402752155646692
9391,0.4672766240849439
9392,0.6068460558822426
9393,0.021445484738102916
9394,0.248584744322665
9395,0.10462014070163482
9396,0.7875351229696299
9397,0.17253869117628548
9398,0.30365427776672393
9399,0.09438511876856522
9400,0.9492643682824123
9401,0.09468405626297971
9402,0.050876986856368385
9403,0.8110526235448993
9404,0.06269079507937421
9405,0.18643563760454485
9406,0.3655759986196804
9407,0.5227763526931763
9408,0.04162474307629766
9409,0.051666693849392896
9410,0.0542131333717636
9411,0.1148299038290802
9412,0.3139036736617381
9413,0.008135995673662733
9414,0.27904572770404695
9415,0.1245005918415958
9416,0.7112838394674924
9417,0.17963140596466734
9418,0.028756281032616317
9419,0.16250999734769128
9420,0.020641759031945938
9421,0.024628038311969015
9422,0.8293311303668659
9423,0.5585359347610157
9424,0.2122977629300853
9425,0.1970462266803451
9426,0.022008274565372316
9427,0.7146354079927904
9428,0.36622295338069044
9429,0.9588755361890716
9430,0.2874677388707327
9431,0.9575907921712696
9432,0.17964267618242136
9433,0.6614587562693306
9434,0.027632354753919317
9435,0.0069614239900565485
9436,0.4805934144142063
9437,0.4592713903756226
9438,0.10625049397909271
9439,0.037944717555039115
9440,0.485878001019219
9441,0.27305985604447425
9442,0.11574204159406216
9443,0.16562879007279432
9444,0.02298914318652462
9445,0.4337540198818259
9446,0.005747065875729703
9447,0.010524662671056489
9448,0.0024597483040306152
9449,0.13884092103677287
9450,0.829949599467042
9451,0.08723593138358855
9452,0.46725210517519195
9453,0.04848766020720499
9454,0.3390545286551784
9455,0.9490979454662939
9456,0.10979769880098744
9457,0.18943089280617117
9458,0.013332261414860713
9459,0.28608808424402543
9460,0.7961233799765135
9461,0.007972615917169823
9462,0.69124775598005
9463,0.3456454084867283
9464,0.5508201294920684
9465,0.1035047924508535
9466,0.05020521969443213
9467,0.5665713298754341
9468,0.1645628027036427
9469,0.7284370482511362
9470,0.030317525976381522
9471,0.05152781038067896
9472,0.4842486160143525
9473,0.26629526638808915
9474,0.41836420461080615
9475,0.8227240426379397
9476,0.020981447364329716
9477,0.031763132126719114
9478,0.006563906342715782
9479,0.011283821877541941
9480,0.14671686290500432
9481,0.10907689838719482
9482,0.27018952995675577
9483,0.3447587354966507
9484,0.3984832393228183
9485,0.028700167861517745
9486,0.5965583745085794
9487,0.12615904826760344
9488,0.8023432677630324
9489,0.5730994704538962
9490,0.23432902672949177
9491,0.021593150504815643
9492,0.2808063163858632
9493,0.315699299674929
9494,0.04253101158122933
9495,0.06987261890015944
9496,0.07105962686694639
9497,0.3169640483876326
9498,0.194743940969999
9499,0.5008548876530481
9500,0.5536180733307867
9501,0.30367678184379715
9502,0.43560357974950853
9503,0.20224583089572687
9504,0.23982474689237257
9505,0.07476489809586409
