respondent_id,covid_vaccine
4757,0.4350156827141086
4758,0.19552315427137862
4759,0.2053123993311055
4760,0.49345416197291775
4761,0.048805449929088404
4762,0.8069972546986178
4763,0.6002959619510978
4764,0.9014807289888032
4765,0.8864204242855163
4766,0.26377045008283984
4767,0.2338028403364439
4768,0.8874317021613681
4769,0.9207785167001691
4770,0.4960940974929991
4771,0.06652612669584101
4772,0.38199298237865653
4773,0.06835295640672864
4774,0.0690098133184973
4775,0.4996676664340513
4776,0.2814076747216599
4777,0.23746907054690194
4778,0.23215936168768891
4779,0.11816277857454452
4780,0.9817620487952766
4781,0.019052659704545966
4782,0.08362113567079471
4783,0.6573798370667536
4784,0.06179471883865256
4785,0.3473646299065303
4786,0.9345967416822031
4787,0.20613587599888028
4788,0.011687317689335473
4789,0.2454791131264283
4790,0.9140850533349454
4791,0.08321403738955155
4792,0.03568123073845038
4793,0.5642503291345335
4794,0.9685501086022976
4795,0.1748699021765883
4796,0.01858510366823345
4797,0.31503611967764494
4798,0.9173500694780186
4799,0.2959917553390932
4800,0.044527678449682695
4801,0.11881411349426269
4802,0.1823231142779199
4803,0.07071127955824155
4804,0.5402684044315844
4805,0.055988600348829444
4806,0.10248635807851204
4807,0.02519473156305928
4808,0.2981127239942508
4809,0.33988785725430704
4810,0.765355040656566
4811,0.3772363811807647
4812,0.026107514340176382
4813,0.13571281206880098
4814,0.41717733047006483
4815,0.17791475668306617
4816,0.7816160389297503
4817,0.31459497801432945
4818,0.08227664054742524
4819,0.11367400673707623
4820,0.8651163870032634
4821,0.9504551286420926
4822,0.5149860124930454
4823,0.7605647555713909
4824,0.48620191229701787
4825,0.04412985913971772
4826,0.1465566045119724
4827,0.5486882444379275
4828,0.0051934259588488595
4829,0.9325553821533852
4830,0.42113627043972934
4831,0.17673346946125393
4832,0.4248135866112659
4833,0.04076704716822472
4834,0.9182708590034027
4835,0.9369617420019773
4836,0.29016204359409
4837,0.5611414176294395
4838,0.301477393320154
4839,0.06360803994188222
4840,0.44045705173669436
4841,0.7321307046398625
4842,0.7293856867370213
4843,0.029071974756453903
4844,0.16837297403502496
4845,0.04466882767002536
4846,0.1842300205366245
4847,0.02532221826837102
4848,0.10219398169757202
4849,0.41478485283609884
4850,0.06870524199199889
4851,0.2417758086465239
4852,0.25263500418251167
4853,0.101216831707845
4854,0.8875035457993102
4855,0.8241419554919376
4856,0.46083897329274315
4857,0.15755370017378106
4858,0.7481937695556764
4859,0.4196665958693953
4860,0.15657946832121544
4861,0.020381838491840557
4862,0.2815341001671318
4863,0.07576061828111952
4864,0.009197225978886971
4865,0.4084791173179141
4866,0.4684903788998763
4867,0.2170752709398939
4868,0.051766136655245834
4869,0.2047115934007467
4870,0.048686721090810764
4871,0.3452249323152582
4872,0.08209701067662785
4873,0.04358675318326145
4874,0.042574513331974276
4875,0.5256371327634077
4876,0.007789342076051987
4877,0.07660865977902068
4878,0.8439381559612659
4879,0.5363864394662932
4880,0.04532936497359283
4881,0.7148635421876293
4882,0.37728049348070103
4883,0.19325965267014406
4884,0.03304309943922085
4885,0.3763474512453451
4886,0.03437558348758868
4887,0.7557491020745966
4888,0.44697454217551236
4889,0.01855637120490978
4890,0.028914589663725846
4891,0.15986195191543207
4892,0.15258967803198853
4893,0.022575197338259346
4894,0.901940794294504
4895,0.1511142878128384
4896,0.8277409544994334
4897,0.9796323828632026
4898,0.494844958257415
4899,0.26389983199295064
4900,0.05222916196577193
4901,0.21653668301436904
4902,0.506483994802194
4903,0.21770712368399253
4904,0.9724886745265102
4905,0.15066017558991118
4906,0.08061327735277388
4907,0.8569440717486914
4908,0.7997199517351536
4909,0.724601822192268
4910,0.3185972740775593
4911,0.4923079775570865
4912,0.113454463705791
4913,0.8529899654344989
4914,0.03697690125886528
4915,0.9585099480920124
4916,0.15534090611922738
4917,0.045170187578777436
4918,0.11564383238089317
4919,0.058289286028710155
4920,0.5057652564942776
4921,0.3442867190548958
4922,0.20676082535210002
4923,0.4232816864806024
4924,0.1766323001847731
4925,0.04404942901848328
4926,0.02449853596887219
4927,0.3026314859260602
4928,0.06172712053290813
4929,0.920281693509001
4930,0.24405079915856479
4931,0.6109876968277961
4932,0.04587730025455556
4933,0.8162217266080409
4934,0.0453384775693672
4935,0.23794777234107745
4936,0.21839090019104668
4937,0.18069416707987251
4938,0.9766519306365231
4939,0.1314404669987104
4940,0.38858116739683096
4941,0.8179130156163176
4942,0.938702487809883
4943,0.40326627203691556
4944,0.048151153509021806
4945,0.9751056123343488
4946,0.22111278522539762
4947,0.8974757233326077
4948,0.14873929817804563
4949,0.1818403366544357
4950,0.32634616062685573
4951,0.13319921148244213
4952,0.5517461471797787
4953,0.24247811771858652
4954,0.5961831052403521
4955,0.14032273822844943
4956,0.10215884283511309
4957,0.9539644864464485
4958,0.33885853149469947
4959,0.019460670285178953
4960,0.4501019288689649
4961,0.8182588824636096
4962,0.3470297257103399
4963,0.3215375408184332
4964,0.8199016517302283
4965,0.4093044079127466
4966,0.04727290343722518
4967,0.053269313678585534
4968,0.5925951225161191
4969,0.806201087177941
4970,0.47472769869160686
4971,0.9488743844813612
4972,0.5812198600256031
4973,0.42892969721921326
4974,0.15696323691153102
4975,0.03125831521129745
4976,0.8485056342749946
4977,0.02784615107583485
4978,0.9668873549231665
4979,0.2571694321372474
4980,0.15614008311323513
4981,0.18160872811217676
4982,0.5530073008083569
4983,0.14679441425416828
4984,0.21371368626401532
4985,0.3323339628238447
4986,0.39634420389422303
4987,0.2523161824740956
4988,0.9581470799191415
4989,0.02546908876333641
4990,0.09029019309096722
4991,0.13325077565267376
4992,0.11560571997288334
4993,0.8235590531470723
4994,0.38977705117525113
4995,0.21620180230113603
4996,0.41142577421822885
4997,0.5385350142983285
4998,0.19786460696035385
4999,0.30017153352015813
5000,0.042346884687889795
5001,0.2789011428361135
5002,0.04196773662846661
5003,0.7252578419410521
5004,0.9138956777450363
5005,0.29323521933377694
5006,0.0986587786518143
5007,0.8353558230901803
5008,0.0451991655531817
5009,0.022950683195425883
5010,0.040052201251765236
5011,0.4893394779313888
5012,0.1044852252312939
5013,0.12364059405492962
5014,0.03592383108727364
5015,0.023114848380904874
5016,0.04274520505314335
5017,0.6883088488324889
5018,0.9849201914695246
5019,0.049151572851670294
5020,0.27709059657281115
5021,0.5877018539468403
5022,0.9500788365623247
5023,0.8721724989723295
5024,0.04432999279775958
5025,0.18210948788313974
5026,0.25893279390625595
5027,0.29540282766816117
5028,0.08530040308405114
5029,0.03706366169002062
5030,0.8975454013023686
5031,0.372464629497162
5032,0.22944499438101357
5033,0.07181613362804432
5034,0.8830040147250039
5035,0.04542552148362578
5036,0.05294977144524317
5037,0.6767344595842272
5038,0.3959835586639712
5039,0.16329845311427904
5040,0.6845286279454647
5041,0.030862698235592272
5042,0.397740730574035
5043,0.957603262717032
5044,0.8400874816752053
5045,0.22744085255314198
5046,0.6102708153131254
5047,0.29613720020702494
5048,0.10253087023005775
5049,0.041190332122448214
5050,0.3287069756686553
5051,0.556996261208435
5052,0.9582596558348517
5053,0.050277693592902184
5054,0.1342721905903777
5055,0.40624438862232426
5056,0.21906894642183297
5057,0.23744375514988242
5058,0.2298558815399524
5059,0.888244068327456
5060,0.5172759575114632
5061,0.1405964260202738
5062,0.04487320952995556
5063,0.04521569174604615
5064,0.07022478927001126
5065,0.006599710131702754
5066,0.9094378664186056
5067,0.937466687447398
5068,0.13059615329234678
5069,0.3928606655456277
5070,0.7069449838870838
5071,0.41362206853820704
5072,0.8547933937239574
5073,0.07442547653602874
5074,0.8928520568438704
5075,0.944107295570191
5076,0.18879419581191653
5077,0.5422414122707768
5078,0.1506772146394559
5079,0.9268878611968385
5080,0.0254036659505695
5081,0.2519182147830971
5082,0.14182651751790262
5083,0.9316752693522615
5084,0.8498240930076213
5085,0.43849872298011466
5086,0.6505864901620273
5087,0.11225236267546983
5088,0.4134256402039943
5089,0.8190919780793594
5090,0.04057222112598966
5091,0.025623319782228912
5092,0.5268952145819159
5093,0.26801846432338755
5094,0.4171413075570541
5095,0.16647351715946399
5096,0.0886518944831609
5097,0.13759161471384573
5098,0.9109998507297218
5099,0.14352715374419897
5100,0.22647479481044813
5101,0.125488919758424
5102,0.7593972964347298
5103,0.10728914722564135
5104,0.01856169218153493
5105,0.1860156973701725
5106,0.4303353762378828
5107,0.8093715624326517
5108,0.45394766286447413
5109,0.242735840684275
5110,0.8160933592943652
5111,0.2142764775654139
5112,0.4233476150513111
5113,0.871781475205543
5114,0.04239356502910929
5115,0.23686745545149285
5116,0.18476006502379244
5117,0.28137823280799473
5118,0.48130031956542707
5119,0.5763182699463378
5120,0.3569357050346937
5121,0.700743164206225
5122,0.14742810315064572
5123,0.5676922134153564
5124,0.035395915243823475
5125,0.04051856062516182
5126,0.07381678716631561
5127,0.7378499793161496
5128,0.3894836601435233
5129,0.07864532449019714
5130,0.6970981611402989
5131,0.28521419154848676
5132,0.001098912840096024
5133,0.438790759033133
5134,0.04720178681661799
5135,0.2825576666435739
5136,0.5386238241297205
5137,0.8368064874668019
5138,0.918757065285536
5139,0.9599037769611276
5140,0.9839173245721102
5141,0.7645566161316866
5142,0.14482457498132786
5143,0.024356188601371034
5144,0.3628475357941446
5145,0.6605249840949016
5146,0.06596703127568718
5147,0.10784190575213651
5148,0.11752701548631272
5149,0.9161314398496373
5150,0.08731046229824853
5151,0.8392520530915444
5152,0.9295589409579603
5153,0.2108813849029053
5154,0.8500597488417659
5155,0.5707461708451298
5156,0.978225399658576
5157,0.002873914427499404
5158,0.5429292001350633
5159,0.6058421971572698
5160,0.9876332646609958
5161,0.36677194413404535
5162,0.9235042989230059
5163,0.34396639726413325
5164,0.7266149214012474
5165,0.9162247640607813
5166,0.04079126278205607
5167,0.002665142530989238
5168,0.6788721521201142
5169,0.06499268932279474
5170,0.8780770669393996
5171,0.19078627000796144
5172,0.7510106476774173
5173,0.30015168847724555
5174,0.8058050088973355
5175,0.663772074730705
5176,0.33322416598509164
5177,0.7628412157641983
5178,0.5026000923681033
5179,0.634201621098589
5180,0.23729795760113961
5181,0.02973684346960568
5182,0.8870428346977254
5183,0.37935266232263765
5184,0.01316386009601618
5185,0.18281370562578964
5186,0.9659269811664769
5187,0.3038196782571336
5188,0.43930573373956044
5189,0.08377629068303707
5190,0.340458646683448
5191,0.4755269544317328
5192,0.47429353381683315
5193,0.931256768330015
5194,0.3840261495106251
5195,0.2553419138520753
5196,0.11391843110101034
5197,0.11056268792277037
5198,0.046236999457894744
5199,0.06063667260685275
5200,0.22280495436321904
5201,0.1703460069095536
5202,0.961288176316898
5203,0.3570784856517293
5204,0.5588045525896738
5205,0.1142017039190277
5206,0.035361862540903885
5207,0.03345197513095298
5208,0.06997653602765126
5209,0.3253387691336187
5210,0.39808809234843134
5211,0.022621070935713056
5212,0.4935516896975243
5213,0.38763228336745187
5214,0.29991689922395415
5215,0.6421295273384385
5216,0.06783206263126583
5217,0.15353914766991067
5218,0.8730401661195134
5219,0.11201534547263844
5220,0.9627155004423695
5221,0.29678719635296674
5222,0.9687996043779082
5223,0.10583730115495485
5224,0.5512563481354601
5225,0.334729052371365
5226,0.9133581757947312
5227,0.6314103264547061
5228,0.23234515262173883
5229,0.6017116007075083
5230,0.8957931542470352
5231,0.2915050797886518
5232,0.2270496004893376
5233,0.0883444473893757
5234,0.12491204213078776
5235,0.16854034897563364
5236,0.07183254791942453
5237,0.025705180422220242
5238,0.6730841967368694
5239,0.02264155414534751
5240,0.9579816031161588
5241,0.001982412800401185
5242,0.677384855462304
5243,0.8175229759040614
5244,0.6405701749366036
5245,0.11555714729198893
5246,0.9518041673048829
5247,0.1885333586597362
5248,0.008518654080179837
5249,0.11105768162166028
5250,0.6905247490599212
5251,0.7462593197957019
5252,0.9713615131187262
5253,0.1459189644891293
5254,0.8200712794046676
5255,0.6625474094687787
5256,0.6795857792004262
5257,0.2471604257012224
5258,0.7799264815806214
5259,0.17748323538694458
5260,0.8994429335041147
5261,0.27684582651948514
5262,0.19661553150291966
5263,0.8015447192186415
5264,0.2798900036866934
5265,0.9362431772350918
5266,0.22216424953264552
5267,0.2487591359194404
5268,0.8413027009089932
5269,0.08698806357583753
5270,0.4905478916762708
5271,0.06426796469603951
5272,0.2985129267833158
5273,0.11585494021884174
5274,0.13238109381842103
5275,0.3074723081974161
5276,0.7773138185659745
5277,0.5411753931443627
5278,0.12138556188848966
5279,0.19404010717364648
5280,0.9094578102718971
5281,0.9640204960303561
5282,0.015356198713903622
5283,0.377522914182851
5284,0.04717000145183151
5285,0.2169482245179346
5286,0.057299126372991345
5287,0.9886015791452613
5288,0.025923768033139536
5289,0.16926037325759835
5290,0.009230691101845361
5291,0.9129133473820779
5292,0.1518305970321942
5293,0.3266307894823846
5294,0.10072621842925633
5295,0.3022555927512723
5296,0.9750643049899292
5297,0.8435846642067647
5298,0.889172447537613
5299,0.019938321726127903
5300,0.13703326535385807
5301,0.08279273445312173
5302,0.5472765084978662
5303,0.17604895963799405
5304,0.4907824915737289
5305,0.05460626115209174
5306,0.28219490903837274
5307,0.906293202950464
5308,0.7408764152313946
5309,0.7058091601413358
5310,0.10583997793800534
5311,0.14645678411196633
5312,0.7105038703782913
5313,0.06548258620535513
5314,0.7582042361805371
5315,0.04224579924133868
5316,0.9325088162750383
5317,0.01090164929974108
5318,0.22627799173268365
5319,0.12277627252710072
5320,0.6414489860735807
5321,0.5121022000470111
5322,0.019297232684503337
5323,0.2942156459565529
5324,0.02986569519878933
5325,0.951355737381291
5326,0.5945431566810121
5327,0.07497287994655233
5328,0.946150776568539
5329,0.9482975467875902
5330,0.1960788232645594
5331,0.8044164051489046
5332,0.9474537287684207
5333,0.08158830309341085
5334,0.4963239118154994
5335,0.22330017422738901
5336,0.011448236051797015
5337,0.959391421240032
5338,0.24028559204241184
5339,0.12021403942742442
5340,0.13166000527416485
5341,0.01655606148019422
5342,0.12295414480936694
5343,0.2031714897957221
5344,0.8848978605411393
5345,0.9896146946637728
5346,0.9368126991900061
5347,0.021813021493666068
5348,0.05029639357459441
5349,0.08350112027923913
5350,0.8172896629551264
5351,0.43232062026301127
5352,0.43344619601310824
5353,0.7691504297152381
5354,0.39384951909240656
5355,0.987822965461169
5356,0.4028438054737556
5357,0.0031460230588582633
5358,0.07979183104540559
5359,0.8963705500745854
5360,0.07951500744949154
5361,0.9189228789263193
5362,0.011186493108970177
5363,0.8005515090019091
5364,0.045152785878692495
5365,0.39610554644336726
5366,0.7838972620714829
5367,0.03939788680948614
5368,0.44171288557808014
5369,0.09718747605268258
5370,0.2070563834149778
5371,0.04255298968414069
5372,0.12577433430825533
5373,0.12154287031227318
5374,0.13168216286202994
5375,0.38615746278736546
5376,0.7921273446964724
5377,0.9184497384283736
5378,0.8702114147245994
5379,0.7382887485127236
5380,0.13099771734391652
5381,0.17587675678853912
5382,0.1505919476278255
5383,0.5129938483278131
5384,0.18175905440637424
5385,0.40653319049810777
5386,0.033218722270931325
5387,0.9513738675304823
5388,0.35267603312170226
5389,0.016369502883986066
5390,0.131765026310265
5391,0.5465952303717412
5392,0.5027228230542509
5393,0.2678579640322574
5394,0.28028423971550914
5395,0.3161230373335005
5396,0.4502636186786603
5397,0.5372318528028961
5398,0.5835310028994661
5399,0.7179322910517671
5400,0.9793868123448057
5401,0.12481246701094245
5402,0.4682840764918917
5403,0.1029648048739573
5404,0.23965076190708673
5405,0.9808732163677656
5406,0.8882870152632459
5407,0.9885771921727035
5408,0.9684005578392179
5409,0.019903784389208045
5410,0.18879869755350076
5411,0.6412013686182976
5412,0.2933003969079084
5413,0.07976221147225827
5414,0.27658265964151985
5415,0.3082121202811905
5416,0.04258864975973682
5417,0.2763966765265903
5418,0.4312450008272206
5419,0.40471273887059994
5420,0.06292115276807499
5421,0.23202897962863214
5422,0.2515981804304848
5423,0.07088282998053372
5424,0.5148262930520259
5425,0.894769130817466
5426,0.040015702806452634
5427,0.23555364888617297
5428,0.9321844513974329
5429,0.31543829523065237
5430,0.7944984696669953
5431,0.4000384263133306
5432,0.5053354134053556
5433,0.7154102811422204
5434,0.8492168520614064
5435,0.8598336773985339
5436,0.3041084213456078
5437,0.02678495281209665
5438,0.1087442548919391
5439,0.12201281400503151
5440,0.9625952001593715
5441,0.20725765941719146
5442,0.022219786935043853
5443,0.31392383413753716
5444,0.7179924481362763
5445,0.9657492335457608
5446,0.8803424834689816
5447,0.33599440982575235
5448,0.830707954135408
5449,0.05528698910794506
5450,0.5863101838972916
5451,0.02253541965193237
5452,0.8114094321057788
5453,0.07436302296986962
5454,0.5093414998513325
5455,0.7282727652075861
5456,0.6484522338666413
5457,0.5878516976135381
5458,0.1189936516306942
5459,0.3574524795130871
5460,0.6919681788105834
5461,0.025327073959428233
5462,0.8236495724087755
5463,0.16752514856254797
5464,0.014829419581046882
5465,0.21589786218972218
5466,0.16427438438694433
5467,0.1936308611876967
5468,0.7105452115695872
5469,0.7729327522795737
5470,0.19268636908903825
5471,0.30343059307335185
5472,0.1757601769392912
5473,0.9524030020971901
5474,0.08952925465259257
5475,0.937567244645256
5476,0.06441148436162195
5477,0.9887323990720778
5478,0.01588276810896722
5479,0.09170977366274383
5480,0.5333632128230765
5481,0.9894503475528529
5482,0.5918489746810479
5483,0.019834791402767935
5484,0.025664673638589163
5485,0.4989968984254333
5486,0.0081966310046914
5487,0.47622838014076874
5488,0.18577739803855448
5489,0.16302179780509574
5490,0.5911792580468546
5491,0.041750506784029924
5492,0.4560557854044174
5493,0.013093180431142536
5494,0.6213410450273957
5495,0.2926988695310422
5496,0.7892013725441486
5497,0.23607069012730542
5498,0.6497276819784296
5499,0.08335103893967548
5500,0.031119152690197636
5501,0.3080684437363773
5502,0.7267989499199481
5503,0.08870680511719758
5504,0.8117406650447143
5505,0.04365807080732046
5506,0.0979085006759212
5507,0.0779309021738915
5508,0.3929575370076452
5509,0.25684537306579236
5510,0.17307112474560069
5511,0.7637019342876483
5512,0.3895898339247072
5513,0.4018736300422395
5514,0.09346342386899135
5515,0.8644556716459253
5516,0.2831566622721068
5517,0.3003297189122301
5518,0.8866888494011087
5519,0.951853046848529
5520,0.39053904510393
5521,0.7100370401277359
5522,0.10519668022116543
5523,0.14860968590198698
5524,0.7131061575554387
5525,0.434789669747663
5526,0.03453467198854485
5527,0.008238754377796448
5528,0.5627997898076029
5529,0.5506279018147182
5530,0.03673370280441637
5531,0.22987336440904552
5532,0.10727793979708428
5533,0.9041174107567029
5534,0.09503221047833829
5535,0.43366440243234655
5536,0.6699316634021096
5537,0.08251870247295948
5538,0.17149934201124337
5539,0.09585846831942507
5540,0.7279342139089771
5541,0.016899844728387143
5542,0.17395580617020504
5543,0.8410131452674363
5544,0.9155031817083554
5545,0.4655976261195043
5546,0.7789943876508232
5547,0.1522247514257658
5548,0.5460843944481983
5549,0.2636893716757878
5550,0.15440140380949083
5551,0.3471663179509928
5552,0.5327006430974177
5553,0.29132928812913345
5554,0.009904069866389417
5555,0.5082468238152966
5556,0.21770980021778694
5557,0.9368855343290009
5558,0.9468834065550389
5559,0.1794088332243563
5560,0.25099978144659946
5561,0.8432408921224893
5562,0.9221927932744809
5563,0.5623797171401356
5564,0.9444273521327898
5565,0.470804404158831
5566,0.03951906971870176
5567,0.8448579041711803
5568,0.6303295939976437
5569,0.9681655900247927
5570,0.7985685056708262
5571,0.13817286593116512
5572,0.2274525429279977
5573,0.4062467737098971
5574,0.13743185737400815
5575,0.04917813286071327
5576,0.0520453497829847
5577,0.2943368655720882
5578,0.45555175233928324
5579,0.02493415517064188
5580,0.6800290605867455
5581,0.12380891847464856
5582,0.7463695537647096
5583,0.36611373128887703
5584,0.16436665180037696
5585,0.6188697859725799
5586,0.8132827090534984
5587,0.5970387079013983
5588,0.4897670235879467
5589,0.01696339290457459
5590,0.13115554209471925
5591,0.07488449494986417
5592,0.15918358948767203
5593,0.14280459991256628
5594,0.2303238626521425
5595,0.9169562772342784
5596,0.09343942935976689
5597,0.4036715234754706
5598,0.3231847012243662
5599,0.16355611987555468
5600,0.5877139817446775
5601,0.17530471724077723
5602,0.7683306127040025
5603,0.09988427212431483
5604,0.07872248988057912
5605,0.23575172300784186
5606,0.03553566917084797
5607,0.8728977893484907
5608,0.010154204030354415
5609,0.9615961860335416
5610,0.005133815450541469
5611,0.1511215232400303
5612,0.4282031557792816
5613,0.21183847072296527
5614,0.01823029857208874
5615,0.9898315433132311
5616,0.8401295707847084
5617,0.9896762311739069
5618,0.008953290780807038
5619,0.33873697588121165
5620,0.0872209169862347
5621,0.8848370862800713
5622,0.9886472961666579
5623,0.4464230477024987
5624,0.41679619280936514
5625,0.695957471727866
5626,0.5435707641041652
5627,0.8735047708542444
5628,0.04402098021371894
5629,0.31172303094594733
5630,0.5984176067055451
5631,0.05182834366785883
5632,0.953971409459631
5633,0.4226665731336086
5634,0.8565621580979366
5635,0.556823541515637
5636,0.024520291807914228
5637,0.22880544410568604
5638,0.574212550605692
5639,0.49231073668864184
5640,0.14446015939484078
5641,0.09323473646173704
5642,0.7674103665293354
5643,0.017150287936034098
5644,0.5749739427191776
5645,0.2291405200670738
5646,0.02565662841911623
5647,0.3095019279116934
5648,0.8609843252809896
5649,0.08556097195789564
5650,0.2376618881207812
5651,0.9766608555764359
5652,0.05845758332408675
5653,0.41083675429259175
5654,0.3551414045032728
5655,0.014874659031317652
5656,0.18068866578416884
5657,0.04866362736396734
5658,0.01523488448605437
5659,0.1985017732971426
5660,0.8714863228904524
5661,0.5573585198837437
5662,0.1688516810998276
5663,0.2683019560970311
5664,0.39849675274264934
5665,0.8632418452277891
5666,0.9021811729386724
5667,0.14431615746756496
5668,0.8139665956169284
5669,0.8994236542792101
5670,0.8209594349816173
5671,0.19424452189748004
5672,0.89903725415513
5673,0.9384046864299472
5674,0.01515659788364939
5675,0.18138256535959957
5676,0.732901524837815
5677,0.05129820828504608
5678,0.8805772479344165
5679,0.9850663630311044
5680,0.12201552807004273
5681,0.9415342541456193
5682,0.13827373442789245
5683,0.29116391704212574
5684,0.3299898892014113
5685,0.43746290226207
5686,0.6128346628302782
5687,0.5716372267858016
5688,0.020441257765169914
5689,0.7041742921384936
5690,0.11005546665381766
5691,0.0052262842390521525
5692,0.6295372259970762
5693,0.23324040082549036
5694,0.6284713310117022
5695,0.06628571927243142
5696,0.15038022883896288
5697,0.11107379943203123
5698,0.16009782349422927
5699,0.26098054367570556
5700,0.5018134412971482
5701,0.022205354345289304
5702,0.11712806376417677
5703,0.01857962809631028
5704,0.6652083794445437
5705,0.5722420595214979
5706,0.9790017380094361
5707,0.23343480515444212
5708,0.3752083276138825
5709,0.049351504314842726
5710,0.7462203128686998
5711,0.5081345369191499
5712,0.8063195274815649
5713,0.6840031875511141
5714,0.609943213920649
5715,0.9187480813343076
5716,0.029973604180214483
5717,0.23837771547843503
5718,0.7575875316121948
5719,0.04425646446277633
5720,0.09138203337436142
5721,0.1684394219425597
5722,0.24488386159525075
5723,0.12777547325527558
5724,0.7556820862111124
5725,0.14451195366745215
5726,0.07961503742114719
5727,0.479279901093997
5728,0.2521922616984538
5729,0.8633878693868304
5730,0.6396866058654074
5731,0.09748172911645546
5732,0.28422716220431
5733,0.05444865958636414
5734,0.4453944898842283
5735,0.9122803472379423
5736,0.5058951796021427
5737,0.987567604088359
5738,0.46159765365173416
5739,0.06557840755488485
5740,0.5036672621270504
5741,0.37010209621553336
5742,0.08291378944057272
5743,0.058511402910216774
5744,0.39257713448939363
5745,0.07014393249973529
5746,0.6360064455690286
5747,0.34524097873255466
5748,0.02734334586708336
5749,0.15858188645423327
5750,0.024205478190752326
5751,0.14451614937150886
5752,0.9202017031250036
5753,0.03670214069182782
5754,0.7179222041051586
5755,0.32960922953128824
5756,0.5409303153368715
5757,0.032289587260537995
5758,0.9689311580081282
5759,0.03643950971774521
5760,0.052916220291022026
5761,0.7819263142369421
5762,0.5036238579448798
5763,0.3855116662953858
5764,0.8986410836644219
5765,0.20807649476801945
5766,0.7239298510274199
5767,0.2215763034289427
5768,0.5267399749718167
5769,0.19431073848444105
5770,0.2922688465671458
5771,0.6301688194361882
5772,0.8198182261844956
5773,0.09091021971040959
5774,0.018622828152311394
5775,0.10052105588481385
5776,0.6555576805011301
5777,0.6533759760025356
5778,0.7914404261671699
5779,0.33959109187814424
5780,0.3463715604467422
5781,0.22003134207515432
5782,0.18102265760664224
5783,0.034118272598237125
5784,0.05210222155550279
5785,0.9548532314385966
5786,0.6374817690390338
5787,0.8171786234519569
5788,0.5178834697330819
5789,0.5729134262506136
5790,0.06844626250428204
5791,0.903913272654924
5792,0.8547196734384593
5793,0.46335826441625044
5794,0.9753323662103882
5795,0.1815958146532159
5796,0.7772570146556673
5797,0.5725810707804806
5798,0.058125935982669075
5799,0.5853119180360188
5800,0.7308222368808355
5801,0.05287453210941884
5802,0.005322369131136224
5803,0.9564237660905746
5804,0.08385836783398898
5805,0.5299696534697886
5806,0.03734419784090848
5807,0.8885890901306688
5808,0.9573668281903951
5809,0.3686990552535889
5810,0.8851191952754432
5811,0.07433664961295534
5812,0.28083918385779183
5813,0.5244900436690594
5814,0.04411477416407636
5815,0.11948280588625323
5816,0.5435209944078659
5817,0.07316854157737301
5818,0.10047977714006806
5819,0.07751114174930543
5820,0.44478031917578315
5821,0.8772272389559952
5822,0.031853668192251765
5823,0.8333256545761208
5824,0.46309308887685846
5825,0.42734117972217195
5826,0.6696770195652763
5827,0.38920884233088576
5828,0.6231154587982912
5829,0.1182415161370911
5830,0.03114353039876706
5831,0.11920401956240007
5832,0.9653708444388016
5833,0.30419924332136217
5834,0.07738486950424289
5835,0.9474530788366295
5836,0.18182032230391842
5837,0.25261122819289517
5838,0.062479128365754505
5839,0.7556583363019854
5840,0.09665831401385994
5841,0.034461735024662515
5842,0.9843705258232189
5843,0.37514636148490965
5844,0.23523149310757285
5845,0.9668589529375918
5846,0.5936603100221237
5847,0.16026323647620816
5848,0.435141462282919
5849,0.024411361380618484
5850,0.9791970102916119
5851,0.08523536845064265
5852,0.15653648189986855
5853,0.5257811486294472
5854,0.2959097683111981
5855,0.8071203813802625
5856,0.4026002198445293
5857,0.4897034316199742
5858,0.30288493736007965
5859,0.8351986507397636
5860,0.05810060513718902
5861,0.41349597947108174
5862,0.8464859874070292
5863,0.39042709048093965
5864,0.7532654743912359
5865,0.8070494347916535
5866,0.015225030045927136
5867,0.4675890529863986
5868,0.010613279385785632
5869,0.11221509488591067
5870,0.6528397468282653
5871,0.04405785630618151
5872,0.2578666353172305
5873,0.04413098214767449
5874,0.3140907311471682
5875,0.44964679831971227
5876,0.5614191903191701
5877,0.95753342419001
5878,0.9710185872471182
5879,0.8644537612589454
5880,0.23339458093072563
5881,0.35329599047152194
5882,0.8979760907128792
5883,0.21859756976828854
5884,0.2393513304283288
5885,0.053995711769997276
5886,0.8898899458414646
5887,0.19124901330011657
5888,0.05219304406452009
5889,0.9171485713026074
5890,0.5853271737703346
5891,0.8521938663385633
5892,0.7085476286357221
5893,0.11006522422609637
5894,0.08751387371869042
5895,0.004981956593808668
5896,0.17535763083307337
5897,0.04457856579712201
5898,0.9693069116757704
5899,0.9357369550776387
5900,0.4995125536626723
5901,0.1068715784907339
5902,0.6178122633840389
5903,0.0059721390894895985
5904,0.8000943451105833
5905,0.4308269551377746
5906,0.4771702190944739
5907,0.36169998821630933
5908,0.05663435576996531
5909,0.9083683611905361
5910,0.15356101905169176
5911,0.8882498699569855
5912,0.25567951398463595
5913,0.9637445332486516
5914,0.2752243490134497
5915,0.12835762440585613
5916,0.03277073015311577
5917,0.6864079371325607
5918,0.62952734818764
5919,0.09545033150421033
5920,0.03666594265854821
5921,0.2070823036476635
5922,0.05285296513449394
5923,0.28764759499067266
5924,0.4817530585458553
5925,0.15181012106294575
5926,0.10880775089261327
5927,0.5819079671596634
5928,0.1232451783663549
5929,0.6991896412291835
5930,0.45555728861776384
5931,0.7500458044404922
5932,0.937309375503704
5933,0.19956182993241306
5934,0.45758932248495665
5935,0.6128767057641156
5936,0.39714903562424536
5937,0.12006416054167313
5938,0.8029559548963918
5939,0.05007304716949904
5940,0.7929987111523983
5941,0.16527006361250549
5942,0.7886623367584338
5943,0.9811712148158779
5944,0.21317333104198213
5945,0.9350402536678631
5946,0.36205590502786317
5947,0.5779911430858579
5948,0.09574806390743325
5949,0.2137535397175755
5950,0.4833453856358805
5951,0.09245031355618387
5952,0.271396693018882
5953,0.5601505506518403
5954,0.2354784350347881
5955,0.12614075415821435
5956,0.9486563782601247
5957,0.29238898576969274
5958,0.1133314556991081
5959,0.07268810585232857
5960,0.9715271738909562
5961,0.8366807690371758
5962,0.9189949716683784
5963,0.4440249596684784
5964,0.29637434683376396
5965,0.08747171160935233
5966,0.10551354881229309
5967,0.6451426794597701
5968,0.5821606649147694
5969,0.8491356185528848
5970,0.06277994316978765
5971,0.7837920863599328
5972,0.8650384700385715
5973,0.186254915031918
5974,0.9742541465950278
5975,0.19866855933362895
5976,0.027747626014024074
5977,0.5891977080693932
5978,0.046283461611203086
5979,0.5056505820562439
5980,0.014991413850636131
5981,0.41743366230712176
5982,0.5082764222096268
5983,0.7437086633654857
5984,0.0990401178335353
5985,0.6628777362278997
5986,0.17145057979996067
5987,0.08070118832226164
5988,0.4366585100573485
5989,0.7474670042364807
5990,0.43306604256348236
5991,0.21780304088371646
5992,0.5756693936851799
5993,0.7641828514546343
5994,0.9610735905514476
5995,0.0496151243434477
5996,0.30737317741694326
5997,0.13765899514463253
5998,0.02492664037696077
5999,0.16802092429147703
6000,0.10822055710435827
6001,0.9135269092377512
6002,0.025977345943124133
6003,0.009678980099636114
6004,0.9321155239260482
6005,0.12122487681014231
6006,0.37719904193850035
6007,0.22167040379324715
6008,0.15958249987411402
6009,0.5514223188517623
6010,0.5865778482650529
6011,0.7180994380693042
6012,0.013798281549934375
6013,0.03356761686328033
6014,0.03427826700020928
6015,0.415510277758691
6016,0.07753478002527585
6017,0.15598019385624926
6018,0.8738595683589683
6019,0.22406700969613938
6020,0.011101904507656758
6021,0.9052979463341589
6022,0.8784167160895225
6023,0.25145983437659813
6024,0.3520784748112224
6025,0.34607526460313015
6026,0.6932043975395087
6027,0.07233694151644315
6028,0.11222958025304837
6029,0.8721438363531975
6030,0.48981967005378324
6031,0.054949443665308184
6032,0.37115620767310636
6033,0.47482884067644604
6034,0.16553774115013817
6035,0.18658384120361426
6036,0.8665767491519444
6037,0.12485161598503396
6038,0.7714183740514782
6039,0.23608820945873538
6040,0.3828997951703401
6041,0.4902036688483721
6042,0.20590998216972808
6043,0.13008737914661883
6044,0.21839503334706448
6045,0.27981874423856157
6046,0.05853579736008441
6047,0.932698872247654
6048,0.8940648060119407
6049,0.9770359467332491
6050,0.5662560444979521
6051,0.1920400840642074
6052,0.5014333445009336
6053,0.25679056263038796
6054,0.46145768372953344
6055,0.155429242926865
6056,0.02001366088394179
6057,0.4503007629371228
6058,0.04932514855804209
6059,0.4280639928477729
6060,0.9442870379172073
6061,0.09407130211041993
6062,0.7393370589412345
6063,0.13584949449527103
6064,0.7713063440823358
6065,0.6172510323783588
6066,0.5581872833549831
6067,0.12225426868343066
6068,0.20370491730595333
6069,0.9756314423668385
6070,0.08007236465311238
6071,0.18372787482531447
6072,0.5389248664854012
6073,0.07709743476894892
6074,0.5080022789514606
6075,0.7809689339718054
6076,0.020144561415371784
6077,0.9398286580828229
6078,0.30871061941765754
6079,0.2145098851539636
6080,0.12491447934944391
6081,0.06236706518807033
6082,0.0982509244702621
6083,0.9488375486049903
6084,0.02533522950634365
6085,0.4898301980642533
6086,0.9041494060055193
6087,0.06311800325615256
6088,0.11699948996160153
6089,0.15296865798141077
6090,0.25793329733847054
6091,0.09343008117409506
6092,0.49997072048748276
6093,0.1597852570296239
6094,0.1570340312401646
6095,0.21289867496566725
6096,0.0732618885247485
6097,0.6106753534436722
6098,0.7821768482719736
6099,0.8639818295897154
6100,0.053913767040315315
6101,0.08432891057201329
6102,0.7759694568534463
6103,0.07429495718348485
6104,0.9497689275494468
6105,0.8334170069822172
6106,0.8999035696352172
6107,0.023839398103354767
6108,0.4609962480454934
6109,0.3679942492152992
6110,0.4222267474220621
6111,0.3782067877868649
6112,0.17545608199912077
6113,0.02789960946031133
6114,0.7791002943182338
6115,0.3483905099496159
6116,0.6111560372959863
6117,0.06800866329551264
6118,0.012900865544340877
6119,0.8624446289904235
6120,0.03476635666818757
6121,0.028712524601030062
6122,0.92124594911935
6123,0.03206700247446313
6124,0.07517724738441971
6125,0.9090184312287476
6126,0.4876237542421658
6127,0.5221367862808174
6128,0.046776782231947124
6129,0.9861781039458847
6130,0.037790263645445264
6131,0.1530707300666713
6132,0.04634721042663198
6133,0.6354507374970265
6134,0.13678968785380372
6135,0.6661830161130078
6136,0.3146746960762079
6137,0.06851322495354897
6138,0.046889175907407994
6139,0.7360736500742745
6140,0.31403148540756687
6141,0.049382486120381854
6142,0.4248624610385643
6143,0.07106423715917382
6144,0.5738107116591749
6145,0.3613667780021035
6146,0.023210008407749564
6147,0.33030225185793843
6148,0.9288479578145029
6149,0.06167568004318922
6150,0.8934829144175941
6151,0.01561115383970665
6152,0.24187108067007482
6153,0.9865571216042719
6154,0.7261248973734535
6155,0.16651271089981384
6156,0.5904918436522326
6157,0.13220407055926262
6158,0.21793396363251422
6159,0.9636803841233491
6160,0.7445275117469059
6161,0.49010649452258903
6162,0.10992966539239603
6163,0.026077473771844332
6164,0.9403770263112383
6165,0.18019224017206512
6166,0.13971136090553934
6167,0.2263807609481493
6168,0.04100468361141144
6169,0.9352770258687302
6170,0.020231666557334636
6171,0.7962708703247713
6172,0.036608255809315426
6173,0.08828782196389708
6174,0.8220142222679385
6175,0.8612426568844758
6176,0.8934119851326044
6177,0.36542283940932196
6178,0.703951226794903
6179,0.30200531209029274
6180,0.9540317728726868
6181,0.5413961016511778
6182,0.34540493880223655
6183,0.17311497106596496
6184,0.5156594894393174
6185,0.10153824912976041
6186,0.9745959065808087
6187,0.5118745494451219
6188,0.2861471289469309
6189,0.18529136672711613
6190,0.963183198847993
6191,0.7101248722061909
6192,0.037655791458604225
6193,0.17625032174383612
6194,0.08705014583396313
6195,0.8561508044582801
6196,0.029522168621964516
6197,0.07410275093787319
6198,0.23990268138822318
6199,0.22928343677224575
6200,0.7806717957537272
6201,0.07051611944034145
6202,0.7464418494384373
6203,0.24098318674501965
6204,0.3810011659140007
6205,0.023835255493767964
6206,0.36324367852439476
6207,0.13908112005904016
6208,0.9103689550025318
6209,0.829278198213019
6210,0.9341782717981385
6211,0.9509703484409654
6212,0.13871148231118657
6213,0.01737831560367983
6214,0.03948373688946248
6215,0.9804458017520729
6216,0.29284041309220327
6217,0.8633808321638059
6218,0.8200928425414208
6219,0.700790912571932
6220,0.07701764992218418
6221,0.5878546639982091
6222,0.1271078602806444
6223,0.6296576699568803
6224,0.04023928973709269
6225,0.665984329735014
6226,0.7125775166575085
6227,0.5085783966591628
6228,0.9801243698919471
6229,0.7020916357816775
6230,0.15244891090998425
6231,0.5798132501089152
6232,0.7977321811939135
6233,0.14931456927323294
6234,0.19799628262991883
6235,0.1254518895688138
6236,0.12571406191605797
6237,0.18953806625557781
6238,0.16070796117483502
6239,0.2575005722918099
6240,0.20379989937814
6241,0.881452943106094
6242,0.03803306518952138
6243,0.31382845327125336
6244,0.7549802201704992
6245,0.37447636113276506
6246,0.09063083206224433
6247,0.46748850676528786
6248,0.008917741634269392
6249,0.2130955380138689
6250,0.1705839108547784
6251,0.0715766801599126
6252,0.9730197346347352
6253,0.45176633358014623
6254,0.508692962706178
6255,0.016384208470167146
6256,0.0468468743568527
6257,0.7470571137862839
6258,0.3711546845771005
6259,0.6667920991026023
6260,0.0981063715900403
6261,0.518562488654446
6262,0.6716893170794894
6263,0.9030063758328933
6264,0.8624972931691947
6265,0.24542780698826225
6266,0.9347529977368051
6267,0.6353603291088852
6268,0.3593035299516765
6269,0.3832138054661004
6270,0.12245336741909858
6271,0.0090666433087709
6272,0.04592544056339351
6273,0.6686088306133277
6274,0.4148869402839194
6275,0.3826657194635254
6276,0.13970852578245127
6277,0.2094524254437748
6278,0.43479897204850576
6279,0.2371531651245981
6280,0.12919000224698743
6281,0.3207110491517328
6282,0.8435018381761765
6283,0.45917188094049394
6284,0.010806200025741832
6285,0.8815699657877392
6286,0.373614174393068
6287,0.20879668367787585
6288,0.7188583973733813
6289,0.9764996105264575
6290,0.819957200980838
6291,0.9709731509777719
6292,0.13627952569570367
6293,0.05679580975928877
6294,0.4179360778968245
6295,0.0028355007600584336
6296,0.22278876414477064
6297,0.01939050793205395
6298,0.676081887999594
6299,0.9252673389783154
6300,0.4044512636812684
6301,0.9160666082900969
6302,0.07482203458369686
6303,0.3521288369671809
6304,0.11702704105192872
6305,0.3118089170199104
6306,0.015567848387547897
6307,0.1144846765875309
6308,0.7487638932171451
6309,0.10468456927540501
6310,0.6015187198509621
6311,0.07808738725790022
6312,0.9352698991853233
6313,0.13020187195689967
6314,0.09974861148898294
6315,0.015090345318275817
6316,0.10302643653774407
6317,0.08402652992218757
6318,0.8767143547763061
6319,0.8567586183887186
6320,0.8194880948879939
6321,0.7294116749912569
6322,0.5352785554154708
6323,0.31478760651502
6324,0.8093365694355776
6325,0.938083874426237
6326,0.9606571708549855
6327,0.3157809240022921
6328,0.6711600710488419
6329,0.25715119291139155
6330,0.3459322487842127
6331,0.1295612389364903
6332,0.8807851481176269
6333,0.5115711226799489
6334,0.7389887864570698
6335,0.9446413429098227
6336,0.08046683594234696
6337,0.46140402458655866
6338,0.30054938357388933
6339,0.6821305802788865
6340,0.20795772299572468
6341,0.5250917153967283
6342,0.7826344451562491
6343,0.9169897131299791
6344,0.3412105530944072
6345,0.4157581523278176
6346,0.31276842209266226
6347,0.6618180082713251
6348,0.14364463632840704
6349,0.24745107421854595
6350,0.36469401528957796
6351,0.7981222542872927
6352,0.9542851191253645
6353,0.6375119354704116
6354,0.9679383233359112
6355,0.07002705852409868
6356,0.3878763434837457
6357,0.9387623857557464
6358,0.2120442710133465
6359,0.5833965522412143
6360,0.8713024128716117
6361,0.05346549623677466
6362,0.391937876167121
6363,0.14840477686867892
6364,0.06295317395411383
6365,0.020757453648151795
6366,0.7960518112708482
6367,0.31845290550115685
6368,0.01785561799958559
6369,0.9313686543035383
6370,0.9721255210728558
6371,0.020064510438509996
6372,0.059828839798157646
6373,0.9056650016276127
6374,0.7122104380775198
6375,0.21252337002207902
6376,0.8016793510922534
6377,0.05077677819052643
6378,0.4265125934106845
6379,0.01831326179679293
6380,0.02680857820957657
6381,0.8882372728684418
6382,0.3077990730971645
6383,0.29023342238988187
6384,0.05871488947771354
6385,0.44984452885414783
6386,0.10295455531060586
6387,0.25949089294509836
6388,0.640772517417399
6389,0.006223077651079282
6390,0.0008408200200308589
6391,0.9587285953161754
6392,0.39452519746056874
6393,0.8186179902789373
6394,0.47785654415290346
6395,0.8979497722330939
6396,0.24682342270307633
6397,0.9779713564361583
6398,0.017010550522115933
6399,0.12553739009128456
6400,0.3469763778883262
6401,0.028538177537289856
6402,0.9801231201588125
6403,0.9074956126574987
6404,0.07026629786577242
6405,0.09953477057425186
6406,0.5631311171383242
6407,0.03463360266352543
6408,0.029414465561871498
6409,0.08593317041289983
6410,0.1876030490738754
6411,0.5651798748080049
6412,0.14617731132130485
6413,0.8012292799453676
6414,0.19181745477306492
6415,0.18602532362698698
6416,0.00892867199412484
6417,0.2982154740962177
6418,0.23696673214051914
6419,0.9722158725597583
6420,0.12022059800553521
6421,0.05346132698082146
6422,0.0593839255052546
6423,0.026671573511090244
6424,0.05267323474660223
6425,0.03877224805982155
6426,0.11190875070863254
6427,0.45651716004690124
6428,0.45954330815427935
6429,0.3561700991560879
6430,0.8944301070876894
6431,0.901043019662941
6432,0.8753898304654595
6433,0.7625762048373588
6434,0.022325890549729374
6435,0.598668558679209
6436,0.14116134588043316
6437,0.35091899862877696
6438,0.022436517889068287
6439,0.21074157447743233
6440,0.06289107374203325
6441,0.14748918681268006
6442,0.9724590351968119
6443,0.6201393053105086
6444,0.00300299719310757
6445,0.10125071583481243
6446,0.6073669304909585
6447,0.23221922822629987
6448,0.3273423790851078
6449,0.5616809673997545
6450,0.5524836012874085
6451,0.4086029202178356
6452,0.10406078297441616
6453,0.8845137365723387
6454,0.9400222881130659
6455,0.21192212007499076
6456,0.03520509646001901
6457,0.49867477741017757
6458,0.0661147356235381
6459,0.48359161356028624
6460,0.7965375324237604
6461,0.6257415050580023
6462,0.94247129812417
6463,0.920647922807282
6464,0.7411346661218371
6465,0.8434922728354601
6466,0.8217441663332948
6467,0.21811036444738874
6468,0.8588413104189208
6469,0.07477127013100943
6470,0.07615733220548077
6471,0.7104125755741042
6472,0.06804060902243975
6473,0.09811844752241988
6474,0.036442049761199344
6475,0.4207633443779673
6476,0.11628246808912818
6477,0.09860459194729738
6478,0.8368892711908588
6479,0.2248798817184924
6480,0.09758243867645178
6481,0.19995781047594524
6482,0.04128268238786194
6483,0.19328429666719948
6484,0.531514207635425
6485,0.09850597639245934
6486,0.7453531576047138
6487,0.8026817842768458
6488,0.07085400989105087
6489,0.9032285072850668
6490,0.8735519166099202
6491,0.5803472700865732
6492,0.461652416488538
6493,0.7205602201562632
6494,0.9826563461965253
6495,0.09886334677301316
6496,0.7680938668940079
6497,0.12160726164133881
6498,0.2216163051307836
6499,0.3259432440966511
6500,0.9924833841328202
6501,0.4752309694782847
6502,0.11112420689669106
6503,0.45937790213408963
6504,0.5276760554924871
6505,0.3638566091308597
6506,0.021591806699103693
6507,0.10576064543005549
6508,0.18903755723842897
6509,0.040835727593480524
6510,0.1292111473612627
6511,0.009048712839575451
6512,0.18514018306382063
6513,0.03740225770281711
6514,0.6517553934367497
6515,0.4053270386305227
6516,0.09314654511205152
6517,0.19579615836229328
6518,0.30385384704137935
6519,0.04627462460577399
6520,0.6116334049670327
6521,0.8673961951841956
6522,0.26915712896950583
6523,0.21763476647935864
6524,0.7696779884253938
6525,0.7576325594423374
6526,0.2139700965250722
6527,0.26643989886915576
6528,0.4550064206859464
6529,0.11668319165756298
6530,0.9722584427208134
6531,0.010546952434914105
6532,0.8327023457422909
6533,0.005863892950130228
6534,0.7888507765973218
6535,0.31936644263369723
6536,0.5054936890180257
6537,0.8239122498947099
6538,0.10860936067099576
6539,0.056470499018857936
6540,0.7048654894441883
6541,0.7779795338233226
6542,0.9083342242323653
6543,0.7159972166241529
6544,0.17340225905862117
6545,0.050710207337994334
6546,0.5938454389801854
6547,0.6795472400864963
6548,0.006368062891901393
6549,0.025142828310494178
6550,0.6011895859173823
6551,0.8811659393478167
6552,0.2741645971369462
6553,0.39920011320768783
6554,0.9410037743540421
6555,0.6645392235976492
6556,0.2674446086417505
6557,0.9553636416561149
6558,0.6706120324200322
6559,0.03148619148882501
6560,0.10589036857519805
6561,0.5393169078701082
6562,0.2813574489025724
6563,0.38642706703890867
6564,0.044108058038004744
6565,0.11019715590891684
6566,0.9272247519602753
6567,0.0923818866374914
6568,0.2918488424193808
6569,0.1776872017121535
6570,0.017226461894422538
6571,0.15172532738899963
6572,0.9862133499484596
6573,0.005691392562782856
6574,0.6536706141513937
6575,0.4635745942822649
6576,0.8003013231875241
6577,0.6983969166819476
6578,0.9296238454792917
6579,0.05234652397470481
6580,0.8634691865132942
6581,0.30097138911451327
6582,0.0911382172103318
6583,0.10417313440882772
6584,0.09708488060422019
6585,0.4186004715769354
6586,0.3590078958212779
6587,0.18683386939721008
6588,0.0579130482457975
6589,0.2655514932305607
6590,0.33101224735337376
6591,0.509582961447263
6592,0.2589482699284426
6593,0.36503446403514606
6594,0.30728494736688994
6595,0.038434400641077185
6596,0.04623289203046931
6597,0.5457203843215442
6598,0.04479306408829884
6599,0.452535507870586
6600,0.08999008392314586
6601,0.12254587845293016
6602,0.8368466262894348
6603,0.6093657723963577
6604,0.0721248140912858
6605,0.11774397240032221
6606,0.13385100196308397
6607,0.021879495744095385
6608,0.43145189104216053
6609,0.022310920354773986
6610,0.2526676106742264
6611,0.2701020622860109
6612,0.4692469780793751
6613,0.21824548958310128
6614,0.5383188088438962
6615,0.11137334242139973
6616,0.8540074586113154
6617,0.9331611669323336
6618,0.6243820712900685
6619,0.6369675209794213
6620,0.2500029512249555
6621,0.9131337766701045
6622,0.6914220200150929
6623,0.5517279915764055
6624,0.10653073433856548
6625,0.9652671841398273
6626,0.9025736982676131
6627,0.09249239509909521
6628,0.03381972712478427
6629,0.013871055566304953
6630,0.5935942128142045
6631,0.06697993637242564
6632,0.9658468972723716
6633,0.8794473016062632
6634,0.5261107793316239
6635,0.47271185212702826
6636,0.5197617978585267
6637,0.3598650758188794
6638,0.18560452002162584
6639,0.9193404345421571
6640,0.1826695019282262
6641,0.2735119330027358
6642,0.7498469153742197
6643,0.8072249198706745
6644,0.8083779926369419
6645,0.2846099735305192
6646,0.21659987192807523
6647,0.014897069858253918
6648,0.2962680107372968
6649,0.15687124058394242
6650,0.21187248899916328
6651,0.10398087316456363
6652,0.20309158751956594
6653,0.5412279525441532
6654,0.33105600321409107
6655,0.37004240892904516
6656,0.7545189190162409
6657,0.8653973855744345
6658,0.8237292857780373
6659,0.2604550498225128
6660,0.6427042094564517
6661,0.9382603989070811
6662,0.09682823723615722
6663,0.04290153364198597
6664,0.6563470111649743
6665,0.203965774483626
6666,0.02011178883382066
6667,0.055092600050932104
6668,0.24024769169057136
6669,0.20401576923467835
6670,0.06584693343874197
6671,0.06705663275901427
6672,0.7251145833589743
6673,0.21476945746690715
6674,0.039293030002790594
6675,0.8699324898550758
6676,0.2516560921015542
6677,0.2518793669289544
6678,0.23466577211187725
6679,0.10192327074124241
6680,0.1286554039604916
6681,0.5895876532851734
6682,0.6137416092954132
6683,0.9761939827275835
6684,0.5759744403437546
6685,0.6592927282299748
6686,0.14792432288660895
6687,0.3410612463430756
6688,0.25370068691612757
6689,0.0031591361139210006
6690,0.007236594824581962
6691,0.6588968154914253
6692,0.014379191776605276
6693,0.32928682612545507
6694,0.956703240817158
6695,0.9744768085064186
6696,0.1325998819990215
6697,0.978160110703602
6698,0.06120789572094733
6699,0.6117157371171815
6700,0.34913750008784494
6701,0.1770460731137916
6702,0.7622354226533563
6703,0.3881158619944513
6704,0.08274546736294873
6705,0.5132421612184955
6706,0.07110167933787985
6707,0.19847955540214332
6708,0.2043801638234043
6709,0.5264387415554749
6710,0.7617040420197828
6711,0.7946578141311845
6712,0.13919712564684064
6713,0.9491635500129688
6714,0.11794447916501863
6715,0.15460012637146264
6716,0.4758092390950904
6717,0.27402927421755124
6718,0.014400918792884354
6719,0.048195656273968386
6720,0.8875049601936726
6721,0.8536834962530083
6722,0.9555835473503995
6723,0.9804193255192997
6724,0.10670116957169418
6725,0.2891834533811839
6726,0.3621606522629631
6727,0.883982324888882
6728,0.9534596677797369
6729,0.6060034247426173
6730,0.9681731932298833
6731,0.8755835416034742
6732,0.17152097665889673
6733,0.0476631327550468
6734,0.05586875398266872
6735,0.5914266772158968
6736,0.04436207366395604
6737,0.930289809125725
6738,0.3800458467401723
6739,0.0846363358674532
6740,0.23184616096372807
6741,0.052435002893834966
6742,0.6533543642647354
6743,0.34965481638629814
6744,0.1588591383171112
6745,0.3474369282968313
6746,0.032502191369861766
6747,0.04333179232714378
6748,0.9520183684999226
6749,0.671508757899802
6750,0.32081550629129735
6751,0.948984847387356
6752,0.9056135808724256
6753,0.3506844340731648
6754,0.1790815303547152
6755,0.1144476142111311
6756,0.08790599412157328
6757,0.4078631109714972
6758,0.005359849771638303
6759,0.5464896064916314
6760,0.13153922560056444
6761,0.10915930220117469
6762,0.23909536434966003
6763,0.09833434786198603
6764,0.35219863393841
6765,0.9465807114405952
6766,0.6193997245219534
6767,0.6952105621411241
6768,0.018559654449305265
6769,0.5784903098052997
6770,0.6053954441564674
6771,0.2931063919744872
6772,0.2735614472632174
6773,0.1231380844704118
6774,0.32913164082848695
6775,0.13144740376959294
6776,0.12645793162804211
6777,0.19438026132287572
6778,0.39344951193327077
6779,0.14481430712054635
6780,0.9325351328587757
6781,0.2990530055254306
6782,0.016888757081008607
6783,0.05207805374077608
6784,0.38150801117850625
6785,0.3367985759209919
6786,0.09360830769759791
6787,0.9846026994227405
6788,0.8043464766890416
6789,0.16903688576869816
6790,0.06808113895853371
6791,0.032343629037292806
6792,0.2633784548420081
6793,0.9591686111891962
6794,0.9579376705748158
6795,0.24004476133625516
6796,0.20122614358599294
6797,0.3589952364632793
6798,0.022697748662027922
6799,0.13013762232888554
6800,0.555238115769459
6801,0.03608019478463002
6802,0.09912047921902503
6803,0.24801998248175613
6804,0.0801993648979981
6805,0.9923300904613039
6806,0.3613548738118091
6807,0.1668539613108276
6808,0.22698588864275962
6809,0.10254518711375664
6810,0.08306149688900662
6811,0.3843375075194649
6812,0.03145413779062033
6813,0.45705567676126335
6814,0.8158575548897661
6815,0.11377589435419977
6816,0.028020712736149207
6817,0.15182640207599035
6818,0.9265764993640934
6819,0.9952883141983214
6820,0.5224861607750502
6821,0.13999013384744713
6822,0.9615525586583817
6823,0.013056122494767194
6824,0.8700005566696228
6825,0.9200551711211218
6826,0.08257079211289656
6827,0.1406558373914101
6828,0.14618492356465984
6829,0.10913397601845677
6830,0.4428106042453083
6831,0.8251298906869998
6832,0.28418925255118993
6833,0.9291374268369408
6834,0.16420442530833385
6835,0.3592874173220603
6836,0.42308141094426904
6837,0.9098326626992649
6838,0.974608854799091
6839,0.20820259554664164
6840,0.9003085187193125
6841,0.9638344190302065
6842,0.17498440452963798
6843,0.08076554621964037
6844,0.3842149887948125
6845,0.7971036924837113
6846,0.5929575172590447
6847,0.08568812237059845
6848,0.9646836239474892
6849,0.08350684109725276
6850,0.9455624384646306
6851,0.29817683348933216
6852,0.5561813454693711
6853,0.015338825595132017
6854,0.408223321392001
6855,0.7836204301331415
6856,0.28282047776676555
6857,0.0612362761543638
6858,0.5088956110443261
6859,0.6389726769994621
6860,0.22041182643807158
6861,0.33740666568830563
6862,0.5566021567962207
6863,0.4206590347617719
6864,0.019772106341364205
6865,0.4849802915790873
6866,0.054977749713383144
6867,0.9558051960926583
6868,0.32927077013607625
6869,0.10048793289120729
6870,0.09879051742691594
6871,0.25366902927478896
6872,0.09289422032612722
6873,0.07592469477857564
6874,0.0800467767348789
6875,0.8870313048721601
6876,0.11566317151062178
6877,0.3212099918806668
6878,0.7691992500882087
6879,0.09870363356435463
6880,0.26815129895511436
6881,0.003782576153164856
6882,0.7843168997056029
6883,0.02142041161064715
6884,0.301525611515444
6885,0.38249211149812995
6886,0.4226130760957964
6887,0.653405482620545
6888,0.029504551346707847
6889,0.03761764967766021
6890,0.20011853101298932
6891,0.7590211584345937
6892,0.4144751588403082
6893,0.6920407886413776
6894,0.08209794571816227
6895,0.04741325213512415
6896,0.5477552068306547
6897,0.2656986117009237
6898,0.6510228363403756
6899,0.9238836193270331
6900,0.26460457029201917
6901,0.06506275685065738
6902,0.35194450445458947
6903,0.14583752066717381
6904,0.3916158459468442
6905,0.10657039457140915
6906,0.9243383252066795
6907,0.03517471814099791
6908,0.5289360094311961
6909,0.03849893370142576
6910,0.7968480580168381
6911,0.005572420616167773
6912,0.8634974008036189
6913,0.06860302628174157
6914,0.07413283817500356
6915,0.36859446455449324
6916,0.5627644767019373
6917,0.9515694265242017
6918,0.1492869150268027
6919,0.3927020771402698
6920,0.11945943257605646
6921,0.5253933394513696
6922,0.940661667473099
6923,0.004067443827457228
6924,0.6068425716911732
6925,0.9172022017392075
6926,0.93209940383598
6927,0.3248022310512965
6928,0.013720722825551167
6929,0.04646761007459219
6930,0.3336026635555241
6931,0.3734152668000649
6932,0.9508854850227862
6933,0.9446205279192635
6934,0.3684261321444562
6935,0.062370499864033535
6936,0.7244495383010419
6937,0.18290230632987867
6938,0.07833777705135277
6939,0.2961005520726278
6940,0.9665358342283636
6941,0.5337931894472963
6942,0.19865463157458055
6943,0.04326664930026263
6944,0.21030446249881773
6945,0.6441853704292178
6946,0.8805541062312369
6947,0.07846300822162028
6948,0.9385269936952659
6949,0.23982905400851182
6950,0.9455348795224087
6951,0.26428805020659235
6952,0.35184731766942573
6953,0.9098507849045653
6954,0.16813431751260566
6955,0.7815456994994839
6956,0.38624795381105237
6957,0.278377496427575
6958,0.0904059055000788
6959,0.7417215962946131
6960,0.3241597350129942
6961,0.13788333972069897
6962,0.3335510713616972
6963,0.0065191302861537
6964,0.21565723919138924
6965,0.10341358287816536
6966,0.05777158940234075
6967,0.014527540566678484
6968,0.9603872161357757
6969,0.1707530582542522
6970,0.1592365820608825
6971,0.9590992966946941
6972,0.4154153529472863
6973,0.19627754390105423
6974,0.861393957725884
6975,0.930840969600209
6976,0.15771117972436277
6977,0.0662545471251086
6978,0.05288591089137779
6979,0.12829906468395857
6980,0.48342147324605067
6981,0.5150841392907359
6982,0.5395531507943468
6983,0.03818522820781124
6984,0.939857562312158
6985,0.3253284967965791
6986,0.5251240454992249
6987,0.20058921445212524
6988,0.3834167129259642
6989,0.4928182995371296
6990,0.17533912446423572
6991,0.325633506966547
6992,0.6685081199614191
6993,0.049311867964502445
6994,0.1848019277736373
6995,0.009812092866353343
6996,0.0942383253615075
6997,0.06296431029392925
6998,0.035299608530556914
6999,0.3137584434667914
7000,0.5375879163207834
7001,0.12024007615796699
7002,0.9681795696771237
7003,0.11986445950956144
7004,0.17087969433624633
7005,0.1477186777818179
7006,0.24851420711621774
7007,0.11558587342623437
7008,0.06075865293781821
7009,0.6204294272798434
7010,0.17814150804065
7011,0.11905082077949095
7012,0.28991186686888715
7013,0.0935897660127621
7014,0.18961032754269286
7015,0.22726068659534318
7016,0.29250174602812207
7017,0.049306324778227106
7018,0.15836197401022914
7019,0.050677370507603695
7020,0.1834363609981243
7021,0.94359347607341
7022,0.5026134078408283
7023,0.8971935021926408
7024,0.007542564288705458
7025,0.797018458107234
7026,0.15501430668533228
7027,0.014454511922751096
7028,0.8548908343185424
7029,0.4966708433900627
7030,0.27794536678758713
7031,0.38336893998397065
7032,0.40252905492989405
7033,0.11121314168273659
7034,0.24184547858846975
7035,0.22734911956165735
7036,0.9046130704279528
7037,0.41258476535342337
7038,0.058217660403217734
7039,0.9313802593041625
7040,0.3252726996510997
7041,0.1797442566129673
7042,0.019933554102595483
7043,0.9639864256666161
7044,0.042535609776945815
7045,0.738392632868047
7046,0.6592644284159668
7047,0.29277608218492873
7048,0.27575808267460494
7049,0.7169765958082815
7050,0.8938040613636443
7051,0.1350250107486342
7052,0.9388477741959848
7053,0.09066620640302353
7054,0.38158625142930286
7055,0.025646346399710866
7056,0.09745092710460734
7057,0.07340393738069842
7058,0.08032254736779804
7059,0.9732132927650207
7060,0.22179404418151252
7061,0.9724056796438248
7062,0.5278632356544516
7063,0.13613139720404852
7064,0.3062676355516936
7065,0.717392682862639
7066,0.7786556355252695
7067,0.4443070852353775
7068,0.9234476585440196
7069,0.08528685937346453
7070,0.6140276631626657
7071,0.1470170142734316
7072,0.5770353824966155
7073,0.18474796296672796
7074,0.3415466142605698
7075,0.38686262351842765
7076,0.17309488740431556
7077,0.4571248884348576
7078,0.2436147071394284
7079,0.40716284520367213
7080,0.9353437407801553
7081,0.7376239893638369
7082,0.11704829843905494
7083,0.693235394334548
7084,0.8251996661078634
7085,0.18102439449891586
7086,0.11184255760824784
7087,0.22501580722113992
7088,0.3956991746386584
7089,0.18233768128113775
7090,0.9506591665083821
7091,0.9418553479000447
7092,0.4222276733851087
7093,0.9261949563978682
7094,0.6280479199377297
7095,0.14868912151509778
7096,0.39276717380964493
7097,0.08575684114450821
7098,0.15012542647622173
7099,0.1444912715725836
7100,0.9683032626285781
7101,0.1749428800953023
7102,0.46278135632150236
7103,0.7987736770268127
7104,0.5525281102646183
7105,0.7645549122234252
7106,0.20537330611614737
7107,0.398274187744241
7108,0.3534954192808224
7109,0.9469328203851968
7110,0.2392427359272388
7111,0.3152257018610746
7112,0.8581346239696626
7113,0.06191644463777152
7114,0.21728125427763303
7115,0.08020455422396869
7116,0.2653914399059563
7117,0.23096189569311623
7118,0.8962736372216219
7119,0.08021557214984756
7120,0.32798149795520704
7121,0.08995985728423868
7122,0.8503337822011241
7123,0.9584123670619997
7124,0.9832623742085388
7125,0.0595755145540995
7126,0.3683411329550867
7127,0.6894384582022027
7128,0.025249284955534242
7129,0.01803345006384386
7130,0.061537329406691856
7131,0.28076958716980677
7132,0.94114056396222
7133,0.9496327808731837
7134,0.9757969663109931
7135,0.03377486812858691
7136,0.1511284938625969
7137,0.9491409052248039
7138,0.20358746568789363
7139,0.7456968081385592
7140,0.0502854461211786
7141,0.9748411204873454
7142,0.27501347467792053
7143,0.179729488311014
7144,0.04772125436056433
7145,0.276508171404194
7146,0.3099821459641512
7147,0.9281750062239522
7148,0.7700888093415132
7149,0.9781243384833657
7150,0.9077425007704648
7151,0.46443423153509017
7152,0.019189083651860082
7153,0.6150319539612541
7154,0.22305528134337166
7155,0.07639783219445068
7156,0.010747125758678372
7157,0.006135029901838594
7158,0.2612086609634766
7159,0.15355343486958847
7160,0.1695218248663527
7161,0.965579959270453
7162,0.11858404041251461
7163,0.028682945642377392
7164,0.34300459898363694
7165,0.004646959475751913
7166,0.9688295361935158
7167,0.05110391951625662
7168,0.16535209618191238
7169,0.2207478754785699
7170,0.8262084246519819
7171,0.09435890517294286
7172,0.15546157568033875
7173,0.5800559175080288
7174,0.922973837247328
7175,0.29098133331764364
7176,0.47924934989637685
7177,0.4166068461471353
7178,0.0909852654916288
7179,0.05194583761601296
7180,0.4420109260946467
7181,0.5232370874000625
7182,0.5512172683963784
7183,0.005444540348049281
7184,0.965018590001738
7185,0.8477280029578024
7186,0.2012077184137924
7187,0.013444402921479215
7188,0.21835225403209377
7189,0.901068988958648
7190,0.8277990068451064
7191,0.9468539300664967
7192,0.9432644234534595
7193,0.3137648938217838
7194,0.04241955757264853
7195,0.04336270080975862
7196,0.8063064751628037
7197,0.9447513218459029
7198,0.06345906883839059
7199,0.9394020605748975
7200,0.050840395695910784
7201,0.4648224607652901
7202,0.3835982943729571
7203,0.8828385018843171
7204,0.8701325042629366
7205,0.020169926666292148
7206,0.10232355083797026
7207,0.6705442626749655
7208,0.20675948178212014
7209,0.07037248103522242
7210,0.0070354605847549635
7211,0.37754408888594937
7212,0.6617034730116669
7213,0.6897989437953399
7214,0.007404279495133673
7215,0.0678596920442941
7216,0.28325507616169465
7217,0.9619168630811685
7218,0.021270522828959477
7219,0.32106114490185145
7220,0.24911864110581808
7221,0.020913922250607335
7222,0.8740331457457016
7223,0.27699156950161885
7224,0.6531677989657984
7225,0.04695200181419268
7226,0.808366531507153
7227,0.12928345902209426
7228,0.05566381138991811
7229,0.8039839545734278
7230,0.28479366267244866
7231,0.2085505251121217
7232,0.7855361780009885
7233,0.9689140165638219
7234,0.08108336635081907
7235,0.6091307317753374
7236,0.9061676666733706
7237,0.23749690592565265
7238,0.8519105801474023
7239,0.9149570787723389
7240,0.6893517705042184
7241,0.46907869831887733
7242,0.19064920795167162
7243,0.3485155468200705
7244,0.49591421223742205
7245,0.7012079224704644
7246,0.2712606562051913
7247,0.22928413759318028
7248,0.7857340720254082
7249,0.09214835085343324
7250,0.3870445172367865
7251,0.7374455972133356
7252,0.23940603212908057
7253,0.268020929329233
7254,0.09783513126117717
7255,0.2608335792280588
7256,0.12414143913277234
7257,0.0250572915798969
7258,0.048305958743308
7259,0.33295756947309396
7260,0.36168838946394505
7261,0.08734907503995515
7262,0.0695138169118114
7263,0.37559778910128155
7264,0.5465152078093795
7265,0.12859404223381543
7266,0.4783379140443879
7267,0.17418019164390833
7268,0.09379068836544825
7269,0.435472857850406
7270,0.16482044041568641
7271,0.17712957360547735
7272,0.5852753666998473
7273,0.2648756516561338
7274,0.38444412999859934
7275,0.6142549749761108
7276,0.11002022270322659
7277,0.9790296218925081
7278,0.600868063526021
7279,0.8516164351672387
7280,0.33599788402863473
7281,0.07911528778681512
7282,0.07078054338876973
7283,0.17459938155785784
7284,0.09486419227561346
7285,0.08006270657896544
7286,0.03569323103560094
7287,0.14976181649611867
7288,0.9376728169855547
7289,0.18474654406610358
7290,0.32590576017434414
7291,0.06498994577665038
7292,0.04302068398032457
7293,0.3957417077691498
7294,0.08774115748207603
7295,0.21647800007213786
7296,0.8687979426995587
7297,0.7272915561861958
7298,0.11036044250976443
7299,0.2156731138823847
7300,0.5418060920101038
7301,0.96785696727273
7302,0.8375323210279186
7303,0.06153743629745494
7304,0.11609509941880049
7305,0.8451412171886348
7306,0.8669642646011808
7307,0.8334344070380225
7308,0.314721873864707
7309,0.18928067794866457
7310,0.6396780918757644
7311,0.6845715275811374
7312,0.9263960859239367
7313,0.0449906621344844
7314,0.7755861785274608
7315,0.9818611498782993
7316,0.2329502159125454
7317,0.696719609592342
7318,0.08544881496963921
7319,0.017749121019133507
7320,0.20279172398476994
7321,0.526589773319914
7322,0.029022852797026263
7323,0.07169678064831833
7324,0.11036923238824552
7325,0.1313146417951324
7326,0.8334886963919718
7327,0.013767762547301233
7328,0.06656739593563453
7329,0.8653562860102596
7330,0.07348473836337677
7331,0.21637058198382436
7332,0.187123493857779
7333,0.06592872786458212
7334,0.03534475559018353
7335,0.19765101368840227
7336,0.7521591665120382
7337,0.6630420126264186
7338,0.9544379607175616
7339,0.5557011156734272
7340,0.4888838676536962
7341,0.929762472305451
7342,0.3258181511479149
7343,0.9390007828055124
7344,0.718492635727082
7345,0.19606338458072595
7346,0.28470033401547
7347,0.46187081276617403
7348,0.45637841615418123
7349,0.5416352222113626
7350,0.4576485457468701
7351,0.23673483828775158
7352,0.4491671249068599
7353,0.7168311529310636
7354,0.40405506974083827
7355,0.6906188470515628
7356,0.9308370956875818
7357,0.5789211939655136
7358,0.17084229278153404
7359,0.5034847939455731
7360,0.4393194144392304
7361,0.831851105994407
7362,0.2520068924019152
7363,0.18326075250042811
7364,0.30009543616118606
7365,0.7447961924124678
7366,0.10488394845896648
7367,0.6213922415978806
7368,0.5373446072786275
7369,0.009649573850344637
7370,0.12687359965635703
7371,0.7936208244619435
7372,0.8428065466498074
7373,0.9613020806166802
7374,0.03967211124760775
7375,0.3212437115428798
7376,0.6577763156482275
7377,0.07338230400110371
7378,0.46447106496757407
7379,0.9185676061042171
7380,0.42071447733926726
7381,0.013529892157286123
7382,0.14019489881828445
7383,0.5715781290401946
7384,0.22080881505191222
7385,0.5526514179358603
7386,0.9059478962149342
7387,0.1581348771406867
7388,0.019921160261133986
7389,0.2165217683080214
7390,0.7977149439757216
7391,0.5672541813881209
7392,0.1546167644700479
7393,0.07758094538238976
7394,0.18520448589523805
7395,0.587110664788905
7396,0.3104273941678296
7397,0.1262071941929472
7398,0.8642851538238057
7399,0.02146233650178934
7400,0.04857286525445105
7401,0.09016707107320493
7402,0.34282532953251144
7403,0.21116230289413526
7404,0.616751930177893
7405,0.2769733475252865
7406,0.07451251859427348
7407,0.07400602763207212
7408,0.9748898169864617
7409,0.5228883485644481
7410,0.9402596711078145
7411,0.1949899083712084
7412,0.8673660030502279
7413,0.6398972811214231
7414,0.054537433174341565
7415,0.4631090385780724
7416,0.8560081948117623
7417,0.046812639234576334
7418,0.9513012025795216
7419,0.806423333089672
7420,0.20894510794467508
7421,0.17274733806114148
7422,0.2352389074514484
7423,0.9190233441411685
7424,0.07909115495741671
7425,0.3380858860046324
7426,0.7865265492520599
7427,0.39560255468962024
7428,0.21844005081119597
7429,0.07661857781016139
7430,0.5810301810735393
7431,0.7443706822442098
7432,0.7105124567636752
7433,0.04777683135720731
7434,0.8011186656454883
7435,0.30220066089298175
7436,0.10126899828656029
7437,0.6873737651245507
7438,0.16055524273785468
7439,0.6110057769565393
7440,0.09942360604401619
7441,0.005449293076191351
7442,0.5104181797588018
7443,0.8132767488125587
7444,0.24812667676613073
7445,0.34548703798134484
7446,0.26022705915004163
7447,0.5094959904873426
7448,0.9498900980202817
7449,0.009238719478233617
7450,0.9098334332723088
7451,0.3702302540285759
7452,0.2671284716262424
7453,0.3993130296216963
7454,0.9103922837828852
7455,0.9563595596831095
7456,0.9188603914006581
7457,0.15762215665540955
7458,0.6196457688303023
7459,0.12169099955229702
7460,0.033720338504450775
7461,0.14364130544318407
7462,0.8928151223246744
7463,0.25978393737843375
7464,0.16359491935614698
7465,0.4899170728433274
7466,0.18569231256766375
7467,0.7169032083131189
7468,0.9891346103676002
7469,0.9161276668006217
7470,0.20186984029573868
7471,0.41930727250779354
7472,0.15267272019495715
7473,0.15618338318283354
7474,0.048081032216772165
7475,0.02696397468157888
7476,0.8840397892916312
7477,0.42369838736481075
7478,0.34948426749165834
7479,0.3988194915017842
7480,0.8584815544293841
7481,0.05705876402226782
7482,0.05339246419245497
7483,0.49438654649419317
7484,0.4279417010274889
7485,0.0313743911426624
7486,0.7076410881681563
7487,0.6906408898653151
7488,0.7258459906098436
7489,0.02184111158870565
7490,0.4658198218393013
7491,0.11073025988711684
7492,0.019244647744815786
7493,0.18136656565843476
7494,0.8869971054451549
7495,0.12086864668536747
7496,0.360925956272505
7497,0.36547869449008513
7498,0.0523019765106646
7499,0.7604125042581585
7500,0.08636397743266584
7501,0.051396332426685405
7502,0.4197945861053281
7503,0.8135957163159196
7504,0.04637948539018828
7505,0.10245640190963697
7506,0.323786976071575
7507,0.9683288744519353
7508,0.24446669149103245
7509,0.43964342109957855
7510,0.20459424419359518
7511,0.40517233733485625
7512,0.7476268255478506
7513,0.2549110540420292
7514,0.9233989458886039
7515,0.936567654570011
7516,0.02773501982225088
7517,0.5423659249415317
7518,0.6332518592704707
7519,0.7003258752791637
7520,0.09245545413359019
7521,0.58754328320265
7522,0.6056322705714275
7523,0.37422793245206926
7524,0.09627221056316336
7525,0.4184094472138599
7526,0.373239471895539
7527,0.502273644272931
7528,0.044562519364461754
7529,0.31271345657665955
7530,0.9707357768449281
7531,0.615732212568494
7532,0.019287332353328492
7533,0.962480291017399
7534,0.3265660383100773
7535,0.15920911571669927
7536,0.44384102842742057
7537,0.1528345755534072
7538,0.7362807053974311
7539,0.7913856067980787
7540,0.557282903880692
7541,0.2896664159014812
7542,0.3972616617539855
7543,0.5045682738892158
7544,0.189643416101069
7545,0.9122525771510315
7546,0.7551849640688284
7547,0.1561520851320366
7548,0.044691753048982125
7549,0.14894337801445187
7550,0.4566023214554758
7551,0.03240571493966911
7552,0.40802360466066484
7553,0.06042739649414089
7554,0.19430265789275783
7555,0.2168118567375778
7556,0.5391059026280312
7557,0.06567970939227576
7558,0.3807840521691663
7559,0.09330489086895417
7560,0.3217897691465237
7561,0.21911074580016918
7562,0.09899415106168373
7563,0.03611892552405284
7564,0.1429323585382935
7565,0.9574271628277057
7566,0.6955997002528912
7567,0.1829797474674779
7568,0.3629825289201452
7569,0.41958631789204626
7570,0.15155725257963823
7571,0.970187245143476
7572,0.05836329156245045
7573,0.2398623972644769
7574,0.12546722575812008
7575,0.6085146308120722
7576,0.5741854530439482
7577,0.03861843254291916
7578,0.9258784829971438
7579,0.7881411726766534
7580,0.18406165449883397
7581,0.07586878994254594
7582,0.6276489016378454
7583,0.3571336299320652
7584,0.8302737274346617
7585,0.7992411862278287
7586,0.8688010617532901
7587,0.25962247395065297
7588,0.5969565393029787
7589,0.3434166525589576
7590,0.4899179924094689
7591,0.6335231539585273
7592,0.33034716114299995
7593,0.01926187313876472
7594,0.2018882092940276
7595,0.4117056004551808
7596,0.10358027712169052
7597,0.49297311023108326
7598,0.947736942472151
7599,0.6224478795459385
7600,0.014983613001456095
7601,0.9391653710407564
7602,0.4728556211726251
7603,0.47659436981245945
7604,0.5966570395378398
7605,0.11399018263972603
7606,0.3716135496182906
7607,0.15882817788615156
7608,0.09168487931875087
7609,0.8213078202378478
7610,0.05737465956925544
7611,0.25988254409035616
7612,0.5910982941330073
7613,0.8240806453110946
7614,0.11093611558181897
7615,0.5113857968068655
7616,0.21657422922234432
7617,0.8491378777337484
7618,0.947381070143876
7619,0.1011118220061257
7620,0.1166783429967023
7621,0.8392162800106162
7622,0.33767967272067845
7623,0.03857377360080371
7624,0.5758036908666608
7625,0.9793836001259144
7626,0.7939055920745036
7627,0.9573373925507274
7628,0.07605375233505629
7629,0.7403659900150702
7630,0.008331929413373216
7631,0.8138177326761252
7632,0.40984792542814624
7633,0.9792724081426911
7634,0.8790318470620228
7635,0.5415812734147613
7636,0.9362169368333836
7637,0.253830306749982
7638,0.8531583927202183
7639,0.564117534073136
7640,0.9801529459399305
7641,0.8627718658336091
7642,0.6143510641111516
7643,0.17926171496942633
7644,0.4855521006479699
7645,0.522797289612887
7646,0.924421499658428
7647,0.05242233389445245
7648,0.04884967854823087
7649,0.8269764718790493
7650,0.27970470992828866
7651,0.0924490226343247
7652,0.10448533041613897
7653,0.022424551156923163
7654,0.11602457381615179
7655,0.02744506964117005
7656,0.08088376003871606
7657,0.47612142782808675
7658,0.431008412538695
7659,0.9479931560625884
7660,0.21505921445898518
7661,0.7253539771746617
7662,0.29202255861080845
7663,0.008634692381758352
7664,0.4556610467631138
7665,0.8420043621984876
7666,0.5033928320966935
7667,0.10208955436083897
7668,0.45453696537538907
7669,0.9323780209774628
7670,0.6764537917858819
7671,0.3369558141152422
7672,0.9305596525088449
7673,0.3922686969650582
7674,0.49516433161871926
7675,0.180701009963058
7676,0.21832946122868788
7677,0.9887256461118146
7678,0.10878444454278795
7679,0.7750825211137143
7680,0.340783854622572
7681,0.044070836149226876
7682,0.9358257954183544
7683,0.06736363346665641
7684,0.6197788435635911
7685,0.8838226405888301
7686,0.11678288822895545
7687,0.5574154902092626
7688,0.4706625161928379
7689,0.9629454385769461
7690,0.5168493097438087
7691,0.13864851006312018
7692,0.9865062548466171
7693,0.07271378203662539
7694,0.3324618143390998
7695,0.04986068418249484
7696,0.27215938438602655
7697,0.11826480261621337
7698,0.9219273327251376
7699,0.15961699387972128
7700,0.6462517625082628
7701,0.19935574220091504
7702,0.6392069006052138
7703,0.7131386303337641
7704,0.7891104174799339
7705,0.5730678581797909
7706,0.07704103538815534
7707,0.40521059564663503
7708,0.5111549030984068
7709,0.008606749375897987
7710,0.6132668269582404
7711,0.7535617454354806
7712,0.1013254157290384
7713,0.043466530028831316
7714,0.01484362402970784
7715,0.9472195991999159
7716,0.7251123576747135
7717,0.06518420127135935
7718,0.9036268510147476
7719,0.15427897236482382
7720,0.07407054011308004
7721,0.1513345059390118
7722,0.5552573902743316
7723,0.3132105276003549
7724,0.6503084386162823
7725,0.12311255268117338
7726,0.21027740857603577
7727,0.04451202838826735
7728,0.9142216828877447
7729,0.342699439522877
7730,0.5756184911107751
7731,0.005764420369823305
7732,0.23143340937496948
7733,0.513043701799691
7734,0.8533935058174357
7735,0.7278745969220588
7736,0.6168251054347776
7737,0.15561785571493247
7738,0.25166310168528244
7739,0.5953651166430337
7740,0.019086336111517836
7741,0.024391509079126454
7742,0.02948988265508785
7743,0.35692019898885324
7744,0.033336527976279125
7745,0.9150141455701822
7746,0.2731241984239051
7747,0.18189448888069254
7748,0.4294459643230738
7749,0.08393544009037156
7750,0.0022386535298172983
7751,0.05058022866388632
7752,0.1442617964798558
7753,0.05917901034157191
7754,0.002306188614832777
7755,0.6066259265603118
7756,0.09814590954879772
7757,0.09110110950615481
7758,0.15792083963991846
7759,0.048657708853976404
7760,0.21364109452376848
7761,0.023715013052374577
7762,0.9910515698957503
7763,0.019054039068235707
7764,0.3273666988778715
7765,0.9645037133996124
7766,0.9627925080872898
7767,0.41969792232582476
7768,0.2641959547544934
7769,0.7068137017413259
7770,0.3999605228457237
7771,0.42943394293074555
7772,0.4348596683002963
7773,0.6150943996085476
7774,0.8395221242313577
7775,0.29179683325493877
7776,0.08149655608001677
7777,0.03830479433247614
7778,0.9632131872380144
7779,0.06504294742360679
7780,0.07890574606266125
7781,0.26436226114056016
7782,0.7226988697904736
7783,0.5266861836188962
7784,0.259191127299976
7785,0.016475508694256482
7786,0.3095463816645745
7787,0.023833470067332996
7788,0.06800323785996752
7789,0.3429740766904552
7790,0.3185003180894389
7791,0.8844704165125239
7792,0.33428105642528544
7793,0.0796771366590429
7794,0.6590385199117763
7795,0.12421689161575801
7796,0.12384425687142508
7797,0.25372601328630734
7798,0.809746883121216
7799,0.007205601098045713
7800,0.16747293372489117
7801,0.05710833846019137
7802,0.044361764162116464
7803,0.012034236980034169
7804,0.07359962054288248
7805,0.5487464410849103
7806,0.06825156112715673
7807,0.3295404368517185
7808,0.5373809456404605
7809,0.17125538043823468
7810,0.2133901408863122
7811,0.33524769871671045
7812,0.2461380880253671
7813,0.8227599485204635
7814,0.3923663317215118
7815,0.09119400963657222
7816,0.012624575420563704
7817,0.5395560018614842
7818,0.20146176287605258
7819,0.7305554065672698
7820,0.09555600424019249
7821,0.19670421227391824
7822,0.9812543980685521
7823,0.9293156046751948
7824,0.4731796845666868
7825,0.1419473302448177
7826,0.9541377036164376
7827,0.1256695773064365
7828,0.13207760818399614
7829,0.6620990430035615
7830,0.22852794181455194
7831,0.798101052990556
7832,0.21889949171371645
7833,0.28811886083449906
7834,0.4766486846006588
7835,0.18571630814503284
7836,0.7154638555473107
7837,0.8407505161450114
7838,0.9582300510727274
7839,0.19667866413177518
7840,0.2681753545826385
7841,0.8045095152929247
7842,0.4412996227275908
7843,0.0874050027443876
7844,0.5486348911206109
7845,0.13837727364906835
7846,0.2851863945897161
7847,0.7998420253487217
7848,0.8428529491146161
7849,0.11381016209130208
7850,0.10613126021624787
7851,0.5797603174042293
7852,0.8290118958600282
7853,0.2952069204088698
7854,0.6596931192107597
7855,0.02640111316118446
7856,0.02827164320471379
7857,0.15839123300913371
7858,0.46700772449140676
7859,0.8220459596727608
7860,0.6375720978572811
7861,0.0043729557379648355
7862,0.1095571903156948
7863,0.6001236669465744
7864,0.7810656679272904
7865,0.10431419236176352
7866,0.9730034133249563
7867,0.331694830460185
7868,0.44463169921661666
7869,0.940418323021725
7870,0.5811031657009074
7871,0.41601526724663457
7872,0.364020665417193
7873,0.1289756989247587
7874,0.00898170458741379
7875,0.27082982530225247
7876,0.17396866319611695
7877,0.9290996251076656
7878,0.04054847738715024
7879,0.7295789807826419
7880,0.6858296644869489
7881,0.06837206183770071
7882,0.9190293342173539
7883,0.49276431171447227
7884,0.018952279227399473
7885,0.9270078114628056
7886,0.8516824408570502
7887,0.5320745816529742
7888,0.9150008028553079
7889,0.4049329933881842
7890,0.7520499780577403
7891,0.312251362583251
7892,0.03822373974762982
7893,0.08671361722197025
7894,0.25187900969852767
7895,0.05036029586083577
7896,0.9149577300075467
7897,0.12035865236713099
7898,0.5608529713872885
7899,0.048480215112223245
7900,0.0613995192438536
7901,0.3321920336249756
7902,0.09964571190305861
7903,0.02477368109148179
7904,0.5722019121619732
7905,0.5420525549649228
7906,0.03664645871672894
7907,0.08720236995245001
7908,0.23693539258426313
7909,0.4138613689535351
7910,0.046135123116436604
7911,0.008095802575243572
7912,0.03834718910592683
7913,0.9849433716113033
7914,0.3466826403787074
7915,0.896699355245981
7916,0.22432395610524514
7917,0.7869528378437693
7918,0.7569614106701543
7919,0.5511905244437566
7920,0.06919236989346737
7921,0.12169552301388616
7922,0.4290613560984839
7923,0.2810407262794227
7924,0.3957606986463835
7925,0.6529559216779158
7926,0.27554081690584137
7927,0.04743982444817423
7928,0.021721257594267695
7929,0.4240404793154909
7930,0.48027107159469123
7931,0.7211993085091194
7932,0.37560026178133415
7933,0.018609328960352757
7934,0.5373662093044709
7935,0.22324990451842114
7936,0.2793330920584259
7937,0.46246551941262226
7938,0.1770431408640446
7939,0.28549728728768153
7940,0.03317226625695013
7941,0.9458207836074217
7942,0.20382047017588037
7943,0.7959050538068771
7944,0.26761422280154407
7945,0.0997151772931449
7946,0.8853593303110823
7947,0.8918908787828852
7948,0.9317736838438677
7949,0.013618545275792657
7950,0.6424038729526602
7951,0.26052417898056607
7952,0.5061348168188812
7953,0.26715665884747475
7954,0.12171157461735874
7955,0.938421311818316
7956,0.33681898930150533
7957,0.9740850657569474
7958,0.9213398625055321
7959,0.013095614505619975
7960,0.1045619857562188
7961,0.7730982796718843
7962,0.1604337209761597
7963,0.10195830344202754
7964,0.2915022762962191
7965,0.20243071357034792
7966,0.18271478321740192
7967,0.7705237410245814
7968,0.1889752132533242
7969,0.013497326142629676
7970,0.33446514587911985
7971,0.35732597157024376
7972,0.6401075440941769
7973,0.1351970792327955
7974,0.33934781538929515
7975,0.059766320620950476
7976,0.2983493819139047
7977,0.4819756065758443
7978,0.16338026403475028
7979,0.6814188626025777
7980,0.9770084720756793
7981,0.6413025558683013
7982,0.029534974084491683
7983,0.037441519746931225
7984,0.8382073242808459
7985,0.15024184288991363
7986,0.014485373468583952
7987,0.48592731522307536
7988,0.26800649699853246
7989,0.08688772235704312
7990,0.1130745912558722
7991,0.15424445410167126
7992,0.9294451759654777
7993,0.3838552823791965
7994,0.9635927764737996
7995,0.06010773253978724
7996,0.2630263656306592
7997,0.04642218346676839
7998,0.9886837726979748
7999,0.7380919040862826
8000,0.3402713467646099
8001,0.801629685557174
8002,0.1315540981327046
8003,0.32571657053475306
8004,0.07549503440227641
8005,0.30112872555538034
8006,0.20080656568166766
8007,0.10980730503702313
8008,0.3984468278544828
8009,0.5182871519950677
8010,0.5998482847230234
8011,0.7663672708724241
8012,0.855433368536677
8013,0.29679699356983674
8014,0.7947500226395914
8015,0.20008569716509148
8016,0.9709787803303199
8017,0.8916840321997362
8018,0.5958129622075009
8019,0.16992217696715303
8020,0.9326693711583829
8021,0.17055412708409157
8022,0.14836822138701428
8023,0.03476247162831867
8024,0.9409101936523115
8025,0.6327783890828445
8026,0.9359235409633995
8027,0.5151788032186904
8028,0.16438835099787713
8029,0.9213802437633923
8030,0.23027439406001032
8031,0.49844096076586786
8032,0.6108110141483106
8033,0.5041302555952756
8034,0.9792940417046367
8035,0.9470769972308333
8036,0.7506578906750941
8037,0.05547125712063286
8038,0.18057649684533483
8039,0.8891377571668904
8040,0.335827981011167
8041,0.16990571057902826
8042,0.04050312581082134
8043,0.8103077664538348
8044,0.8694594997403264
8045,0.09636433381845627
8046,0.47257302487252845
8047,0.009564234627695307
8048,0.4143555218308023
8049,0.34809495275821756
8050,0.3203973166361969
8051,0.9698933402325364
8052,0.16039597544392048
8053,0.6813462279273204
8054,0.15023610921888578
8055,0.9487845514632177
8056,0.15427489320627988
8057,0.03154754617314052
8058,0.7415986183870424
8059,0.09969972656398994
8060,0.2354469665275519
8061,0.4541619444532648
8062,0.6325489220764244
8063,0.5752351279136391
8064,0.25874417613550216
8065,0.8196607062302067
8066,0.38196465169149807
8067,0.727732777269547
8068,0.41284852084887835
8069,0.017372365437830897
8070,0.5715389902169568
8071,0.6183770025956913
8072,0.8984457769039748
8073,0.15248670839062475
8074,0.664913952915101
8075,0.6848661045422488
8076,0.49718491661715447
8077,0.015746115730368018
8078,0.07258263868995729
8079,0.38123432259858403
8080,0.8525350218301896
8081,0.05644251695599395
8082,0.14124521832647716
8083,0.9179766509167617
8084,0.07468605793546981
8085,0.09154126382765566
8086,0.03472987380148266
8087,0.7092788206878532
8088,0.8969179095236666
8089,0.07084551360781696
8090,0.464129492685312
8091,0.9408152554718453
8092,0.10409731180433605
8093,0.1594090896182387
8094,0.06070212998868517
8095,0.21710097476178675
8096,0.05225415436050279
8097,0.8009993791053606
8098,0.13411072785024128
8099,0.9463667052704499
8100,0.9894535961251573
8101,0.4129029547690781
8102,0.051273802458649646
8103,0.11018681092896183
8104,0.04989874557532312
8105,0.11865917618505177
8106,0.4755378023436017
8107,0.17953334000468388
8108,0.12842678083007922
8109,0.09740496834813575
8110,0.7682201966238072
8111,0.7803450162429564
8112,0.2066202772715048
8113,0.15737740805976613
8114,0.8008220771053278
8115,0.10112403151279915
8116,0.6286878342824967
8117,0.14428449381396963
8118,0.09102701464413808
8119,0.4030666397547501
8120,0.10808513773657236
8121,0.7457137310688087
8122,0.9191517643827647
8123,0.039878583109567226
8124,0.16353004592195272
8125,0.37494407236637983
8126,0.8559083200744428
8127,0.24740203022361157
8128,0.10164173367168614
8129,0.0353434049128852
8130,0.6226266428250324
8131,0.8114183281905637
8132,0.03529536401356762
8133,0.10903771137412954
8134,0.8803029953207485
8135,0.553498995551413
8136,0.8794389824760979
8137,0.8120169926740209
8138,0.039958642710990463
8139,0.047253002027960254
8140,0.01617111910783258
8141,0.8476454486480784
8142,0.20787907264036412
8143,0.17123461442766844
8144,0.15164667021583975
8145,0.3159236178090427
8146,0.14595557563359152
8147,0.19065349358576641
8148,0.005575343595762637
8149,0.8927243296561036
8150,0.14348060735368895
8151,0.014927594308255855
8152,0.026851264665161686
8153,0.8764800179533505
8154,0.016928118953161292
8155,0.46653397789937395
8156,0.5272444089470012
8157,0.09082734195011839
8158,0.5712745105686658
8159,0.002989648011730309
8160,0.03231955424854551
8161,0.025065936893692846
8162,0.9274306335106761
8163,0.8527308021754557
8164,0.917180066090753
8165,0.8140153832490463
8166,0.6443445220962652
8167,0.19498574093141371
8168,0.3692730322941935
8169,0.0035362609551730312
8170,0.14725729714734234
8171,0.09239419011030627
8172,0.8915616556151054
8173,0.08192853324939113
8174,0.11503856382793123
8175,0.6114621275038957
8176,0.4152997842156167
8177,0.3013758049172661
8178,0.15390135581870867
8179,0.05130692805393058
8180,0.6324799122989965
8181,0.18882663444339054
8182,0.03183160678415043
8183,0.7357639558327954
8184,0.27417016126518
8185,0.27329270275276485
8186,0.41798753152834783
8187,0.24059993244316827
8188,0.9030163021735219
8189,0.44207381253451716
8190,0.34108746970096243
8191,0.07200820003655908
8192,0.11134759582941746
8193,0.06928644561546812
8194,0.9474300244739975
8195,0.14115544726109236
8196,0.1350317554534172
8197,0.008450675977998296
8198,0.9087007069058216
8199,0.9316803678821092
8200,0.41982525011151106
8201,0.18690282702451383
8202,0.545934477869619
8203,0.05945007878254772
8204,0.01834624007462685
8205,0.02736418103938628
8206,0.23115540028821238
8207,0.6069389144422367
8208,0.9278570264803909
8209,0.8365980665932206
8210,0.12989003493119042
8211,0.11292197570805837
8212,0.020832203964352564
8213,0.9829750490186355
8214,0.5644331226111884
8215,0.2513532811343641
8216,0.421164802759405
8217,0.7634844565323465
8218,0.8813514802044734
8219,0.946628367143404
8220,0.8729115521252335
8221,0.6611167318792901
8222,0.6034893224397067
8223,0.9496400560699094
8224,0.7661886132467237
8225,0.4650938836415954
8226,0.22726193550041815
8227,0.20770113866907888
8228,0.025530970749598484
8229,0.04216353669922651
8230,0.627145767970653
8231,0.11248111663611493
8232,0.8402830608175587
8233,0.03331471944756091
8234,0.9575748001668732
8235,0.09315195159080497
8236,0.01194990951100063
8237,0.5379428818599015
8238,0.9259507198127358
8239,0.6017142420544008
8240,0.5397557601625066
8241,0.8703268173015001
8242,0.1279699907848924
8243,0.7561386358836766
8244,0.1588711083162409
8245,0.638053564113543
8246,0.045783693730639986
8247,0.692444687484593
8248,0.43024982471740014
8249,0.10060422407887101
8250,0.22316425442160628
8251,0.1910513400452615
8252,0.9043534211760312
8253,0.806214629804593
8254,0.07876466615243355
8255,0.03809999697465034
8256,0.4961124832493225
8257,0.9870371356367379
8258,0.06948704358505338
8259,0.02141428020777827
8260,0.07815082205204958
8261,0.03173333997046118
8262,0.4522919246490369
8263,0.14968769138260585
8264,0.928257938231031
8265,0.5265922269117972
8266,0.024494970663588946
8267,0.022205000682737976
8268,0.5230102754235679
8269,0.9495286195329712
8270,0.9009351085871974
8271,0.9803226932926336
8272,0.38671421728810984
8273,0.6570412641808525
8274,0.4637374424638985
8275,0.022060995916456348
8276,0.7765508488559919
8277,0.038091182033460326
8278,0.022862256947271377
8279,0.0210768556040232
8280,0.848886270240279
8281,0.1828872261556601
8282,0.2861807612136088
8283,0.2968060271231811
8284,0.3148893559195155
8285,0.4500463957358049
8286,0.03649000060875131
8287,0.0494427018055445
8288,0.918581093406587
8289,0.9126232066356647
8290,0.17284135039676302
8291,0.5356130495875935
8292,0.3598755600823957
8293,0.1239371541700107
8294,0.09262031802849499
8295,0.9089750396645665
8296,0.33543795806700727
8297,0.9697191315384662
8298,0.47485396542836616
8299,0.3710705773257152
8300,0.7528507620005347
8301,0.05408643442978736
8302,0.9845228536454781
8303,0.4513616996826208
8304,0.9479761674827123
8305,0.3528540569214303
8306,0.07863719754702968
8307,0.12446339245736425
8308,0.48981387367375684
8309,0.5790745209077085
8310,0.02733006605025003
8311,0.5056679326726344
8312,0.7589546841543223
8313,0.4289195120362035
8314,0.12864008227307364
8315,0.841328990125127
8316,0.8441044288004944
8317,0.23958628677679766
8318,0.806213331490319
8319,0.8008923391990547
8320,0.05278650337594393
8321,0.7977658304635651
8322,0.21413260439861453
8323,0.051799193040331495
8324,0.7307219621951583
8325,0.4354051132758973
8326,0.16026832308919334
8327,0.9075195932499602
8328,0.18993969451065798
8329,0.1796735657517199
8330,0.8542436054657315
8331,0.34356494238070456
8332,0.6123752357300871
8333,0.447029768713827
8334,0.1358197157277755
8335,0.18387769931395148
8336,0.0669529935590956
8337,0.8843695553397067
8338,0.9115595027680311
8339,0.8658659385888764
8340,0.8538099885233724
8341,0.3192985822223527
8342,0.10870760835005024
8343,0.26870772287393535
8344,0.02743162652353362
8345,0.187276819906308
8346,0.5783434750407853
8347,0.2528224886631491
8348,0.6336309698038521
8349,0.2634993551295918
8350,0.9464520779000893
8351,0.11217729860614123
8352,0.12220423002210447
8353,0.889200508696772
8354,0.017715466727416244
8355,0.5531496438768235
8356,0.004306637239373431
8357,0.08948462788872952
8358,0.9317248531812814
8359,0.3654346937278935
8360,0.6028805485310176
8361,0.559458633213199
8362,0.7562046941861477
8363,0.2720043720148494
8364,0.919875532557622
8365,0.08866705216960358
8366,0.9148857331861617
8367,0.2916970425207462
8368,0.6935849313529449
8369,0.33045521786516213
8370,0.16262326976609087
8371,0.927203892213077
8372,0.9035452387749832
8373,0.6761606935025802
8374,0.3259540835774953
8375,0.28000035292194997
8376,0.2031208655766032
8377,0.696374724621406
8378,0.0877254608782624
8379,0.9493896150860512
8380,0.6747287342172212
8381,0.5412525220519087
8382,0.9370051059994212
8383,0.1599002021879322
8384,0.19539463598402254
8385,0.9434388996652705
8386,0.9098045663481368
8387,0.05744317711084081
8388,0.147323839058131
8389,0.3566976924391565
8390,0.17888046077182554
8391,0.013727345893979599
8392,0.7055660531435451
8393,0.29444863132135424
8394,0.20146425347766037
8395,0.1829206372078822
8396,0.13937558130199543
8397,0.9676686958464997
8398,0.26213564709730924
8399,0.8664756782033018
8400,0.023984654281353334
8401,0.9495348652470239
8402,0.5943488185189612
8403,0.4822434214595543
8404,0.2788522072569605
8405,0.35010412851644873
8406,0.11514484705372721
8407,0.0163223334574496
8408,0.09490582080054222
8409,0.43310775596873513
8410,0.19303248454551986
8411,0.3404528256989297
8412,0.257624769061624
8413,0.9572353570265517
8414,0.055324490213726804
8415,0.9832138222392156
8416,0.18699626715929968
8417,0.08966147550030501
8418,0.3962601272820828
8419,0.2819959933565236
8420,0.7394550616043495
8421,0.14822141362758373
8422,0.9629176162892499
8423,0.48922273608075095
8424,0.14553605639648257
8425,0.06392097192180822
8426,0.9275981506492649
8427,0.2533991644582237
8428,0.32356012065522516
8429,0.305813098711496
8430,0.6079643241103965
8431,0.39706901918272963
8432,0.3208237669051869
8433,0.9885187379328126
8434,0.22154447801967725
8435,0.03293054044660327
8436,0.30655771848803004
8437,0.02672348751399445
8438,0.8931996493382639
8439,0.1799877854817458
8440,0.31189909502964797
8441,0.04943039041743275
8442,0.01967551423630978
8443,0.6342002732748073
8444,0.7119065768728214
8445,0.3975539828552822
8446,0.3922167059426562
8447,0.8498841601594985
8448,0.01822194236428707
8449,0.46547401545160333
8450,0.11472005981875279
8451,0.6229257730901878
8452,0.07556540458628275
8453,0.9413057125755643
8454,0.11738505686389827
8455,0.1374988456004015
8456,0.92799304804669
8457,0.8947707494103815
8458,0.8825468677022794
8459,0.2706527949934221
8460,0.748875719055535
8461,0.9423515207105625
8462,0.1553644392113078
8463,0.5701233504450509
8464,0.5863391199425615
8465,0.06010187137472428
8466,0.9425088303944837
8467,0.9199804055967152
8468,0.8682654121304859
8469,0.25353666864539837
8470,0.02074148538539721
8471,0.04087130537904821
8472,0.16278193704961466
8473,0.34350854978919876
8474,0.9626445494531435
8475,0.013934288712934574
8476,0.09987515466443742
8477,0.9224323983304381
8478,0.44241657416766217
8479,0.1787709452251351
8480,0.9698338878178726
8481,0.7446326378567804
8482,0.8705106564480899
8483,0.641545993948311
8484,0.21014397460824885
8485,0.029544900320206208
8486,0.00438709249434621
8487,0.8334675416126525
8488,0.10041074729816109
8489,0.8108329042244744
8490,0.021893155751466373
8491,0.8720084528540758
8492,0.0715203383652428
8493,0.1403768545217475
8494,0.7005277127341495
8495,0.9870395015618262
8496,0.768470975495492
8497,0.03742644865558102
8498,0.30791630934095926
8499,0.21362336112105137
8500,0.3837296737663196
8501,0.10959972027447133
8502,0.19626346484495166
8503,0.20729430204903745
8504,0.16292193638635308
8505,0.49580506442143363
8506,0.9462454659973178
8507,0.9906666411902639
8508,0.0019752835345521937
8509,0.5650081496674264
8510,0.04309795472365424
8511,0.9692445886851333
8512,0.8324975243931751
8513,0.0686476959853893
8514,0.7697149623230148
8515,0.9442085429829506
8516,0.60911089155232
8517,0.8947620821916615
8518,0.5394835464778328
8519,0.026636751767126713
8520,0.8173514206388538
8521,0.2778505658122477
8522,0.8390042544656685
8523,0.696710020452719
8524,0.03167875055272201
8525,0.19770453529269297
8526,0.24580779701539354
8527,0.7883308226856267
8528,0.05975529446313318
8529,0.2139700965250722
8530,0.04908254445316904
8531,0.5474408480030146
8532,0.0797202955085892
8533,0.1191190729667868
8534,0.07320791818314722
8535,0.5193011931340051
8536,0.9513484474720028
8537,0.1791291329200715
8538,0.5815167486565946
8539,0.27531947338161006
8540,0.22114309041191937
8541,0.8830384609754763
8542,0.8193557047720516
8543,0.7321794701569326
8544,0.8413401289357105
8545,0.6205747358714189
8546,0.10365280065853671
8547,0.8828255895346994
8548,0.9433156235483235
8549,0.9407648973182071
8550,0.06598755484035737
8551,0.5598386099397512
8552,0.34000994559307923
8553,0.9872892093826618
8554,0.025245520878960603
8555,0.9813930188761492
8556,0.9061571150753684
8557,0.06647786496124802
8558,0.466347049797101
8559,0.02571862864189777
8560,0.989392863531801
8561,0.33762824177858164
8562,0.08828858841573672
8563,0.5903801881643868
8564,0.07395383965373366
8565,0.4813803971464
8566,0.4471735005828262
8567,0.5651227408436362
8568,0.6805664132656559
8569,0.9562299194163548
8570,0.6836098841716767
8571,0.7088718380162745
8572,0.024809498267824293
8573,0.11051408058454512
8574,0.20527230443384084
8575,0.1691163035528229
8576,0.01874407634399322
8577,0.46749936643140627
8578,0.968270743929232
8579,0.23040170526802367
8580,0.5166979271499568
8581,0.336173353923422
8582,0.979015746061371
8583,0.925882855174254
8584,0.9548838995135465
8585,0.17243796528103894
8586,0.2158516886111274
8587,0.9002851586008763
8588,0.054022363084729505
8589,0.331750028278348
8590,0.696583378927111
8591,0.40009498553672523
8592,0.883710358301916
8593,0.9261370642684981
8594,0.19041336773960055
8595,0.055075412898487115
8596,0.13632309217343347
8597,0.7972025447761613
8598,0.6369648732235722
8599,0.05031529706577451
8600,0.6712186150693646
8601,0.18256068343837895
8602,0.9463624952131371
8603,0.7775644396547786
8604,0.7650692223301788
8605,0.828430538809856
8606,0.5525396821013137
8607,0.739984362414595
8608,0.5973905307936326
8609,0.5487715357010866
8610,0.11636658832131543
8611,0.4379219535039569
8612,0.3550844956932113
8613,0.5668961526915947
8614,0.8302051859355752
8615,0.04119555932329189
8616,0.880687639857022
8617,0.4304008729911815
8618,0.19186297189734802
8619,0.03810523567281201
8620,0.9079106683655908
8621,0.9712839575030439
8622,0.9285229824726888
8623,0.6825577469546202
8624,0.9766963086877195
8625,0.06883478676100349
8626,0.06270452391001055
8627,0.029568279256770833
8628,0.038791776750310286
8629,0.28048841302521044
8630,0.7665772176000688
8631,0.25575226352362956
8632,0.6459713302684807
8633,0.21556816160328596
8634,0.8842862836860673
8635,0.7080309578203345
8636,0.30063193910798186
8637,0.021192387756378286
8638,0.03257345858559513
8639,0.8001723139066641
8640,0.6679449984761159
8641,0.3520136275326371
8642,0.550387748500248
8643,0.016061005641023106
8644,0.1838203145217378
8645,0.8984121197974466
8646,0.06349500386819555
8647,0.07678325581107952
8648,0.06814829703604755
8649,0.5388501454638368
8650,0.6370364111480439
8651,0.8195340144102858
8652,0.32374060756295725
8653,0.5377140554396105
8654,0.7490340719800799
8655,0.8044201668722671
8656,0.5446208943373765
8657,0.5178194355123501
8658,0.361506383966933
8659,0.9834682521567658
8660,0.1985230226958462
8661,0.019086812129099583
8662,0.046388148352165114
8663,0.3232182207850754
8664,0.8440912430510167
8665,0.692779772824094
8666,0.5706870108651403
8667,0.2502209818816693
8668,0.10097462187077762
8669,0.021138805452052378
8670,0.657634268320575
8671,0.3941544883131985
8672,0.6572728311721469
8673,0.3622621398903856
8674,0.2671662861893569
8675,0.19337111406884736
8676,0.669161655723243
8677,0.9865028563167917
8678,0.017536677547071684
8679,0.1794825103923941
8680,0.11070073965295484
8681,0.15995224859299648
8682,0.06121514985385928
8683,0.0625767446700712
8684,0.041897325313945424
8685,0.960337403501361
8686,0.07404945703352483
8687,0.04460020889659852
8688,0.4055161060075171
8689,0.13123771775948542
8690,0.6522605088635967
8691,0.9431859717518536
8692,0.025436359109785034
8693,0.29477484706743096
8694,0.16108061054318046
8695,0.4335232857997734
8696,0.9067535802185973
8697,0.048900309829036634
8698,0.7561066075929296
8699,0.7280929262899443
8700,0.2611460077406258
8701,0.3606807152746185
8702,0.21457445324527746
8703,0.19727039145188288
8704,0.037591940219589795
8705,0.5323368205659152
8706,0.008128514335346664
8707,0.23756980252270432
8708,0.5935680488610705
8709,0.7870582711699946
8710,0.7140165761567698
8711,0.09895619007949231
8712,0.08876413826004131
8713,0.07459300029189579
8714,0.9550969864759467
8715,0.034104619514143016
8716,0.9518741275830774
8717,0.5842680283386252
8718,0.06125635099767132
8719,0.25372098631237294
8720,0.6586502628424643
8721,0.18639135220444014
8722,0.8764204219841729
8723,0.05377256826329826
8724,0.940220071164723
8725,0.7932077996140505
8726,0.03861488561594225
8727,0.17991254912145552
8728,0.02910525580241145
8729,0.09681026033882562
8730,0.16998034063015074
8731,0.09295010266570199
8732,0.1018321761520656
8733,0.4336060656106635
8734,0.17478932018925208
8735,0.5870674480172127
8736,0.11994695077040099
8737,0.304791968249071
8738,0.15296511432677537
8739,0.02110379006358198
8740,0.44066866283333156
8741,0.4020522745573966
8742,0.5789955068652205
8743,0.29488280706650083
8744,0.15030129622884
8745,0.31303153495629277
8746,0.9305573419701434
8747,0.19444915394589213
8748,0.7345242650474073
8749,0.9903054125572118
8750,0.9120328156368775
8751,0.06758709349466295
8752,0.3972115371398906
8753,0.1586410157412518
8754,0.10876300679997528
8755,0.30546121884141125
8756,0.06544082020105955
8757,0.9039524567473192
8758,0.5026656676116444
8759,0.03566241489777126
8760,0.04863775987819379
8761,0.22857584794856273
8762,0.0727223555495677
8763,0.9917640761359936
8764,0.18741959741425385
8765,0.411909625339208
8766,0.6658746839435032
8767,0.7468605921060906
8768,0.5864844931098494
8769,0.2773376755471211
8770,0.9516243170460154
8771,0.3154880735671508
8772,0.08030963471755792
8773,0.031585433813880355
8774,0.35444322905043035
8775,0.22815771997124917
8776,0.35489048788389593
8777,0.017627921622352275
8778,0.18150563993492327
8779,0.07275926080876842
8780,0.5250568264343816
8781,0.9013283217829653
8782,0.1266760638754463
8783,0.46282448229851253
8784,0.40082604072018074
8785,0.9550432525382287
8786,0.4455404743804145
8787,0.12486517944446897
8788,0.6746438500873956
8789,0.2775771877082564
8790,0.9730674983950172
8791,0.5664478710608801
8792,0.6364606524784838
8793,0.04596216979751943
8794,0.1729161252538964
8795,0.7634456937525865
8796,0.09221390410129875
8797,0.9846925468588532
8798,0.43216454584884056
8799,0.45377139325812754
8800,0.1249655108434525
8801,0.020656835282179507
8802,0.268984886574848
8803,0.24078915407425602
8804,0.556869738560144
8805,0.29964540161001113
8806,0.14077389241445948
8807,0.026960947570909978
8808,0.5028168974904336
8809,0.004036702218761122
8810,0.6794622697968948
8811,0.11806296441652533
8812,0.6734969795167655
8813,0.7909285025971067
8814,0.3705252290778156
8815,0.15843118909488313
8816,0.3522094165050637
8817,0.7204231302513291
8818,0.5904586625251972
8819,0.7239074227701471
8820,0.1985029842088687
8821,0.3706674682664553
8822,0.03274781795608417
8823,0.41065024734344774
8824,0.5897960089141169
8825,0.3785308417668915
8826,0.2537236075577524
8827,0.08543922713950748
8828,0.9210577754713403
8829,0.881145795912761
8830,0.8741651887440653
8831,0.137358907966547
8832,0.7344294152091602
8833,0.2305824268221483
8834,0.30404469550827173
8835,0.01662340754616377
8836,0.9492174953323415
8837,0.8997965457700511
8838,0.12423349076912055
8839,0.9323737156722404
8840,0.3615070863270272
8841,0.3761049344856355
8842,0.06835682971842605
8843,0.0806830630437846
8844,0.9546444769684047
8845,0.278715422842252
8846,0.0793220746137857
8847,0.29263821803239476
8848,0.14864942307996304
8849,0.789228013352838
8850,0.9126200201386889
8851,0.37273870364465966
8852,0.7847480318361153
8853,0.966813952464473
8854,0.9874049478896346
8855,0.08419994935186007
8856,0.9554168323454129
8857,0.711910094999108
8858,0.34591735276821706
8859,0.7718619750056286
8860,0.9084638814397407
8861,0.15050765263904617
8862,0.3628425964407502
8863,0.9543492171254714
8864,0.16018903340122576
8865,0.7697917179618804
8866,0.07917800600318448
8867,0.8637733718007996
8868,0.15264355635672294
8869,0.7751554583927202
8870,0.9087582777119082
8871,0.6440634062996107
8872,0.8501621929570948
8873,0.12076714627658384
8874,0.040844471202578135
8875,0.34324709532293235
8876,0.11499415881229466
8877,0.26707411490639166
8878,0.05154041711773357
8879,0.18308244940478854
8880,0.5205393363125463
8881,0.04553195252959273
8882,0.14598106511427242
8883,0.9110141773943192
8884,0.09447913945609827
8885,0.17612236651489657
8886,0.19667296898068118
8887,0.12956680376258406
8888,0.3522086802049742
8889,0.670567774810015
8890,0.8770099913655985
8891,0.9056571349660284
8892,0.4256189182031536
8893,0.024553351155524088
8894,0.2622101609263822
8895,0.2863414785899407
8896,0.25719826227473847
8897,0.681255500312955
8898,0.3456456048473333
8899,0.8155233206862939
8900,0.9355438062625694
8901,0.5752094639996934
8902,0.029881754803818113
8903,0.552979334958411
8904,0.7304333603525646
8905,0.11468080495284379
8906,0.13991849462583164
8907,0.7740865176992933
8908,0.7573635749467664
8909,0.9129193197302873
8910,0.180069964726022
8911,0.4821151413309585
8912,0.8951302582469164
8913,0.3140710435896453
8914,0.3286981810137488
8915,0.3337662344842072
8916,0.09146591879299182
8917,0.03189624951728386
8918,0.15176381821160415
8919,0.14936948803336716
8920,0.9781558803171976
8921,0.803768070962412
8922,0.13600262844986943
8923,0.06272097582535663
8924,0.06250056763712644
8925,0.4109410518298067
8926,0.2402012426718935
8927,0.8049573845756186
8928,0.28075341836831585
8929,0.3533134651096485
8930,0.7614626415893376
8931,0.03391480113465305
8932,0.5011989194266865
8933,0.19896750147799702
8934,0.5549269402747121
8935,0.42749030496351587
8936,0.2268495599705867
8937,0.6094370487296497
8938,0.09630245006957999
8939,0.32807466810632024
8940,0.46106463621866656
8941,0.26488056107249475
8942,0.8095538249438405
8943,0.2764204974181187
8944,0.09679556629223991
8945,0.44038294105380504
8946,0.43016088878736924
8947,0.9577591502438575
8948,0.1137218510564532
8949,0.07332193467419701
8950,0.06366691709825713
8951,0.7323176272541759
8952,0.4288009703015009
8953,0.05202878482892542
8954,0.5492495994071143
8955,0.8861114201616858
8956,0.20177828249981375
8957,0.8665118698729275
8958,0.365379353311007
8959,0.4410143394656116
8960,0.3406783754181863
8961,0.9651633160737193
8962,0.24909530696902948
8963,0.7905070653305473
8964,0.24871056438582353
8965,0.8862723994497733
8966,0.05714909471786863
8967,0.8419139696641699
8968,0.8524253256749494
8969,0.04680366399355908
8970,0.0314547756163864
8971,0.8635436779180047
8972,0.14427913053723795
8973,0.11911377662717741
8974,0.5620649181291544
8975,0.9620333847721607
8976,0.016114626330085015
8977,0.5455782077946596
8978,0.11601785010035559
8979,0.019624993958103364
8980,0.17771046460874118
8981,0.794548914706796
8982,0.5941870884702029
8983,0.4931410098495036
8984,0.56468326126491
8985,0.5013697268803722
8986,0.17553016988128942
8987,0.5998279035045936
8988,0.040756611048206756
8989,0.714510282683285
8990,0.2683016528559405
8991,0.48538769263857706
8992,0.04665369700061913
8993,0.007296949868589925
8994,0.9433093476488265
8995,0.5050672795084719
8996,0.032703107278018465
8997,0.2951331873680406
8998,0.30739240749246666
8999,0.43777177695137615
9000,0.5054835792596563
9001,0.3069568527648085
9002,0.9193084774586217
9003,0.5675545123856962
9004,0.05361771161318022
9005,0.25685939070153146
9006,0.008640487418832405
9007,0.10650465651105771
9008,0.03253387130337365
9009,0.5809387590469499
9010,0.15012570873468717
9011,0.06579193166706518
9012,0.06665945141116485
9013,0.042780411635888305
9014,0.8203116537868335
9015,0.2544450109157726
9016,0.062228016730832864
9017,0.9810331330601761
9018,0.8218991840779314
9019,0.01875524213335947
9020,0.022234524585104352
9021,0.11384215447494093
9022,0.16156056205978064
9023,0.3268561458158031
9024,0.9072569397535668
9025,0.4989795913035836
9026,0.31387201756139366
9027,0.17764681635688961
9028,0.19159851959313579
9029,0.12154205111799514
9030,0.3022969476752212
9031,0.3352986423997099
9032,0.5394818591964929
9033,0.13929373068670065
9034,0.5101487555401358
9035,0.31636677404763436
9036,0.9216121974592776
9037,0.967395328562343
9038,0.20771167976558208
9039,0.011740247832944835
9040,0.2513695552866176
9041,0.9714006338486759
9042,0.14080735549549284
9043,0.06086663883392227
9044,0.16937039222410732
9045,0.6853943625343892
9046,0.4490089174057259
9047,0.1605973912029437
9048,0.04740370867553343
9049,0.014932445294218862
9050,0.9560590778800885
9051,0.48718381296746915
9052,0.1277768546206341
9053,0.0778634838951019
9054,0.49905907747780853
9055,0.019947586367806174
9056,0.48237145677766624
9057,0.40345234170469724
9058,0.0317414118607892
9059,0.10546718969437054
9060,0.37206792167229996
9061,0.34645749927688974
9062,0.010742237290516796
9063,0.6811566238762032
9064,0.24388077030810376
9065,0.9017353207707915
9066,0.3987170309253831
9067,0.379690051766871
9068,0.5749692077798456
9069,0.18638691754125353
9070,0.9927906939080546
9071,0.017142625331972534
9072,0.9373862206173385
9073,0.15487571197599936
9074,0.5624125742957607
9075,0.026104681768180708
9076,0.11049594610361606
9077,0.015270686562823363
9078,0.31112289814001615
9079,0.031604956396834805
9080,0.34797532939801595
9081,0.047542139240526776
9082,0.2845049193354653
9083,0.0921726237343031
9084,0.27361155556636024
9085,0.6216147107896939
9086,0.18743348071141475
9087,0.11887567589371335
9088,0.7963953239683139
9089,0.06664895549077673
9090,0.8736610748557775
9091,0.19259145966716257
9092,0.9040935687483851
9093,0.16333596136304457
9094,0.08800881361015693
9095,0.6541443841842322
9096,0.9188861083456779
9097,0.40445334968839425
9098,0.02699249157724404
9099,0.5675041704792463
9100,0.2777780497478021
9101,0.9455452246997997
9102,0.21714343814178919
9103,0.5735296009575581
9104,0.15912940407111026
9105,0.9185173089708375
9106,0.9025085208479859
9107,0.17533366082442015
9108,0.5539709120309789
9109,0.3265861541133637
9110,0.19792611757983422
9111,0.7022735437548182
9112,0.3028444739432641
9113,0.7792228251748302
9114,0.5084529769176374
9115,0.1677441229696008
9116,0.8581648217346903
9117,0.20872079246035027
9118,0.6091129917549598
9119,0.18808338066931246
9120,0.5092300588616259
9121,0.25909384798736684
9122,0.5801981363442035
9123,0.25787079090792103
9124,0.03506503563584146
9125,0.023770493335064004
9126,0.29984874203712697
9127,0.7004092649117037
9128,0.4969039592687103
9129,0.8362550268184903
9130,0.1505629546026493
9131,0.756937578263167
9132,0.976385935251022
9133,0.042787769780182644
9134,0.12338528884355747
9135,0.8921358170761535
9136,0.09098660870865243
9137,0.052379210717287204
9138,0.40619818384579276
9139,0.07640363850475738
9140,0.05443832230212779
9141,0.7571025461451029
9142,0.03286548638005305
9143,0.6671330964759644
9144,0.9656878529875069
9145,0.41195289377681593
9146,0.17223866171089788
9147,0.027221967951970242
9148,0.6934161841713087
9149,0.22983628463964365
9150,0.24443222218954444
9151,0.8021744262495182
9152,0.8654725183820288
9153,0.6021597951672114
9154,0.32912856183067113
9155,0.008709767541345961
9156,0.4802071596285449
9157,0.06847397013634665
9158,0.6493602825451955
9159,0.07227525037130282
9160,0.6946653629858276
9161,0.04868314936276499
9162,0.12619864433157157
9163,0.08726313024539718
9164,0.8987660552487416
9165,0.6334458809485883
9166,0.7755132561206215
9167,0.8281811354213832
9168,0.6620196777771717
9169,0.5924725755228347
9170,0.1630233313909641
9171,0.30334530846904745
9172,0.11889309689332779
9173,0.07290947699495925
9174,0.2811285330514106
9175,0.9353484522096446
9176,0.3444208108219294
9177,0.5330621789595645
9178,0.1802807292011161
9179,0.814808938261828
9180,0.08486247303109845
9181,0.01666349248794615
9182,0.5083688733093864
9183,0.07769045409623598
9184,0.48236896343211727
9185,0.35277473829251904
9186,0.2833727418357993
9187,0.046696402375999584
9188,0.6176895829396334
9189,0.27187857789179626
9190,0.024254332140571336
9191,0.3835626443598145
9192,0.2613097242922728
9193,0.043529624441307584
9194,0.09945743175157781
9195,0.745552980949129
9196,0.946912281925407
9197,0.085378268937455
9198,0.7587161687742401
9199,0.7754171039831875
9200,0.416534021348208
9201,0.1303776788835489
9202,0.2556345750981102
9203,0.3104842410076737
9204,0.681929204374445
9205,0.01978607925027815
9206,0.07695449829084226
9207,0.30034785664208435
9208,0.0869288410253664
9209,0.37977034108546354
9210,0.15789184829380756
9211,0.03540234288631256
9212,0.02247789061056035
9213,0.16761003651469392
9214,0.6523750670523725
9215,0.07769693448903355
9216,0.3935148360614856
9217,0.17123358950967352
9218,0.3159839926106256
9219,0.01581523145601331
9220,0.7672513807420601
9221,0.1488817566061503
9222,0.18824751705185613
9223,0.31287464706511225
9224,0.3083249525994616
9225,0.8970979307407011
9226,0.1362065946088013
9227,0.8794245194778539
9228,0.17284256095820405
9229,0.9077681791764545
9230,0.750039686438761
9231,0.7535896412497517
9232,0.13052503878088123
9233,0.393083692913942
9234,0.9281341169593552
9235,0.06957163428879608
9236,0.6229598430138211
9237,0.12494223387300218
9238,0.11842733446711444
9239,0.0414887075297368
9240,0.6853198265699025
9241,0.8709742115389478
9242,0.3112837032092316
9243,0.40957924714490845
9244,0.07558776301033171
9245,0.007262992957187318
9246,0.23694401426125639
9247,0.014346988203952015
9248,0.677385994330708
9249,0.032051917460763905
9250,0.06793615966458003
9251,0.9115758825306715
9252,0.016871673825085982
9253,0.35773592312803904
9254,0.634997278581331
9255,0.18052847426408436
9256,0.3547780826817977
9257,0.9858728793741007
9258,0.01224388914849273
9259,0.08097612708523631
9260,0.28488052119120505
9261,0.971816161714489
9262,0.10063516100479944
9263,0.5333666187442316
9264,0.022170282206490824
9265,0.19010121177865086
9266,0.5706639654924635
9267,0.35726461913948976
9268,0.16725797828963607
9269,0.910365786480465
9270,0.9832598026837197
9271,0.01883990928317276
9272,0.011499129717311882
9273,0.14362158524413507
9274,0.6416844808086243
9275,0.9417489373988589
9276,0.0319075589682771
9277,0.17461331116643453
9278,0.3669396715190455
9279,0.6633341507990256
9280,0.6126884398117961
9281,0.9045041648391747
9282,0.08065626310762482
9283,0.22825591986203556
9284,0.734448426396622
9285,0.01045312745200651
9286,0.018772822168798435
9287,0.018720957609401283
9288,0.08296648920085169
9289,0.18256626596751652
9290,0.9616023211467979
9291,0.8146512553086471
9292,0.38633346858447865
9293,0.2101442236654155
9294,0.24045870162888014
9295,0.2520882613953514
9296,0.11993051015429176
9297,0.037031862636987635
9298,0.29815382513156113
9299,0.1688279261201893
9300,0.8142342400032683
9301,0.6820576432250716
9302,0.13112390685640363
9303,0.6200061141585727
9304,0.019631719422356465
9305,0.007578555170903026
9306,0.2570319351999798
9307,0.8049220832410438
9308,0.27196595815579144
9309,0.12729994842741144
9310,0.38426073553449
9311,0.5972664072999715
9312,0.04224694757477442
9313,0.3324882699513243
9314,0.1692551451167786
9315,0.060046752150571946
9316,0.9726051093300777
9317,0.652208747447059
9318,0.3899164005236582
9319,0.1486439265589429
9320,0.2948418687233011
9321,0.4100400571215565
9322,0.04571001974620041
9323,0.16923529975154
9324,0.05199066886861759
9325,0.09410645069292796
9326,0.7366997230361988
9327,0.036547804874976796
9328,0.08271441865713654
9329,0.03832539327625577
9330,0.8513840784947905
9331,0.11312582214528241
9332,0.7390801885417441
9333,0.10115654236434063
9334,0.1490643023492613
9335,0.3257199760837817
9336,0.9021882718075923
9337,0.17289463241809067
9338,0.3427931808402094
9339,0.4520575009876611
9340,0.07552909608554598
9341,0.48067456997225977
9342,0.4273079806972858
9343,0.06955757140907647
9344,0.12478716462358741
9345,0.1935284213826348
9346,0.09092185795308343
9347,0.9637985993798982
9348,0.9713661783992963
9349,0.015751035470301076
9350,0.48551337553221496
9351,0.25833864014096003
9352,0.06351940063097854
9353,0.41922758071622696
9354,0.7812737839509377
9355,0.027203956098183817
9356,0.11712046569989729
9357,0.11239312714172617
9358,0.2931690529976997
9359,0.4668491970463251
9360,0.5164039783724169
9361,0.3169105451439335
9362,0.15841570743548194
9363,0.8856855938985707
9364,0.9781866250146191
9365,0.09702761961547328
9366,0.010845390864116958
9367,0.6496189567702355
9368,0.6378028860202754
9369,0.9275648529539036
9370,0.6873655182534253
9371,0.6507182919563251
9372,0.03954271121976036
9373,0.03169327420978995
9374,0.5473054845868116
9375,0.46268496661668346
9376,0.8402123949601733
9377,0.9854002598973272
9378,0.005154284895587189
9379,0.11852509806645271
9380,0.97945984259065
9381,0.10347399709636311
9382,0.29013724385938117
9383,0.8038964783949353
9384,0.010757123473813614
9385,0.8514789742837217
9386,0.9638267188440062
9387,0.8797692708065568
9388,0.3619801589135874
9389,0.24612708881048914
9390,0.9379216805886044
9391,0.6907060841901794
9392,0.9033579314252914
9393,0.011427575640639407
9394,0.23569956553592053
9395,0.4833254394978097
9396,0.8894620799786573
9397,0.17772278901593108
9398,0.8688778584870714
9399,0.05285650365113861
9400,0.987522038306524
9401,0.24969771161535328
9402,0.5373911089815144
9403,0.9159376789296569
9404,0.33706626608284657
9405,0.20413621668611326
9406,0.7168644708144056
9407,0.7269420441430932
9408,0.24459150589717998
9409,0.1269259884707319
9410,0.1196227075596258
9411,0.022626798732011684
9412,0.43214355431060475
9413,0.05077295280393243
9414,0.4400250086329373
9415,0.24209733392605964
9416,0.43054023584959333
9417,0.21622464483993428
9418,0.01798428407414392
9419,0.4765997376538427
9420,0.27481673173583165
9421,0.04974478363715626
9422,0.9468870825782982
9423,0.6692975988294865
9424,0.20085876704900435
9425,0.448329454360215
9426,0.054351061183208704
9427,0.6329455626087882
9428,0.5024836593125995
9429,0.9694464867006799
9430,0.7317331522916677
9431,0.9376573449883724
9432,0.3937292685061491
9433,0.8445695902386137
9434,0.07904414232748565
9435,0.13159129189941635
9436,0.7126261852381663
9437,0.722658743858439
9438,0.1154119517786184
9439,0.44870841124929
9440,0.7217991957806288
9441,0.1258725386959439
9442,0.39388679673983445
9443,0.1177731504841976
9444,0.10001443996614919
9445,0.43077025044498796
9446,0.006458734319229958
9447,0.1863307754152641
9448,0.01881835401363759
9449,0.7691882342968216
9450,0.7729272143976743
9451,0.5385099137585411
9452,0.8032087056161994
9453,0.01224831259778829
9454,0.5936251864462035
9455,0.965367956150289
9456,0.5997949135837737
9457,0.35591967692817805
9458,0.11968230841683382
9459,0.6749800352546432
9460,0.8969408968145716
9461,0.018969036321861272
9462,0.7502152595386675
9463,0.42927601647476404
9464,0.1681217829312221
9465,0.09049247737560037
9466,0.4100099617119189
9467,0.14895311917182444
9468,0.15280460464435458
9469,0.8115142034035047
9470,0.21060483665158902
9471,0.44093024993688273
9472,0.7395566356070405
9473,0.6293708422384835
9474,0.6224598413368341
9475,0.9439698995768878
9476,0.1346393019837426
9477,0.05353217752893277
9478,0.02765378274027593
9479,0.12808871055698806
9480,0.792956659698481
9481,0.5811101977202778
9482,0.938031630043687
9483,0.5845210514792407
9484,0.8815228729411089
9485,0.5554481464287537
9486,0.8595237340558752
9487,0.0383899734260362
9488,0.9383338069713522
9489,0.6173065969462557
9490,0.8124858911957928
9491,0.12075980738255755
9492,0.513118277866842
9493,0.266369962241152
9494,0.10423976453289859
9495,0.2410055974539475
9496,0.7887128952504665
9497,0.183294293080143
9498,0.1833596331753002
9499,0.12088549878212952
9500,0.4712627663011478
9501,0.34608084065303113
9502,0.42886296670617174
9503,0.2408251885865896
9504,0.8521758869750884
9505,0.6061994348967122
