respondent_id,covid_vaccine
4757,0.33373973647045674
4758,0.30390518247798814
4759,0.3971200180330864
4760,0.25560334336643376
4761,0.14939321021247817
4762,0.7742180894211299
4763,0.5537778060066527
4764,0.8798874424842833
4765,0.9047246500209046
4766,0.3531283118756858
4767,0.3202669616934129
4768,0.9511220797558926
4769,0.7907833372187909
4770,0.28505828479585904
4771,0.2856132979942402
4772,0.460009105321012
4773,0.23856292099535326
4774,0.5142964666071669
4775,0.46972626390918293
4776,0.3674685766843574
4777,0.29378551432861005
4778,0.4435326558652538
4779,0.45620752356949873
4780,0.978957866150307
4781,0.017588076119365133
4782,0.15927019334344836
4783,0.6470132158045243
4784,0.19533997318199361
4785,0.29157574262728175
4786,0.815277720611043
4787,0.4314110304832554
4788,0.1807951038460671
4789,0.3674883816323706
4790,0.9698109828723813
4791,0.18882620147968882
4792,0.03415649765681568
4793,0.606236873112145
4794,0.9027266255500895
4795,0.0937577607756238
4796,0.12292957251493108
4797,0.45293915873724144
4798,0.8887735333906938
4799,0.17757674584942998
4800,0.08493069434912605
4801,0.1340648067925062
4802,0.3694755568075087
4803,0.06555040359664935
4804,0.5738982307655748
4805,0.14695186088273643
4806,0.17301541334044823
4807,0.08466032646048295
4808,0.5223357067409751
4809,0.5376021745858742
4810,0.659839918532934
4811,0.8502966476391148
4812,0.1942671804898554
4813,0.3247150373103965
4814,0.47600492872268574
4815,0.15078371591902195
4816,0.8397292388990115
4817,0.4701181603912519
4818,0.0839417647449894
4819,0.07151584056247733
4820,0.6485967436124054
4821,0.8025687926946283
4822,0.5719432401629221
4823,0.7138309494538118
4824,0.4921383244694168
4825,0.12496012124029342
4826,0.13201930991942123
4827,0.9491056196226672
4828,0.1418874344940523
4829,0.9260619525997145
4830,0.46796009238237607
4831,0.25843343886427733
4832,0.3805664509177782
4833,0.06234878310743404
4834,0.8899217626000334
4835,0.8229573983398034
4836,0.24161693093127004
4837,0.6583567241208322
4838,0.3977361065176707
4839,0.16571362337760387
4840,0.45247100142959945
4841,0.6066405732504538
4842,0.767381884016455
4843,0.05395590132391905
4844,0.22303267364036203
4845,0.07413789453628403
4846,0.34282499696786717
4847,0.11518054961287845
4848,0.10762482729647492
4849,0.5502167132174973
4850,0.14635843874347523
4851,0.3297140892083293
4852,0.2583578094125233
4853,0.1799064809705578
4854,0.821134472802629
4855,0.526854667021363
4856,0.5112995880379285
4857,0.2064168057348599
4858,0.8015398132565701
4859,0.08203460783963372
4860,0.1743393875040166
4861,0.06787747137479563
4862,0.32247573779924454
4863,0.158070872722464
4864,0.15926371782560778
4865,0.4899574957933731
4866,0.2872247543432576
4867,0.2912677744737566
4868,0.13371088317523844
4869,0.09587460739901599
4870,0.12165321722407026
4871,0.37659767688818635
4872,0.28677487951054564
4873,0.17871699190724263
4874,0.16615249396582293
4875,0.5583491338654885
4876,0.10104529725088968
4877,0.10343536164093164
4878,0.8020559222980072
4879,0.7777619299747432
4880,0.14780913920013422
4881,0.6495791567272924
4882,0.4660934239944443
4883,0.14058326471289923
4884,0.09729648336560086
4885,0.36958423505847154
4886,0.16318364509168454
4887,0.7273324990658546
4888,0.6536710587414112
4889,0.09015753876461721
4890,0.08861849155655514
4891,0.18149566161006275
4892,0.2712897152916442
4893,0.05248655976642451
4894,0.8638959333477787
4895,0.1980090077121838
4896,0.7895224129086608
4897,0.9649017136970982
4898,0.6837397541855923
4899,0.31117052094468883
4900,0.08732546114025869
4901,0.26286266601234476
4902,0.5190304477931154
4903,0.2479563627135746
4904,0.9652805810913557
4905,0.28378850133170597
4906,0.055227809727542515
4907,0.809181292551162
4908,0.5610672120795173
4909,0.5992968057196629
4910,0.30952787170646295
4911,0.42879924933707436
4912,0.06065802425406556
4913,0.9086343031099534
4914,0.11744638090986566
4915,0.8079544493499298
4916,0.2613942793497086
4917,0.12963572412606653
4918,0.3011064083508252
4919,0.08917430289858158
4920,0.4459765651282868
4921,0.6748355990081035
4922,0.11033879153588831
4923,0.574788793921712
4924,0.20853046393655061
4925,0.15709664938459392
4926,0.1117886069535287
4927,0.3697051548867831
4928,0.34143915254154045
4929,0.722463721091985
4930,0.2551217168532962
4931,0.8493981342863246
4932,0.2123098855422118
4933,0.9002196681087832
4934,0.17916695097220062
4935,0.3876370262678593
4936,0.3788297303747926
4937,0.3040192529379903
4938,0.9484404472018341
4939,0.1352234470066775
4940,0.5534717085054277
4941,0.8076847779747198
4942,0.8558649968113933
4943,0.5842574510624629
4944,0.11037572353802659
4945,0.9237616583796593
4946,0.49587541811681174
4947,0.7791132632875802
4948,0.2976859685154441
4949,0.38911339876797674
4950,0.49964252966397465
4951,0.15910956962147854
4952,0.19866913358503754
4953,0.3253042109566577
4954,0.41505863424108136
4955,0.12617397342463532
4956,0.34147727054776833
4957,0.9617156440910791
4958,0.44903961722700336
4959,0.09022926085334688
4960,0.4990258692548974
4961,0.7994530784002659
4962,0.5784645976070198
4963,0.5431325233026795
4964,0.6978221215162259
4965,0.557680626040498
4966,0.15094109138065478
4967,0.0604519125271828
4968,0.5626037435387538
4969,0.5337535838188895
4970,0.49037394561650305
4971,0.897905589082358
4972,0.749039687188219
4973,0.5051906374498525
4974,0.06534355484873867
4975,0.17507824308086944
4976,0.7832456737542398
4977,0.04416982436533275
4978,0.9134764037133319
4979,0.674650770949695
4980,0.16566899476712726
4981,0.40221421084675074
4982,0.533674237769283
4983,0.17132624423856976
4984,0.4854435002652346
4985,0.5408621300081912
4986,0.5264312408486733
4987,0.37766101853771644
4988,0.9346609212895398
4989,0.16868893419238687
4990,0.2661613224642457
4991,0.4021953185699179
4992,0.11688254442795562
4993,0.7558584097397025
4994,0.6317215753584078
4995,0.4147981905770641
4996,0.25211394698266293
4997,0.6501409555861455
4998,0.4722131411425858
4999,0.5935703157689658
5000,0.5378205808459705
5001,0.2980145273432263
5002,0.1632766499984269
5003,0.5409905732344704
5004,0.9168673639451734
5005,0.06356414010549981
5006,0.2013168760146161
5007,0.846641742764374
5008,0.10641113446487235
5009,0.2137445963873496
5010,0.11868774067670056
5011,0.5385122361939114
5012,0.3298719549460886
5013,0.28851371761244166
5014,0.0739675875802553
5015,0.08786000593926403
5016,0.24069278107469635
5017,0.7028552711121977
5018,0.9613500868295124
5019,0.0832358849417813
5020,0.3323739619654525
5021,0.46060868552273176
5022,0.883232545814279
5023,0.925700992167382
5024,0.20215795788181792
5025,0.2331786569031274
5026,0.24097290575601352
5027,0.5728190498350965
5028,0.18339633046313197
5029,0.013712247794503814
5030,0.8223618629588595
5031,0.5489561013912966
5032,0.41177156706668483
5033,0.260080731604157
5034,0.9034833806793948
5035,0.16596873392249858
5036,0.29134558846101866
5037,0.6358312220739347
5038,0.36558183256475985
5039,0.4004730561484891
5040,0.6526199082881337
5041,0.22011352197758705
5042,0.7178216512050527
5043,0.9233134443898464
5044,0.8707470734005633
5045,0.41140228430518844
5046,0.5532757184367949
5047,0.41105854736579606
5048,0.23658813364625966
5049,0.373113966147348
5050,0.2549180288463127
5051,0.8067205120347684
5052,0.9114310853780107
5053,0.057650217116848645
5054,0.32513445283820663
5055,0.3903545501365019
5056,0.3042923254932875
5057,0.24541230425620736
5058,0.4498395883236491
5059,0.8194316126023454
5060,0.7177862782994516
5061,0.11157936857312262
5062,0.2049716957317944
5063,0.17822357620841545
5064,0.22906785118520331
5065,0.03247967576534684
5066,0.797183221334037
5067,0.9274959425909617
5068,0.13778157821054332
5069,0.4168221332706291
5070,0.611464834462496
5071,0.5172933607079155
5072,0.7720403928837132
5073,0.12215166392034196
5074,0.9132695832544448
5075,0.9464408242927006
5076,0.4462638389277093
5077,0.5131392881805852
5078,0.1218202314667646
5079,0.9137659185066472
5080,0.17292539599949805
5081,0.3451878830127407
5082,0.06736114112702454
5083,0.8766823609929958
5084,0.8471370103049244
5085,0.2989576530635274
5086,0.6930522548797133
5087,0.08428088750833207
5088,0.4872935815796606
5089,0.8890213326050119
5090,0.035350160788846244
5091,0.1276771808061095
5092,0.2682248597604294
5093,0.23426010081887982
5094,0.649414353651269
5095,0.05425738976560504
5096,0.1459816119679801
5097,0.2069538099673472
5098,0.905493291759383
5099,0.22381186824939422
5100,0.2089351193152202
5101,0.17198826961149394
5102,0.7207508683988065
5103,0.13605908174007353
5104,0.07397825265201304
5105,0.24673410807681967
5106,0.4142332530344447
5107,0.895722237074223
5108,0.5449261058963607
5109,0.5021061808701228
5110,0.6697881845613136
5111,0.545794232662346
5112,0.3167959633271633
5113,0.8214108600611488
5114,0.13581707569579637
5115,0.4140039884017963
5116,0.2489608721680445
5117,0.28301787189974914
5118,0.39429973226355897
5119,0.5838814231453341
5120,0.7508165791368592
5121,0.5818671580876026
5122,0.3220237747057479
5123,0.4099574849201599
5124,0.2425974045745288
5125,0.1609795736629601
5126,0.15455013855980682
5127,0.6198426351082106
5128,0.28216062551173066
5129,0.19244442854627558
5130,0.5799999590665157
5131,0.6073291245975181
5132,0.030298299383668372
5133,0.25035148288716674
5134,0.25469470130360977
5135,0.346513788690923
5136,0.62529903596676
5137,0.8934548296014846
5138,0.7188319096745578
5139,0.9334412721127708
5140,0.8936394581433172
5141,0.849361155007156
5142,0.14650151744067866
5143,0.049488668425170225
5144,0.3106326964053926
5145,0.6171180961100757
5146,0.15565536445559672
5147,0.2500539921056971
5148,0.31579226818633843
5149,0.9030559400806771
5150,0.1404462181314918
5151,0.6901061564814643
5152,0.9250140820355811
5153,0.2981742841259127
5154,0.8949233016542336
5155,0.7056488249095062
5156,0.9813116619860732
5157,0.00962542148203022
5158,0.6122836137905586
5159,0.5537688004657819
5160,0.9729973565017558
5161,0.20318374847118276
5162,0.8338967507994214
5163,0.5660039032825263
5164,0.8275526021952611
5165,0.9310201450748509
5166,0.07989783119414876
5167,0.05466410075702202
5168,0.4320290391164908
5169,0.19886546058974866
5170,0.7287625732764439
5171,0.3934937127309896
5172,0.5842532203491194
5173,0.21771908081172528
5174,0.5852513619968993
5175,0.7003222272219919
5176,0.5428354475428446
5177,0.8723874318456604
5178,0.6204579223647175
5179,0.7018091202360838
5180,0.314486106747467
5181,0.096920304219588
5182,0.649871933731505
5183,0.22881684087603035
5184,0.13004719125930325
5185,0.30906783761921497
5186,0.9183450973214445
5187,0.6517090159940259
5188,0.34291866269694316
5189,0.19927932932437842
5190,0.38496833976977074
5191,0.23297670814378588
5192,0.5480988112718955
5193,0.94186912612869
5194,0.35597977237007944
5195,0.2870704208279482
5196,0.14570907235249062
5197,0.08984240178067995
5198,0.23953371978728202
5199,0.03175001767260438
5200,0.19550101205077502
5201,0.32368879106382875
5202,0.957173946440593
5203,0.34010778130399744
5204,0.47941584859489
5205,0.18039372654525077
5206,0.1123698029219139
5207,0.09998360761273754
5208,0.3064519123654223
5209,0.2260919007174984
5210,0.5439085970676611
5211,0.12442567289299879
5212,0.20551748471416167
5213,0.3677114110447934
5214,0.3167197300664169
5215,0.7082598023520172
5216,0.06832543617467159
5217,0.29672558747408534
5218,0.7943041199592503
5219,0.3620308950272357
5220,0.8674492916717003
5221,0.2848036435963687
5222,0.9565061248284812
5223,0.1574759763270257
5224,0.3705459597628742
5225,0.31684327118212996
5226,0.9494790708468388
5227,0.531016271819423
5228,0.0531675176073943
5229,0.5201953795093237
5230,0.8802726490451181
5231,0.49523275648262644
5232,0.4353918546352609
5233,0.26199595439098405
5234,0.4922309003101954
5235,0.18254983475096667
5236,0.3095465573753264
5237,0.16700625915953354
5238,0.7960260899920425
5239,0.03763442904158405
5240,0.9617285084908129
5241,0.021510065138583678
5242,0.6262457530970185
5243,0.7586565361264082
5244,0.5808918405022179
5245,0.19316166634616297
5246,0.9454778462397969
5247,0.29930152526992043
5248,0.21592367330868772
5249,0.19916996537786139
5250,0.786022765753583
5251,0.8731427850184759
5252,0.9141537939666675
5253,0.19429310182539924
5254,0.6640588651315358
5255,0.41212977363058734
5256,0.5273810904669001
5257,0.20982305087836817
5258,0.8694993040773898
5259,0.5510131967279578
5260,0.9442882686314309
5261,0.5272382360679065
5262,0.39357236294465325
5263,0.6475834300386979
5264,0.36725560674228275
5265,0.9789653865271266
5266,0.4633506442026446
5267,0.13865709672376567
5268,0.728685239042568
5269,0.12122140677444349
5270,0.49664732449765314
5271,0.1980757380071143
5272,0.08623649340586073
5273,0.2615088713816401
5274,0.21314573631383435
5275,0.39391648278130614
5276,0.6598299814865158
5277,0.19623038286634517
5278,0.5596036132560541
5279,0.02467364756266614
5280,0.961187566754717
5281,0.9197979228457354
5282,0.017898462310309494
5283,0.43156674939034845
5284,0.05647370494673591
5285,0.4542257605386811
5286,0.10647719760039433
5287,0.9455445758700324
5288,0.0775904019202766
5289,0.2799812434003942
5290,0.024126310618488498
5291,0.8817065859558962
5292,0.43678232126346417
5293,0.424532181499006
5294,0.2203140907951327
5295,0.2190452123829568
5296,0.9300752317303642
5297,0.7194414299671408
5298,0.8121178034202131
5299,0.17574349623950603
5300,0.24772426703647607
5301,0.15991067840074605
5302,0.3294873688238683
5303,0.29405500220864494
5304,0.5279990183100621
5305,0.1688303456164358
5306,0.44526768071123624
5307,0.7113655789934104
5308,0.6072400730632346
5309,0.9441222296377934
5310,0.1698241495178414
5311,0.2190658822848695
5312,0.6997853520778967
5313,0.10915313030079352
5314,0.8297295649979648
5315,0.11827218729054338
5316,0.9794199466874827
5317,0.10009061584099216
5318,0.4334158337865971
5319,0.33750751107245786
5320,0.5665490504584885
5321,0.3970069068050757
5322,0.28690246445926365
5323,0.24312216675915532
5324,0.07922413602379019
5325,0.9277790958633675
5326,0.5671564896998718
5327,0.10925747024055568
5328,0.9600375830887549
5329,0.8873520526143943
5330,0.3627077464200766
5331,0.7739631603696341
5332,0.9347315336997435
5333,0.24895021874059395
5334,0.5898284204577948
5335,0.3562838502507899
5336,0.12006631425801759
5337,0.9346164460337365
5338,0.5469362301602481
5339,0.24403058871073954
5340,0.3668646804563711
5341,0.07748995459767494
5342,0.2451970291319235
5343,0.31214593521794165
5344,0.8824620674807374
5345,0.960246814213969
5346,0.9117942729698827
5347,0.035832908960380966
5348,0.14472349985877567
5349,0.3299346979524083
5350,0.6879698885028057
5351,0.40056826273921786
5352,0.2009702192061526
5353,0.8626808654507344
5354,0.42357737130224205
5355,0.9529450595137099
5356,0.567150740017854
5357,0.07794339900577561
5358,0.4028455667533593
5359,0.830172293810022
5360,0.17395759782286085
5361,0.910618211329602
5362,0.03399538451868061
5363,0.5378550587001361
5364,0.22994025861252065
5365,0.5304688128842822
5366,0.77711972700784
5367,0.10975630058768614
5368,0.7057865657472748
5369,0.01708784411455445
5370,0.24250029432442666
5371,0.009877101026992144
5372,0.2438693714307419
5373,0.25885308963624903
5374,0.27783945760760986
5375,0.5318820679752215
5376,0.8089389670034355
5377,0.7735661048273152
5378,0.7503893222901503
5379,0.8825532529799082
5380,0.26772162318353365
5381,0.4145027599048259
5382,0.2337139768070878
5383,0.5383326032035595
5384,0.20613548469509013
5385,0.3821510403645072
5386,0.1732323502462642
5387,0.9483529623337488
5388,0.6278552622379894
5389,0.10454270528728239
5390,0.21192989397614134
5391,0.057861353757786754
5392,0.38199905412227053
5393,0.469372174193332
5394,0.20308633801512446
5395,0.32618661031383905
5396,0.5010017912699977
5397,0.6646399205167143
5398,0.4633458147867972
5399,0.5843477834478528
5400,0.9519336818652401
5401,0.30981027367728725
5402,0.5153930438017609
5403,0.129091761162349
5404,0.36431326438011546
5405,0.93294539654392
5406,0.8981161875284385
5407,0.9651949104332505
5408,0.9372366972238063
5409,0.13386355796698474
5410,0.1983805624285369
5411,0.6911280789560644
5412,0.4609940108793147
5413,0.18735803475422003
5414,0.3246082199930457
5415,0.1886476372080911
5416,0.14719819419841837
5417,0.33385735641505204
5418,0.25538744735317376
5419,0.4683045754160661
5420,0.2971389981823206
5421,0.3280684530353316
5422,0.3227358098102761
5423,0.20989957534103076
5424,0.8114098916837037
5425,0.8868097764828822
5426,0.1415820851248084
5427,0.3133030724960589
5428,0.956690876215764
5429,0.43832404808841935
5430,0.6968262724797392
5431,0.4556728325131157
5432,0.44224033756875214
5433,0.7223744948083898
5434,0.6258595994102352
5435,0.6516944471032204
5436,0.029119407893226517
5437,0.07020643835479784
5438,0.32183779719794353
5439,0.13123702217992897
5440,0.9571023714889468
5441,0.16286824477203463
5442,0.1503090195883922
5443,0.38452771090178944
5444,0.7028456896715177
5445,0.9341548488887391
5446,0.8261294120481989
5447,0.2505461768345398
5448,0.690130590775003
5449,0.19916498643775332
5450,0.4993142407781199
5451,0.05258785485339607
5452,0.7782961611747825
5453,0.10199848704422998
5454,0.42452524360675736
5455,0.7615651927983618
5456,0.5797448763718693
5457,0.6223948203550239
5458,0.37575984225859027
5459,0.493510225587966
5460,0.7858516524180247
5461,0.0373235144995954
5462,0.62013292540932
5463,0.12555393564632492
5464,0.0423908930226146
5465,0.5128813632952989
5466,0.17839840937121562
5467,0.26201795618600027
5468,0.30089048362414683
5469,0.7069806045615782
5470,0.18581709798798807
5471,0.3182539059697459
5472,0.48854054757378657
5473,0.9090347482065935
5474,0.17870333633378094
5475,0.9398047744171346
5476,0.14138149840982545
5477,0.9404363689443506
5478,0.3278988783962461
5479,0.13942526325181548
5480,0.06807886757472023
5481,0.938942515300205
5482,0.7359287271446204
5483,0.11593714597238795
5484,0.10605919395267784
5485,0.5526588101462473
5486,0.0494087883678353
5487,0.5328702180195992
5488,0.2654667006547609
5489,0.44377480596806584
5490,0.7876913727257409
5491,0.034677233209629704
5492,0.6187768470286569
5493,0.09773739785590871
5494,0.6699901481547251
5495,0.3665827190742229
5496,0.8248462087288665
5497,0.3420281903495924
5498,0.566605150838279
5499,0.2671842115062688
5500,0.26171601442199594
5501,0.6368026365758062
5502,0.8015610533415024
5503,0.5409525340227465
5504,0.7450914554060195
5505,0.08245460611228254
5506,0.13145656950511336
5507,0.20127851672856617
5508,0.6014676955465366
5509,0.03177669157296885
5510,0.5169542806348729
5511,0.9048249608999446
5512,0.35960011512316564
5513,0.5429884036031741
5514,0.2844681803303435
5515,0.7671812448605939
5516,0.28101874351703254
5517,0.41137124334026404
5518,0.8923018988112168
5519,0.8512509100688973
5520,0.6570027823656659
5521,0.8287419968608167
5522,0.25711869706369256
5523,0.2131567110041271
5524,0.8669972606789799
5525,0.36582671704141473
5526,0.14210340534487415
5527,0.07888527182490587
5528,0.46997881223138643
5529,0.6118920779972946
5530,0.08775846895460347
5531,0.3096409983202261
5532,0.3495274970500701
5533,0.7492147954126545
5534,0.13378691270926088
5535,0.43316322077421515
5536,0.83459986928233
5537,0.0888451946530158
5538,0.2508246629170921
5539,0.29217537104386015
5540,0.7277137091861517
5541,0.04942297803068802
5542,0.3578650216779716
5543,0.9044488319429261
5544,0.7717726286400455
5545,0.5258114733529464
5546,0.8730393258082368
5547,0.156839588531291
5548,0.7130708008858851
5549,0.3231831236709494
5550,0.2940327710644716
5551,0.3416027422376684
5552,0.42597194078964645
5553,0.38488147473920237
5554,0.028525223402282435
5555,0.6085936954531443
5556,0.2078351413054492
5557,0.7874018532592323
5558,0.9236629538804941
5559,0.499843941029454
5560,0.322031961472442
5561,0.719084504321469
5562,0.8120861455351343
5563,0.6787885388435215
5564,0.9166765530892901
5565,0.5369153772897867
5566,0.1551454459287398
5567,0.7600181385023176
5568,0.8665791149860972
5569,0.9062610587310611
5570,0.7852048882191405
5571,0.2143621474347109
5572,0.2829126693063088
5573,0.4937827741949996
5574,0.16097284883749785
5575,0.16166425294901418
5576,0.21356806935428685
5577,0.27198827492020367
5578,0.544860046231459
5579,0.017985981203209288
5580,0.716396079170171
5581,0.2484000281667564
5582,0.6175595896610153
5583,0.49644549449849407
5584,0.1851774452836109
5585,0.6971538410556917
5586,0.8909930488489779
5587,0.45041920297197363
5588,0.5227599810718505
5589,0.11176998551750898
5590,0.3652765615576972
5591,0.10465462320552224
5592,0.4709189423016918
5593,0.14733562220696125
5594,0.6237070976373708
5595,0.9134435721404807
5596,0.29251856726250575
5597,0.3796520800946638
5598,0.30446742277806566
5599,0.4388250974812271
5600,0.6491170814130511
5601,0.10263035009183957
5602,0.602536250245237
5603,0.21279214400274782
5604,0.17977900197299923
5605,0.37417554636380473
5606,0.16468699421696095
5607,0.9029759138109763
5608,0.05768786352054574
5609,0.9295507651905949
5610,0.04389412242639561
5611,0.021484849125709027
5612,0.2832385929693291
5613,0.5483704633937337
5614,0.09737283207769795
5615,0.9233408720610186
5616,0.9385428723734628
5617,0.9514651752170482
5618,0.0418123712307725
5619,0.6284573969665651
5620,0.158384164627161
5621,0.6618841405321887
5622,0.9482726501139447
5623,0.42550968563920444
5624,0.39816932533391797
5625,0.6118862179412494
5626,0.5064569120294184
5627,0.8662242966980228
5628,0.05296817086148718
5629,0.5119167832953313
5630,0.4540444637979324
5631,0.22694291061814972
5632,0.93332836685539
5633,0.5283198741686986
5634,0.8239877081748294
5635,0.535989244723609
5636,0.19809405735014754
5637,0.4452281152919833
5638,0.4315853010519065
5639,0.5675354041229725
5640,0.2752561302503219
5641,0.14522981594087744
5642,0.8084055190298368
5643,0.1543211477493215
5644,0.5012737754059295
5645,0.347107763085406
5646,0.14714933232352698
5647,0.31031555878276423
5648,0.8341325735199078
5649,0.1340933768988194
5650,0.29893554390165633
5651,0.9409760247245654
5652,0.3087443436046801
5653,0.6436050237803826
5654,0.6837511831573261
5655,0.12698272923964005
5656,0.16771569643449896
5657,0.15378230616531383
5658,0.05514465437839473
5659,0.35380757911725497
5660,0.673593515634167
5661,0.2966732177333775
5662,0.2194186713340346
5663,0.3527461135785592
5664,0.41105842453838387
5665,0.854883858561184
5666,0.8865260204983588
5667,0.21590248891231156
5668,0.8992903139104493
5669,0.5345122006411781
5670,0.6946232385236387
5671,0.4438547910882645
5672,0.886782255505959
5673,0.9314848963689064
5674,0.16513305051584048
5675,0.2587388203707748
5676,0.7120519707504879
5677,0.15208432066327063
5678,0.9526807954882539
5679,0.9098748960336237
5680,0.1459083576625797
5681,0.9357740311866339
5682,0.24507834482517732
5683,0.7711768742004035
5684,0.45642937717263643
5685,0.28203592086906365
5686,0.8046578853984598
5687,0.5088434587330972
5688,0.10144496732543294
5689,0.6203977299533999
5690,0.26547575798877177
5691,0.02817782809848937
5692,0.7050755787881843
5693,0.15497812316431828
5694,0.7910037949371159
5695,0.12305634406860409
5696,0.22432016638818694
5697,0.09745669429382722
5698,0.36837063157194044
5699,0.2011142921136668
5700,0.4194170769855227
5701,0.11584252557448627
5702,0.11034021901627479
5703,0.09372648319541432
5704,0.6457598722038358
5705,0.447918153056639
5706,0.9075437029025281
5707,0.20181787218354316
5708,0.024846493865205307
5709,0.24299078598053445
5710,0.7779904852471998
5711,0.4386969051877236
5712,0.8275568592823775
5713,0.6011180130758167
5714,0.8295958246893042
5715,0.7939097348856908
5716,0.2069140543715208
5717,0.17151582727627437
5718,0.5821741982791865
5719,0.35032370986263717
5720,0.34604683941901915
5721,0.2211176368828943
5722,0.27971163220495027
5723,0.14475261101672404
5724,0.7160623125513268
5725,0.19103753948943666
5726,0.23332858585965374
5727,0.2547354602636752
5728,0.37501332365270296
5729,0.9013153395094854
5730,0.6847634265913248
5731,0.3621097734669502
5732,0.39019220669693494
5733,0.17337532951289283
5734,0.2470896379320795
5735,0.9324856150747748
5736,0.7773343568227377
5737,0.9660729302045664
5738,0.6410720269703011
5739,0.3531296754092648
5740,0.4233863790523286
5741,0.7019733394697403
5742,0.20370941094982453
5743,0.2905542036614109
5744,0.505789121768168
5745,0.1034177027562297
5746,0.3584026632114925
5747,0.5082993360381959
5748,0.04087592179964805
5749,0.35149333292602125
5750,0.1119442589472598
5751,0.026415052140730602
5752,0.7812884718780893
5753,0.1228502897045526
5754,0.8589039654487736
5755,0.5458369587450543
5756,0.5226339995460106
5757,0.09402225938407213
5758,0.9309419220433123
5759,0.1699864071576354
5760,0.05714322737207503
5761,0.8378293010112159
5762,0.5004039075077873
5763,0.5097826286503387
5764,0.9131241993958078
5765,0.2319164082796626
5766,0.6197086301883081
5767,0.40218242287478306
5768,0.546509437614442
5769,0.3252082290690207
5770,0.31407255539081963
5771,0.7254634408962403
5772,0.8799850326582465
5773,0.22228567060669446
5774,0.1388933692206443
5775,0.05287067200752174
5776,0.49095956709928373
5777,0.7096056355095793
5778,0.5630302192084913
5779,0.19472110731766606
5780,0.41898507631211124
5781,0.1743981275286796
5782,0.2911612739622006
5783,0.08625716742834515
5784,0.22137641861812501
5785,0.9504024442265346
5786,0.7995720811472418
5787,0.9148548157571259
5788,0.5462072269970445
5789,0.5290974298815313
5790,0.122862488455945
5791,0.9164915613503558
5792,0.8197916267351045
5793,0.5103086900324498
5794,0.9400233699435793
5795,0.15036490310473943
5796,0.707817550128287
5797,0.27514074760232154
5798,0.15707282730790384
5799,0.49011949768553204
5800,0.6770163615281256
5801,0.21129556896267818
5802,0.059964387227183204
5803,0.9629294395729797
5804,0.411537838023076
5805,0.8186019747669173
5806,0.08752055759595934
5807,0.9188254282686856
5808,0.9697530028995023
5809,0.44627633627239793
5810,0.9129725683124805
5811,0.19963959646107035
5812,0.4406307953020455
5813,0.21962931591948717
5814,0.20938983798994074
5815,0.10465650825165557
5816,0.5873375572554955
5817,0.2853415146378967
5818,0.07238369204234124
5819,0.29538011715465323
5820,0.3753702689582621
5821,0.953215629490321
5822,0.19161721721954633
5823,0.8911141679888672
5824,0.6579614286361423
5825,0.48007306033693525
5826,0.8105442617166742
5827,0.32824638998330524
5828,0.4577987716574342
5829,0.2028034627803812
5830,0.11482890046888931
5831,0.2712822808582195
5832,0.8684584216081498
5833,0.47946701388991303
5834,0.25996393325487804
5835,0.9444409120354068
5836,0.16544956193642896
5837,0.32617877434597725
5838,0.3782989016239989
5839,0.703318013680195
5840,0.1435230699667824
5841,0.1228879756654709
5842,0.9627417189668762
5843,0.3992614875162388
5844,0.2193513447275356
5845,0.9213973303208612
5846,0.6975762288563596
5847,0.3353501851232936
5848,0.34384718078301524
5849,0.18689523529378324
5850,0.944214371275046
5851,0.005752650973439326
5852,0.5249475621789996
5853,0.8193096812370966
5854,0.3908566926115643
5855,0.9304220215509105
5856,0.5491118310530378
5857,0.5789707561608376
5858,0.29126622856008777
5859,0.8681946432583183
5860,0.29936642205093345
5861,0.31158311214199974
5862,0.7979321812197376
5863,0.3493455086847878
5864,0.6692750772753021
5865,0.6932821003662728
5866,0.10776292707843069
5867,0.37400927479969204
5868,0.08595360295875534
5869,0.05603854411624172
5870,0.632637121088505
5871,0.0088359249661601
5872,0.5075390656803586
5873,0.16076846564982192
5874,0.40699849225646384
5875,0.616300715453431
5876,0.5301565276385901
5877,0.8295520237840565
5878,0.9381728926159781
5879,0.9467921317014888
5880,0.2935637213938513
5881,0.3360292456215276
5882,0.8957141772686076
5883,0.1624930207085817
5884,0.4313861021239151
5885,0.09735639971388564
5886,0.8672764239434607
5887,0.3399968699418484
5888,0.11081748751649419
5889,0.934463093258103
5890,0.6468035903336151
5891,0.7309695790304955
5892,0.7006090691882927
5893,0.3410297567825785
5894,0.1758486761643415
5895,0.09117484592013782
5896,0.1560766726644306
5897,0.03542993794107728
5898,0.9404866274080358
5899,0.8342263689324098
5900,0.5595034956220443
5901,0.24099650731650113
5902,0.675853370904202
5903,0.051127450037064585
5904,0.8551975739822314
5905,0.46146834673972426
5906,0.30962404522420944
5907,0.2900782298954291
5908,0.11098591834370897
5909,0.6237699749421854
5910,0.12119254268699084
5911,0.845860344424465
5912,0.3417510002681894
5913,0.8409697460928491
5914,0.6237434692391239
5915,0.2415761057900045
5916,0.12827466373683202
5917,0.5844635298515237
5918,0.476469513943917
5919,0.38667200972309757
5920,0.15427222481607772
5921,0.3028335848812805
5922,0.1509130606303352
5923,0.28781122000513293
5924,0.4650713581144208
5925,0.2619081395042925
5926,0.2267606206813744
5927,0.7406579848287307
5928,0.24568227706045068
5929,0.7627247378792373
5930,0.3522484483278282
5931,0.5934461551307217
5932,0.9232720371551116
5933,0.3158525899684585
5934,0.22751097823638583
5935,0.5723633435627417
5936,0.5708638161218244
5937,0.29241870556277544
5938,0.8306178065239751
5939,0.2598123000576624
5940,0.799836476223986
5941,0.2738581067748189
5942,0.6736815138349784
5943,0.9238641670276817
5944,0.22130961452488357
5945,0.8911630276656889
5946,0.312118042916507
5947,0.6228990210588041
5948,0.2667544179962421
5949,0.33674414762886024
5950,0.1661702445096946
5951,0.3025712778625558
5952,0.4795403223592121
5953,0.6269163681941876
5954,0.26599451621036146
5955,0.25302348202740294
5956,0.8247279228717717
5957,0.45763945294387337
5958,0.18574187051817745
5959,0.29676507436739
5960,0.930728077686943
5961,0.9188578745268757
5962,0.8967632671732703
5963,0.07179995466240935
5964,0.5778825052281403
5965,0.19347781339074202
5966,0.19881329303633738
5967,0.6095731533771502
5968,0.7140731896923663
5969,0.8254048669639696
5970,0.2198099764619726
5971,0.6502761894712341
5972,0.9304578638017962
5973,0.29020696526104856
5974,0.9515248702108671
5975,0.24372266665702008
5976,0.10920873484234243
5977,0.5070633370866938
5978,0.17956593984783034
5979,0.6798481224170453
5980,0.09575180780339926
5981,0.5510110154874949
5982,0.7076304818020674
5983,0.8895198164913946
5984,0.13749782372091743
5985,0.5057352675809924
5986,0.23398608699138151
5987,0.19085159035492172
5988,0.34941999786973627
5989,0.6351078638030035
5990,0.43672602261761584
5991,0.340739319886835
5992,0.5331315869235013
5993,0.6796250635072579
5994,0.9742335894290296
5995,0.09418518887950081
5996,0.44240693188551045
5997,0.320372608523452
5998,0.06426857388739575
5999,0.2518006361116563
6000,0.2401603433539002
6001,0.860636605236084
6002,0.0933758092217912
6003,0.11209709329862706
6004,0.6306734976643761
6005,0.1649674039925115
6006,0.5153386685630784
6007,0.053353134804830726
6008,0.5001003839120439
6009,0.7437350849421565
6010,0.5232875786607861
6011,0.648201684931171
6012,0.12422481150399757
6013,0.25976008909696163
6014,0.057352471470125455
6015,0.47040000034321355
6016,0.1987435918068037
6017,0.03416347053885371
6018,0.766108324308255
6019,0.3356700760439154
6020,0.060917242078623195
6021,0.9551067427167294
6022,0.9082515255959596
6023,0.2809871022320284
6024,0.32449751582689185
6025,0.6258693252369193
6026,0.5161271822607135
6027,0.13355314345353844
6028,0.5011875228978437
6029,0.9389346557624852
6030,0.5615111537260822
6031,0.017430424217725077
6032,0.4576962503357778
6033,0.4288993626016513
6034,0.36427930283484
6035,0.14683101864091241
6036,0.7100586720198098
6037,0.18902507898377172
6038,0.5762545623069235
6039,0.32205717333548384
6040,0.6026272030031979
6041,0.5546060794933627
6042,0.33753617261025903
6043,0.15124584094447727
6044,0.18068278159536386
6045,0.3646177903726677
6046,0.16608032975736303
6047,0.9220239108762784
6048,0.8796374220965328
6049,0.8936029498525143
6050,0.5060625031401389
6051,0.34990899337411774
6052,0.4180965068836967
6053,0.446125131948592
6054,0.3881140630061434
6055,0.19732207535457072
6056,0.07089446508420323
6057,0.5422068068232188
6058,0.21823961445358225
6059,0.7070783461418253
6060,0.9201248080352076
6061,0.11607739708302615
6062,0.47679795584506524
6063,0.1642156677269577
6064,0.6182158988228853
6065,0.6289348586183228
6066,0.5501578320390212
6067,0.09000524153277127
6068,0.39065503114785083
6069,0.9853675253754824
6070,0.18967271595613386
6071,0.17049833356096283
6072,0.6440717337156763
6073,0.23505136078416253
6074,0.5147750268677986
6075,0.9466806647641456
6076,0.03889451957180267
6077,0.9555183812956117
6078,0.26914105597852717
6079,0.3236676045697344
6080,0.20789210485846216
6081,0.07199565679282217
6082,0.12027697451850701
6083,0.8747562540767642
6084,0.053095628683708894
6085,0.40700856478754627
6086,0.9658578881597394
6087,0.44771422227909025
6088,0.36302075463853806
6089,0.3583542144147771
6090,0.4208738537769805
6091,0.15497327921482265
6092,0.29734753253298807
6093,0.07993612549520727
6094,0.20727042598541126
6095,0.03266107154212879
6096,0.22637941432053907
6097,0.5235829123695196
6098,0.6457942247528651
6099,0.685753684726603
6100,0.18586824700246826
6101,0.4086027374875941
6102,0.6034915265457829
6103,0.13369785650591462
6104,0.9183903464477278
6105,0.9355136126664951
6106,0.8535181615760521
6107,0.08005656086116553
6108,0.4608052871962452
6109,0.4419498286440788
6110,0.5839235770050883
6111,0.6753014230949248
6112,0.042102384867069895
6113,0.09079274430947402
6114,0.8629897596999985
6115,0.152882405220855
6116,0.522194177866117
6117,0.07054559624865708
6118,0.1329250525358565
6119,0.8273681507201393
6120,0.1413048115149252
6121,0.10002785424073647
6122,0.8660205723745532
6123,0.17302555523814625
6124,0.1778333759771699
6125,0.88055398532927
6126,0.4293869454320259
6127,0.5288779724204945
6128,0.14831417634233135
6129,0.9524450532692095
6130,0.029193075204399694
6131,0.25927309405650834
6132,0.3133537698057428
6133,0.6867731028783121
6134,0.19887076011735322
6135,0.6810767301707722
6136,0.2975233304683469
6137,0.2382393704116152
6138,0.0886633342148811
6139,0.6658609591428191
6140,0.4111698243308007
6141,0.05007103884970352
6142,0.5721936695588924
6143,0.06354944018263296
6144,0.4440498197963412
6145,0.3843054615919067
6146,0.06155192612321703
6147,0.6211713046290324
6148,0.9612111468259554
6149,0.4277535588003521
6150,0.8781842173161893
6151,0.04739348345954057
6152,0.2980934931414461
6153,0.934764013603289
6154,0.718917428103737
6155,0.10801582961973764
6156,0.6116168707448824
6157,0.2952643467681007
6158,0.28366456707983423
6159,0.920110279483464
6160,0.85845883621724
6161,0.3749882265107185
6162,0.4049552937467697
6163,0.1315287062207293
6164,0.8942106612944479
6165,0.32361994930572924
6166,0.3015006773722937
6167,0.34539897486582954
6168,0.09625802413818624
6169,0.8851297352409653
6170,0.10242291288994272
6171,0.6614556012333911
6172,0.1817793022930561
6173,0.3098976068148613
6174,0.7570674341978244
6175,0.7320398732506244
6176,0.8258743975896287
6177,0.34470856121248455
6178,0.5837547722491432
6179,0.26236437514180794
6180,0.8855354376785525
6181,0.46971512238060203
6182,0.2471606161467621
6183,0.3349497222809179
6184,0.86877393383762
6185,0.12208532531694039
6186,0.9077835312635594
6187,0.41572119720901496
6188,0.14663577002048278
6189,0.2775109677431697
6190,0.9560163221036865
6191,0.8633885159295344
6192,0.12346512710694311
6193,0.16918843006276918
6194,0.1468630349265597
6195,0.8082725558433619
6196,0.1950919417664381
6197,0.18354826305061023
6198,0.4071868392760822
6199,0.15944587478018118
6200,0.8337465004208527
6201,0.32883231367314203
6202,0.7717111603565081
6203,0.10761581407273264
6204,0.4014651674259128
6205,0.17772162472373657
6206,0.5297054293852733
6207,0.24631680253269672
6208,0.9379835223258913
6209,0.6850777859932013
6210,0.9340431907000016
6211,0.7763369531060518
6212,0.2151441027858992
6213,0.1600937233425457
6214,0.13675441818300782
6215,0.9585508957274652
6216,0.48663787616315873
6217,0.7289742663961405
6218,0.2713122055619573
6219,0.7339587836079379
6220,0.20930306620064582
6221,0.5448663695903658
6222,0.3330166873376951
6223,0.2945670318101753
6224,0.12575597994297666
6225,0.4927198012771581
6226,0.668375057128699
6227,0.3072004522744609
6228,0.971954642663942
6229,0.6461259179531501
6230,0.23076460635426047
6231,0.518532410870424
6232,0.7834952109647085
6233,0.558146984128054
6234,0.2647554509849919
6235,0.28372724086299694
6236,0.14511703484929445
6237,0.2677269250380511
6238,0.13882968481488248
6239,0.39035235223900866
6240,0.1750456279236368
6241,0.7849276777330498
6242,0.15977438361673102
6243,0.2461363449540022
6244,0.8316846294068543
6245,0.5639524160128233
6246,0.03379065858025482
6247,0.5869017549639458
6248,0.05430559737353383
6249,0.41710732875276024
6250,0.26161541403786664
6251,0.1934421245666641
6252,0.9440423873741486
6253,0.4435479993524835
6254,0.562423571902878
6255,0.30954006345561014
6256,0.13134418350329113
6257,0.7801154911576286
6258,0.27448911516046354
6259,0.6962983982206031
6260,0.14790852228181187
6261,0.5641974086264009
6262,0.8791863887585697
6263,0.828018720646525
6264,0.7383106975689571
6265,0.2613662646680091
6266,0.9027561717927984
6267,0.6590103267613969
6268,0.5593277691516492
6269,0.26106387919089913
6270,0.21966184000931327
6271,0.0340856659602461
6272,0.15060588641033318
6273,0.7695608876715729
6274,0.8066003051135757
6275,0.42086446393242094
6276,0.2152008467182322
6277,0.259828521893474
6278,0.38396233649421757
6279,0.5610011959964877
6280,0.3531503075645693
6281,0.3063915857277913
6282,0.9045314894443194
6283,0.395242488606477
6284,0.031480922226557795
6285,0.9144253905815675
6286,0.3466341515104528
6287,0.36077404603469665
6288,0.697594954681651
6289,0.9461267473426291
6290,0.9025739144943375
6291,0.9573133144382381
6292,0.1841772369380361
6293,0.19368459690095363
6294,0.5868603021338141
6295,0.038870155785060104
6296,0.11329103989059268
6297,0.07766655012887502
6298,0.6210100538211693
6299,0.8779120895933303
6300,0.2517939609768709
6301,0.7839318112666335
6302,0.20577251055456502
6303,0.4895289815434933
6304,0.34047139619610156
6305,0.4531783544316035
6306,0.08246158140196692
6307,0.16260876952532577
6308,0.777501637352829
6309,0.27014975222533066
6310,0.45057962391847717
6311,0.0868975419050448
6312,0.9290586425970072
6313,0.13180913604368896
6314,0.12821481419802055
6315,0.059054171710817886
6316,0.13918002451644806
6317,0.29161718199328174
6318,0.77319792707165
6319,0.8112969007908365
6320,0.8024076120928609
6321,0.6269187685332294
6322,0.5284936462484855
6323,0.4036121450538319
6324,0.7415316877972373
6325,0.9002505166602639
6326,0.9591406023450572
6327,0.6130531438374132
6328,0.8100322667459634
6329,0.3200492780647182
6330,0.2293421230750367
6331,0.12920999154784876
6332,0.8359521109439899
6333,0.38954900538303444
6334,0.8529980198318682
6335,0.8839860825631589
6336,0.2356032061714466
6337,0.5686982538806923
6338,0.2954278564834156
6339,0.6926608267358061
6340,0.367754248001665
6341,0.7782139377765556
6342,0.8022858277639041
6343,0.8003250572421098
6344,0.25440974505836855
6345,0.3842697668804736
6346,0.3224178534632788
6347,0.7096456923456878
6348,0.4996301335853264
6349,0.44560101891590165
6350,0.47817716928584414
6351,0.8789758843298776
6352,0.8748021972821591
6353,0.6272190258604246
6354,0.8757055958112209
6355,0.16183259604677844
6356,0.2907945135203002
6357,0.8820713308597183
6358,0.27145530721306804
6359,0.4898033492154725
6360,0.9349407097777501
6361,0.15451880462490358
6362,0.2391034404933083
6363,0.16509613477271726
6364,0.09051600541514762
6365,0.06086853227229843
6366,0.8268910044995116
6367,0.6482030719885338
6368,0.11460937402080155
6369,0.8532286165576348
6370,0.9424803377388306
6371,0.1187516966521046
6372,0.13205585536611308
6373,0.9282944808400271
6374,0.7649910699868732
6375,0.19065185233088233
6376,0.8673176088968723
6377,0.18938473475669415
6378,0.3632180730542767
6379,0.057155230535533966
6380,0.15388768760006977
6381,0.8751469450951977
6382,0.4780582363665919
6383,0.2509944973319763
6384,0.157791312553436
6385,0.7290386107703912
6386,0.2875441473576228
6387,0.5696654638292271
6388,0.5254271447986322
6389,0.024888126051072757
6390,0.013690333922965214
6391,0.986737017878399
6392,0.5840674743283126
6393,0.6324579848177868
6394,0.42991742680126055
6395,0.9483273012477197
6396,0.3778148781556082
6397,0.9883114350042832
6398,0.10934224296034666
6399,0.3996802457182201
6400,0.49573657789237563
6401,0.16220761707884335
6402,0.9448006598974655
6403,0.8422860057973914
6404,0.21987878853591178
6405,0.2868912719402162
6406,0.386875731205008
6407,0.05713327139675583
6408,0.14094266005651734
6409,0.26467076982949245
6410,0.1699887629087491
6411,0.7163156221614863
6412,0.44542925037134695
6413,0.8988882881415434
6414,0.38489534637370876
6415,0.3143018945675702
6416,0.04014840600262956
6417,0.31546754778279906
6418,0.6095732973148951
6419,0.9840494268909995
6420,0.35829448331670377
6421,0.24418467290302082
6422,0.09034915231683831
6423,0.10076856847041643
6424,0.22999014715251398
6425,0.05521795587885289
6426,0.15803979967785245
6427,0.2519966645129904
6428,0.3467957541389084
6429,0.48474140289446876
6430,0.8379838021558127
6431,0.7380517348976854
6432,0.912835031266066
6433,0.7379454083425323
6434,0.15520745043396975
6435,0.8395436941532848
6436,0.383830881987265
6437,0.6411218442315878
6438,0.12250607917716501
6439,0.3291416676975888
6440,0.07963442895165364
6441,0.26430127684752347
6442,0.9578330278833976
6443,0.6429396598659204
6444,0.03969626588659754
6445,0.15497816233994915
6446,0.742363389202336
6447,0.2632711390898313
6448,0.4951803879889385
6449,0.4980304637476174
6450,0.5138162409585553
6451,0.3602297472039207
6452,0.26103848098371246
6453,0.838691702526683
6454,0.9265743054787657
6455,0.3246735501498904
6456,0.14288409441612498
6457,0.5734680973433791
6458,0.048951891895968734
6459,0.6248603779992131
6460,0.6082892907012325
6461,0.39737705278866375
6462,0.8141944208858325
6463,0.9678022553528236
6464,0.9139729593774901
6465,0.798013800273419
6466,0.81729418338203
6467,0.3155179360297555
6468,0.7120438598016332
6469,0.11701914190269556
6470,0.03228975129160473
6471,0.6585093058407235
6472,0.07655878339281978
6473,0.23468114901677625
6474,0.17435788759398543
6475,0.533873083659666
6476,0.407630565878113
6477,0.5738647750794267
6478,0.6660785829049373
6479,0.07528720975867552
6480,0.3434147828640185
6481,0.25781748494650025
6482,0.058040451873166504
6483,0.23903250123619724
6484,0.15688347969107178
6485,0.2136462943038762
6486,0.7807289921626276
6487,0.8555952822349044
6488,0.18440280356028638
6489,0.877973294028649
6490,0.9568615721686368
6491,0.3242984843500839
6492,0.45735321703088944
6493,0.5712133017702424
6494,0.9515114881590302
6495,0.35434490023111126
6496,0.7143773308605426
6497,0.227021317944365
6498,0.17809285903321656
6499,0.4051622279673089
6500,0.9651077365537313
6501,0.679379699764146
6502,0.37416321759330057
6503,0.602922437555774
6504,0.5336621438311044
6505,0.49318263762672404
6506,0.14713405696947385
6507,0.16674538508462133
6508,0.25700847953678
6509,0.17035683166016038
6510,0.2956675998698983
6511,0.01943713309690038
6512,0.4474045032600983
6513,0.08371021668344489
6514,0.7657687109108938
6515,0.562986496736086
6516,0.17969521604987493
6517,0.3003356646194632
6518,0.454842408432669
6519,0.12606264366602246
6520,0.519177432872482
6521,0.8487940371675556
6522,0.39686680763708104
6523,0.3727008118964692
6524,0.6563781100216507
6525,0.5405307780178955
6526,0.30867553062157127
6527,0.4487586421617111
6528,0.6541757190274536
6529,0.13437103066760372
6530,0.8781919837227876
6531,0.13183610058780024
6532,0.9486957433352994
6533,0.03781408358248387
6534,0.9125413911230535
6535,0.24503503050575232
6536,0.28502288146129456
6537,0.8942216411058121
6538,0.1873586029249682
6539,0.10509951942685186
6540,0.7037755338994602
6541,0.6978160036501102
6542,0.8791662653328987
6543,0.7771255303096941
6544,0.2853883941812276
6545,0.39100999000224157
6546,0.3074848574605695
6547,0.7675747804771553
6548,0.030693637031412833
6549,0.1175658931979547
6550,0.4602805227954096
6551,0.7205667448406352
6552,0.15398148556495495
6553,0.6377583475445621
6554,0.839004901754613
6555,0.6466671836410788
6556,0.49678921548488236
6557,0.7564070484261894
6558,0.5405938691906456
6559,0.07489934495085665
6560,0.18482176388620664
6561,0.6732353571163701
6562,0.22535637474694503
6563,0.5601617680053607
6564,0.15072741701762674
6565,0.2725024513233285
6566,0.8808062139348588
6567,0.2409224301744966
6568,0.40585109173805084
6569,0.3131086402578122
6570,0.06666422327145598
6571,0.2744881066757702
6572,0.9245889528450427
6573,0.09046933896372059
6574,0.8280051220386111
6575,0.3926998034404054
6576,0.9717036193407479
6577,0.8036466832038867
6578,0.9214518801961965
6579,0.19513853279680704
6580,0.8871322843258044
6581,0.4325227838943553
6582,0.11672559828949138
6583,0.08298481967815965
6584,0.1645073356663556
6585,0.5026916005453529
6586,0.39900558962015575
6587,0.21326755787519838
6588,0.08473229849440447
6589,0.8356235171725542
6590,0.35502192541211375
6591,0.42478051864757893
6592,0.7151502947344093
6593,0.4968827956010943
6594,0.2473547182052309
6595,0.0263831243409142
6596,0.16325031357542458
6597,0.4779872541773954
6598,0.1447993989848845
6599,0.38775706862935394
6600,0.055003352684877
6601,0.29355076621489823
6602,0.8438346325996783
6603,0.7706060393755018
6604,0.20490624169821467
6605,0.2161824961485238
6606,0.20730220720995554
6607,0.07189238285929112
6608,0.030547900719214496
6609,0.034674412627276684
6610,0.21563382967134237
6611,0.4117250302197936
6612,0.28759990190547935
6613,0.3085939468534236
6614,0.5579770651283088
6615,0.318496734872999
6616,0.7423834205851332
6617,0.9398427377804848
6618,0.6208051159584261
6619,0.4877336533154277
6620,0.4894063991002858
6621,0.8903464586810672
6622,0.7960387802710989
6623,0.4223908639316194
6624,0.5839888484862253
6625,0.9567084163906666
6626,0.8511787905007525
6627,0.40792215648175795
6628,0.24701644102284426
6629,0.09161007076550477
6630,0.7870917125630853
6631,0.2727382948503197
6632,0.9445767473909612
6633,0.8807154059756087
6634,0.41354827627120255
6635,0.5096012159994041
6636,0.5773647285055996
6637,0.40038470741528054
6638,0.34596616657283075
6639,0.9007624755719427
6640,0.18552459906352045
6641,0.34618584259907953
6642,0.9068648286213938
6643,0.9246799147334052
6644,0.682736014014348
6645,0.39351098686178365
6646,0.2428519397967481
6647,0.12179965396339684
6648,0.4176465645261685
6649,0.31600885767093095
6650,0.23203499814903036
6651,0.07423586674160662
6652,0.3205734400762192
6653,0.5035258607083837
6654,0.4583269602930475
6655,0.624449691711655
6656,0.7159986591728144
6657,0.8711695363369073
6658,0.9051556080232299
6659,0.05817526356699001
6660,0.7216546886020468
6661,0.9082268107214501
6662,0.20920925964509698
6663,0.07943890425034614
6664,0.5673703309981358
6665,0.3025405054942418
6666,0.08424519194490754
6667,0.4312897199776816
6668,0.2900699113228067
6669,0.27477711226050383
6670,0.1245296646896776
6671,0.2661971556391519
6672,0.8770502403036433
6673,0.2832013645372486
6674,0.15311562616931287
6675,0.8094146547883416
6676,0.28604983916885857
6677,0.3032659552005571
6678,0.5557358090099384
6679,0.30096897976834347
6680,0.43240799596132107
6681,0.5220897525828059
6682,0.7821958989259077
6683,0.9132787192585491
6684,0.8210283422962791
6685,0.5795747635429879
6686,0.14635226909389062
6687,0.021647452658728607
6688,0.3628555429231594
6689,0.053926406287427994
6690,0.02811612328209421
6691,0.7499840763323005
6692,0.16151588327643568
6693,0.22930120207285554
6694,0.8386603809890804
6695,0.9382154247386417
6696,0.24463484915928313
6697,0.9128370144731853
6698,0.11552589074679499
6699,0.5153381258713087
6700,0.47916305067143394
6701,0.36581995150378316
6702,0.7193732978856587
6703,0.42324085010811746
6704,0.2930022654302499
6705,0.2685605307837406
6706,0.14799609202739072
6707,0.3919599374954239
6708,0.24108280504623747
6709,0.6612405009737797
6710,0.5685569089141578
6711,0.8552141395606133
6712,0.4006964562483095
6713,0.9197503229600593
6714,0.2682066880649913
6715,0.3803643662336046
6716,0.5497616496793027
6717,0.38312886049667527
6718,0.07366909498978196
6719,0.09558684738993824
6720,0.714958010883573
6721,0.7543239378386617
6722,0.9212721129517359
6723,0.9243130333972319
6724,0.034185554734959336
6725,0.6955972321302368
6726,0.3566910279952974
6727,0.8836148704112728
6728,0.9566258904060881
6729,0.39912564311834875
6730,0.94305749792788
6731,0.7300783571878409
6732,0.22190126774020588
6733,0.013446358596957517
6734,0.20757313016371562
6735,0.4346088435013802
6736,0.030232511461518292
6737,0.7841199737425496
6738,0.7325717777536785
6739,0.024941345622595448
6740,0.3181850548308872
6741,0.03358028915162557
6742,0.5299782702532987
6743,0.6110709750668815
6744,0.12655945315952688
6745,0.5548317488820733
6746,0.07977671475739048
6747,0.2052110821361039
6748,0.9454366690978514
6749,0.5839395152452439
6750,0.2684325232533104
6751,0.9364092131826047
6752,0.8605927705797345
6753,0.5325962885544213
6754,0.22203776760525434
6755,0.11464758912973312
6756,0.11668479025077874
6757,0.7580302371058794
6758,0.07115071804951154
6759,0.44175895931389303
6760,0.40769080971118793
6761,0.39485986909586696
6762,0.2420670074412311
6763,0.21743992065893583
6764,0.43046306043021204
6765,0.9025976205376752
6766,0.48414816995671994
6767,0.7712736964162484
6768,0.12524139507129103
6769,0.47028146388863357
6770,0.5914954296027604
6771,0.3330382682654805
6772,0.10704453546062197
6773,0.2658826993631563
6774,0.5963200947832704
6775,0.288939123528766
6776,0.18237207294190066
6777,0.3753528793375905
6778,0.37045816016262595
6779,0.18016700470389688
6780,0.9446857828970745
6781,0.5277255264920729
6782,0.09626982657564755
6783,0.1023223050322227
6784,0.7613204638164028
6785,0.36961493348903346
6786,0.12477273384359908
6787,0.920046158871517
6788,0.7147624021719426
6789,0.3152081661518718
6790,0.24768962357252491
6791,0.1289871590373231
6792,0.2719377789287966
6793,0.7802405709353932
6794,0.9541109123824907
6795,0.4105408608905323
6796,0.40532160085309715
6797,0.44500111384649815
6798,0.0635634611596642
6799,0.28889810890670786
6800,0.43028973455060116
6801,0.08714807218745788
6802,0.1241145752575588
6803,0.3404573050200264
6804,0.19368993328604103
6805,0.9603087247299043
6806,0.45548618268805846
6807,0.44731939963193024
6808,0.23563171700174482
6809,0.2854366593481675
6810,0.0819142836498127
6811,0.6231136718905385
6812,0.1056348787572651
6813,0.43900814163781543
6814,0.7386068622896328
6815,0.20670126716834375
6816,0.08179787411584521
6817,0.4630434386006089
6818,0.9047404034824289
6819,0.9470130905520832
6820,0.5830563049450744
6821,0.2626859408946538
6822,0.8289575131942479
6823,0.07398816646010616
6824,0.8089212738219651
6825,0.8636352661699132
6826,0.11330039418252885
6827,0.1179964982995744
6828,0.22449080613348846
6829,0.18074545548421048
6830,0.1893046042631123
6831,0.6628368102682645
6832,0.3153414168712546
6833,0.9598956130670148
6834,0.25030411279077
6835,0.3791345797479959
6836,0.5938556956705903
6837,0.9541785693341455
6838,0.9603495445158081
6839,0.028875873010034626
6840,0.8734198101857336
6841,0.8387532440085752
6842,0.12663255952171734
6843,0.09404596935085627
6844,0.4763237377784413
6845,0.8931608091700445
6846,0.8312128441631044
6847,0.289657031868602
6848,0.9375692252830473
6849,0.11081675685431737
6850,0.8533216469029928
6851,0.23435773549483155
6852,0.5818773083157408
6853,0.10564162131803129
6854,0.42613892122898234
6855,0.8811549464175317
6856,0.23016282845997676
6857,0.25052417190406806
6858,0.4728108462256791
6859,0.5135234510829502
6860,0.22743963427834932
6861,0.39746081511576636
6862,0.6186294853552781
6863,0.5251028395126145
6864,0.12821112727290887
6865,0.4605643456009817
6866,0.1278712037669156
6867,0.9267268541034467
6868,0.49441835041600757
6869,0.26304005637628236
6870,0.268305632275504
6871,0.48378900226638344
6872,0.2619314068797863
6873,0.4205179993549741
6874,0.08641719640771443
6875,0.7808837514195247
6876,0.1767067426598995
6877,0.3594268465520304
6878,0.7194851202650009
6879,0.2041442379948103
6880,0.5899804107307709
6881,0.03891614685069845
6882,0.6514293429663086
6883,0.03146210882262337
6884,0.8003925619873354
6885,0.4853573214356409
6886,0.5350080735398669
6887,0.8286108382924555
6888,0.06347144044079903
6889,0.140157555548553
6890,0.3086914943140094
6891,0.8065244728489636
6892,0.5438228302494287
6893,0.7771954041921866
6894,0.1889076638688063
6895,0.15064540780541724
6896,0.6385843958318538
6897,0.16544847065311205
6898,0.8908183727659893
6899,0.9308605739320046
6900,0.31321744832243736
6901,0.3091705455801011
6902,0.22758931791490536
6903,0.15795086403502628
6904,0.18418564754060765
6905,0.29495364975165517
6906,0.9188545580404072
6907,0.09378959758567755
6908,0.5993143970726356
6909,0.21181276907489832
6910,0.6813604291754457
6911,0.07335754422458775
6912,0.8494476548225729
6913,0.13899303167286506
6914,0.20252865904495024
6915,0.29031313402474435
6916,0.704598431220732
6917,0.9636835512921972
6918,0.22451815831493319
6919,0.040685784460782554
6920,0.08448350547483066
6921,0.5481859016268575
6922,0.896925417026426
6923,0.025365419515278435
6924,0.5133033012253427
6925,0.8928337671698915
6926,0.9198848519279802
6927,0.45758279419701076
6928,0.1375680432946024
6929,0.05279826518564037
6930,0.37908929141548925
6931,0.2732382456069335
6932,0.9196467461155814
6933,0.9267476912875348
6934,0.20047939658762118
6935,0.10668452664028437
6936,0.8089907882106527
6937,0.1565871789727372
6938,0.2036992306677258
6939,0.3666987813138873
6940,0.927749207429319
6941,0.7158623733621112
6942,0.32029747372534206
6943,0.15133509314073368
6944,0.49161832411264395
6945,0.6155922051230412
6946,0.8605734790444612
6947,0.3770566044512107
6948,0.9392952510707745
6949,0.32386023277735243
6950,0.8279156830494425
6951,0.37409234290343824
6952,0.3991328043533168
6953,0.8330952364971453
6954,0.18773431001659913
6955,0.5676361941300179
6956,0.17279652097171677
6957,0.3950621733804452
6958,0.18592082919138814
6959,0.8822115514490759
6960,0.4598797391055612
6961,0.10996594206049688
6962,0.5161324724357913
6963,0.043768473856407523
6964,0.17187843904544362
6965,0.2798494244889865
6966,0.1893595360643672
6967,0.05709922055954086
6968,0.9468667884714199
6969,0.24759443257161032
6970,0.30103519894577746
6971,0.9037688766761512
6972,0.35231537988324513
6973,0.3158891520634188
6974,0.8078951835515049
6975,0.7263348042564925
6976,0.36248005971489033
6977,0.2689261033971283
6978,0.24981801231688594
6979,0.3687725036462197
6980,0.42864665588841716
6981,0.5880805620523547
6982,0.42333142773986976
6983,0.0692308995897853
6984,0.8761037966291043
6985,0.25070645554756854
6986,0.4217131864655613
6987,0.23305484737954082
6988,0.11818289015672084
6989,0.44111746571483296
6990,0.3656417066773621
6991,0.3393431690776429
6992,0.5173936127728651
6993,0.23223683256748104
6994,0.17293019326300182
6995,0.14810149949795937
6996,0.11537767010104158
6997,0.11433600582841737
6998,0.22505197768078872
6999,0.29644317681376203
7000,0.43507949886678876
7001,0.11195835992437166
7002,0.9130009927500924
7003,0.2832298179097308
7004,0.32293896815818385
7005,0.2432967137383
7006,0.43803018579931957
7007,0.25847886446678264
7008,0.23070196163145187
7009,0.6087169705928638
7010,0.5662908035994091
7011,0.5127319266785737
7012,0.6750797317474073
7013,0.11751351550024461
7014,0.2660760283055585
7015,0.4245691009840907
7016,0.18366487560723943
7017,0.0829708837909578
7018,0.2548657083905507
7019,0.30750202121077125
7020,0.3980483997418783
7021,0.9363125277350932
7022,0.7040865516623565
7023,0.873951157499397
7024,0.07268724614304722
7025,0.7066457787820338
7026,0.1491126238916102
7027,0.10474986771959431
7028,0.7948995422585583
7029,0.4322711294611748
7030,0.4365942567158701
7031,0.24912758138353971
7032,0.20904143655784357
7033,0.27949865764615345
7034,0.19694376683448545
7035,0.5717593739007986
7036,0.9189684950369419
7037,0.42989675683264666
7038,0.2068465235588988
7039,0.9106769983808606
7040,0.5804781601258696
7041,0.3313164518649389
7042,0.0893915441197582
7043,0.9696657651679841
7044,0.05712161831270138
7045,0.5610451940511514
7046,0.8191711907519623
7047,0.3942382956446623
7048,0.3101276534249071
7049,0.9427262346942303
7050,0.8590016203927151
7051,0.12398793928091216
7052,0.8440455164494574
7053,0.29177859919505184
7054,0.40944698977519695
7055,0.4503505015995529
7056,0.16624430940846124
7057,0.1845447022302282
7058,0.4556176687430857
7059,0.9496409091884919
7060,0.2986119438536988
7061,0.9322530733000086
7062,0.35695892559829095
7063,0.2835215798478602
7064,0.43369894889875765
7065,0.8158904355360665
7066,0.5947421464705092
7067,0.3892385029160162
7068,0.8039520716349411
7069,0.2454900037583545
7070,0.5166037053381951
7071,0.5539866611457079
7072,0.6262823149925397
7073,0.35550362567075294
7074,0.427329458841853
7075,0.29896166253457856
7076,0.4111846926855052
7077,0.3801817701898981
7078,0.34048741620220596
7079,0.43049586942851503
7080,0.9171655153848762
7081,0.7419396599524105
7082,0.09985738883153122
7083,0.6986795112521358
7084,0.7041805559185781
7085,0.3138347359067924
7086,0.06332143060633583
7087,0.22726041313447634
7088,0.6338420178249737
7089,0.25506315807449476
7090,0.8025699039723097
7091,0.977326218955604
7092,0.47188298539784945
7093,0.8747118034043501
7094,0.5566312654051284
7095,0.10377472641050921
7096,0.1430946178720351
7097,0.16392916220842088
7098,0.022549168850186443
7099,0.2609876627230599
7100,0.9334791459771663
7101,0.3285905734981634
7102,0.27358694146441065
7103,0.6184165552643964
7104,0.5196717823204466
7105,0.5767392651187294
7106,0.20806766221802045
7107,0.5598525049035188
7108,0.3261862563505853
7109,0.8683127968940191
7110,0.26608213848645224
7111,0.3604182025569568
7112,0.8891568376846286
7113,0.3561281644735792
7114,0.2623444627525271
7115,0.2292072317060718
7116,0.3972943717829826
7117,0.2719269674611775
7118,0.8637893176546991
7119,0.20434593833307835
7120,0.425589616721533
7121,0.27418645937778746
7122,0.7318860009177455
7123,0.9343477276344623
7124,0.948439838769967
7125,0.3000562296632047
7126,0.5590336984401785
7127,0.35542450156140803
7128,0.1804508149118576
7129,0.07114976042605343
7130,0.10397790037826857
7131,0.462516676938024
7132,0.9715262439150243
7133,0.9800804973284456
7134,0.9397461470438531
7135,0.06476045887935689
7136,0.2548529370439911
7137,0.8911333252557297
7138,0.3446678735035523
7139,0.5841598508530145
7140,0.16431378635815275
7141,0.9664775250290706
7142,0.37602850082367506
7143,0.3445305481007028
7144,0.07563022325492262
7145,0.16064885032326845
7146,0.3112757465930099
7147,0.9366988579754238
7148,0.8458363454077122
7149,0.9228200707785709
7150,0.92980105449427
7151,0.4830827610634542
7152,0.07047890828997172
7153,0.47671322137434335
7154,0.20056487870589268
7155,0.02952830962284812
7156,0.07254015215150812
7157,0.01283021217293878
7158,0.2596240418138389
7159,0.16101675980655794
7160,0.21030397110562307
7161,0.9465515015575998
7162,0.2745111369807875
7163,0.12904510769247712
7164,0.2236271325004977
7165,0.010462262904013264
7166,0.9777118283343668
7167,0.19816156199849463
7168,0.33587963287591943
7169,0.2911191158901706
7170,0.9528939792646021
7171,0.17162924154446046
7172,0.17490531748162216
7173,0.6462467282966152
7174,0.9275799068501449
7175,0.2848889767554427
7176,0.348745462787426
7177,0.6809570501794537
7178,0.0600679309240809
7179,0.19212679408602285
7180,0.8389174959893553
7181,0.5713514836073933
7182,0.6562730852580515
7183,0.06014862241667353
7184,0.9498011811743409
7185,0.8239832946980074
7186,0.4332655515462208
7187,0.09414212367251706
7188,0.2592668573276264
7189,0.7577297048353488
7190,0.6288418129329397
7191,0.9547632280834001
7192,0.886499074522233
7193,0.4405744907095063
7194,0.04986678920582156
7195,0.06897317434276583
7196,0.7084109045366705
7197,0.8374606123680672
7198,0.09510411921566812
7199,0.8032582789965638
7200,0.17214240825455518
7201,0.32004371816900556
7202,0.5027114005096119
7203,0.9580004448283268
7204,0.8676522981641196
7205,0.17673147522965552
7206,0.17120022569327145
7207,0.4601148696432242
7208,0.2449986519289126
7209,0.2227553602832394
7210,0.04632024750293716
7211,0.3196370709884555
7212,0.8673970431874879
7213,0.7495603357825898
7214,0.05212087703900254
7215,0.19036166790653075
7216,0.3090336157312178
7217,0.9092838897639655
7218,0.08931724697944049
7219,0.48119357386795675
7220,0.34590260314436
7221,0.12844571498733068
7222,0.8749429210252923
7223,0.13418157522532687
7224,0.4819078830142192
7225,0.08951947232218431
7226,0.7318082532551
7227,0.1512197373244793
7228,0.12157817709778092
7229,0.7546438474477968
7230,0.22475206490904995
7231,0.38799140318899444
7232,0.8064749315670081
7233,0.8785014304673633
7234,0.27596815274637476
7235,0.7238594556041801
7236,0.9033489964413194
7237,0.36621925755549245
7238,0.743427012777979
7239,0.8996516238166726
7240,0.6594685827602166
7241,0.5420613717402056
7242,0.0821401966126471
7243,0.48573437762559074
7244,0.46004127639132675
7245,0.6679731865211787
7246,0.3834154859980643
7247,0.42024970087981967
7248,0.8539744981931976
7249,0.06936479185711522
7250,0.507772377832406
7251,0.6363324734705651
7252,0.3344340288178325
7253,0.2513142880455519
7254,0.14576644100608954
7255,0.1938365161260912
7256,0.3104612407289307
7257,0.199513555129664
7258,0.1351498961171993
7259,0.38441629819597223
7260,0.42846447775182134
7261,0.2303442183785325
7262,0.24208184409336989
7263,0.36570675666284924
7264,0.567976748642674
7265,0.35942990139525566
7266,0.35889428125671435
7267,0.4070099799013437
7268,0.22029314270638223
7269,0.31521821567528446
7270,0.17649621047500527
7271,0.361665436050062
7272,0.6401832946526207
7273,0.04502731046595537
7274,0.5448037442883797
7275,0.4416979576609015
7276,0.13263461075921268
7277,0.8635112861945734
7278,0.616793057538413
7279,0.7477384338163902
7280,0.5921428495212183
7281,0.2524651687735296
7282,0.29477258021885694
7283,0.03252605504194652
7284,0.17186792868146167
7285,0.03217632028287661
7286,0.19056415138441524
7287,0.38257846302980303
7288,0.8371171364140957
7289,0.34680917950785545
7290,0.48109359650022043
7291,0.24769556468049198
7292,0.040807480418924874
7293,0.19548894972236855
7294,0.0858330978897785
7295,0.21425378451899682
7296,0.9084829975176641
7297,0.7194812107212699
7298,0.15629068139415864
7299,0.33266305898017984
7300,0.8468930460555992
7301,0.9549288200403598
7302,0.8772750053944517
7303,0.2929005181861473
7304,0.27369475254372194
7305,0.9204119922162856
7306,0.8327742190772249
7307,0.8337545545884059
7308,0.5272723780553205
7309,0.4328450497972796
7310,0.7588183253200097
7311,0.9322607717262285
7312,0.9347907514057919
7313,0.1777292584496328
7314,0.442331453325026
7315,0.9308232537426047
7316,0.38234711843876434
7317,0.503171030611147
7318,0.12422541603787869
7319,0.1402154947281274
7320,0.2560072403638171
7321,0.4671705108620819
7322,0.16987941987966934
7323,0.14551861364217533
7324,0.28145195140135365
7325,0.3543117088486211
7326,0.7829965101949998
7327,0.08825051332246611
7328,0.02539880834366027
7329,0.9483939253326321
7330,0.08889074402673468
7331,0.4510847604799772
7332,0.3272919673197184
7333,0.26104902575001815
7334,0.15781392452846754
7335,0.3377193745013597
7336,0.8687756728693432
7337,0.6938124310293704
7338,0.9181098222740648
7339,0.4758731216297868
7340,0.360653973240465
7341,0.8851675987578749
7342,0.5279031447233028
7343,0.9689284921342498
7344,0.8846717970318504
7345,0.4898322857924127
7346,0.4975957723959026
7347,0.7652479710143373
7348,0.4573411533771464
7349,0.7909119703737255
7350,0.5194839162700808
7351,0.2867851198462349
7352,0.5958604810138175
7353,0.5186184094003518
7354,0.3891190009893131
7355,0.3123182275080567
7356,0.8441992127118559
7357,0.558951576882648
7358,0.036160899295285355
7359,0.45715295149719687
7360,0.7453618733503553
7361,0.7800528069350224
7362,0.6388268947043402
7363,0.3315527340181384
7364,0.42864078737602307
7365,0.7208511438239638
7366,0.24956843842182935
7367,0.6698469000237314
7368,0.43973246291869306
7369,0.0501364945806465
7370,0.10502957533284488
7371,0.7297931438747091
7372,0.9267936605595829
7373,0.9707314555889996
7374,0.22780539044093082
7375,0.43228945539757774
7376,0.7160661080125785
7377,0.1726486151828806
7378,0.3303326074622768
7379,0.9354055074680252
7380,0.5048925995733691
7381,0.031904601989336194
7382,0.15115325201484792
7383,0.3688350828305241
7384,0.3389524850850966
7385,0.520245045357946
7386,0.7671013314478508
7387,0.2688447848334762
7388,0.12014424774703769
7389,0.49597347795745983
7390,0.6964251775432343
7391,0.4483640906959031
7392,0.4688725137657638
7393,0.1717538165419831
7394,0.24589172167388373
7395,0.5680431211320656
7396,0.2522012460103725
7397,0.17624765688777727
7398,0.7410464119509026
7399,0.17194306685761546
7400,0.24996794990650945
7401,0.4412158601286563
7402,0.8103417568361692
7403,0.3349558640867765
7404,0.628298800461524
7405,0.24233085578781122
7406,0.29752182837900676
7407,0.4199052299807331
7408,0.9437554023210679
7409,0.5396784261460508
7410,0.7185476284380379
7411,0.39368355924811077
7412,0.9008327060380221
7413,0.6132124606764756
7414,0.04191734889267897
7415,0.57859337971577
7416,0.9517528701801321
7417,0.2067254241992804
7418,0.9449991140642414
7419,0.9411593935127982
7420,0.5059934154119469
7421,0.3637800436934903
7422,0.3047805980303138
7423,0.8456715739907729
7424,0.14372373302236166
7425,0.5255768816286923
7426,0.4972117181253008
7427,0.5179012517015081
7428,0.3496448865877205
7429,0.08024033772607257
7430,0.6512363592484346
7431,0.7647145396610853
7432,0.7166896112477721
7433,0.07092227521895682
7434,0.8551149479021313
7435,0.43668866528068934
7436,0.38753229818049156
7437,0.5751410013689576
7438,0.2141660102594676
7439,0.746250541201166
7440,0.18341847060077937
7441,0.06732277636908733
7442,0.4426101817480122
7443,0.7133757777396974
7444,0.35091341468225973
7445,0.4850123461529445
7446,0.425266231357194
7447,0.1535947366258474
7448,0.9436689716796279
7449,0.05164651554135902
7450,0.8429133629774102
7451,0.4115539290037556
7452,0.5251959618790776
7453,0.2784556557475915
7454,0.8582933645008173
7455,0.9416875967464786
7456,0.8443850115462016
7457,0.20950825794027278
7458,0.5491565762772733
7459,0.46581877350144946
7460,0.11818393715232575
7461,0.3603838898736445
7462,0.9664577376230105
7463,0.35855902807020995
7464,0.23097141315399503
7465,0.6157115185512143
7466,0.24833789121199334
7467,0.7319161163108244
7468,0.958467131982299
7469,0.8908567832902001
7470,0.20193530234026197
7471,0.2880718145723911
7472,0.23282223550707157
7473,0.39686044635220286
7474,0.06332394766860523
7475,0.07828033176159789
7476,0.8108368844665323
7477,0.49722095720495146
7478,0.3255743077064617
7479,0.46603790492355196
7480,0.7381666550989205
7481,0.33966433293750725
7482,0.18920335083865994
7483,0.5587827402259887
7484,0.5073620066497465
7485,0.06402678608203263
7486,0.6368020079524181
7487,0.5108285359427289
7488,0.7896470043145426
7489,0.07731034014324338
7490,0.3143483000698905
7491,0.3279740057697318
7492,0.13472414387591272
7493,0.21237974647096883
7494,0.885396171633408
7495,0.24902828537679242
7496,0.5635625264303072
7497,0.6350661447066692
7498,0.11411962864713958
7499,0.7194955961519522
7500,0.21200598919090574
7501,0.0252167824381397
7502,0.3501855553944893
7503,0.9830885897709684
7504,0.020095583312397986
7505,0.20686031394470442
7506,0.3823059550499957
7507,0.9868076878004217
7508,0.489172411872935
7509,0.3831247031808761
7510,0.3044432937381019
7511,0.4790233950611054
7512,0.7214705627725063
7513,0.2529272068244107
7514,0.8697851176204069
7515,0.9118908380054431
7516,0.15700289663331565
7517,0.4924657152916727
7518,0.8102131107463204
7519,0.7666818523565847
7520,0.3583857504733795
7521,0.5376770297256497
7522,0.47207718064011644
7523,0.4157839264540861
7524,0.24210576808724535
7525,0.059439826128990216
7526,0.3465631038276734
7527,0.59466266107004
7528,0.09724885577523436
7529,0.6079901005386164
7530,0.8884337312859945
7531,0.54829103462474
7532,0.03455590537729086
7533,0.9398443569613336
7534,0.2520817236151568
7535,0.2549929033360849
7536,0.4273223760006395
7537,0.27124658228496734
7538,0.8601225899494465
7539,0.7679775602367456
7540,0.9150579259407016
7541,0.19457105273459965
7542,0.3058089651538722
7543,0.4393349558663391
7544,0.27193341444918256
7545,0.7394173690043284
7546,0.5666279192167555
7547,0.28170370981196935
7548,0.2824330379891031
7549,0.11227078619785828
7550,0.4864339345624712
7551,0.12245690112648647
7552,0.3938135828535881
7553,0.16143831513908816
7554,0.2885870722164813
7555,0.26674033047487977
7556,0.560268069547972
7557,0.12684855446608334
7558,0.06727190272587359
7559,0.16474215609793966
7560,0.2743114819462056
7561,0.41409229624122346
7562,0.39301625430902204
7563,0.20351466932252724
7564,0.1413432199188304
7565,0.9430082650978348
7566,0.8235054057940622
7567,0.24098077011908697
7568,0.5320111978091158
7569,0.47270748750786845
7570,0.25035918318593664
7571,0.902020128716685
7572,0.13602350204595112
7573,0.2549409879913559
7574,0.2566403614027385
7575,0.5387670089428215
7576,0.49368375250690893
7577,0.13574969289750793
7578,0.9430969794447462
7579,0.5458424026925113
7580,0.3478579660877945
7581,0.1484747845949291
7582,0.6481886598104536
7583,0.33900520614431495
7584,0.9219781016268914
7585,0.5659126538633116
7586,0.7671375940162241
7587,0.2869891826502641
7588,0.42824629695604205
7589,0.39136333675125357
7590,0.4370733925609189
7591,0.3927374350593158
7592,0.5849169746726497
7593,0.07591892649282873
7594,0.2549888823683867
7595,0.31419286816032654
7596,0.25328891573027773
7597,0.5103437839548344
7598,0.9135763110307478
7599,0.47168466227010086
7600,0.10374650710895619
7601,0.9220451121024001
7602,0.47863905631612647
7603,0.20473363034205136
7604,0.6895568506036786
7605,0.28558606426652683
7606,0.36040765845973727
7607,0.2711873325250026
7608,0.1983624354189403
7609,0.872589608232576
7610,0.11966397142020006
7611,0.535431361701693
7612,0.6519394272155071
7613,0.8972457794354504
7614,0.2385370769941485
7615,0.6714215806088067
7616,0.21197920374412696
7617,0.9139995651326795
7618,0.788305743550854
7619,0.2867544959330238
7620,0.05929270786137276
7621,0.7664048032540686
7622,0.33653351730750025
7623,0.1722936767701323
7624,0.4658450255453849
7625,0.9530282832424906
7626,0.5802947442318388
7627,0.755075717741462
7628,0.1973837511154603
7629,0.8714531061217049
7630,0.10265028757778152
7631,0.7774995243563145
7632,0.4820557169602769
7633,0.9329905782778121
7634,0.9271147720965152
7635,0.692138731275191
7636,0.9539371146527654
7637,0.25509239711865167
7638,0.9206308434803049
7639,0.8547201999828351
7640,0.9332112210594113
7641,0.7026728295103434
7642,0.6095003486251904
7643,0.04216480398145067
7644,0.3193454680086963
7645,0.8652617415278656
7646,0.8928182425909664
7647,0.26811603216383284
7648,0.14463359856541194
7649,0.873162384534823
7650,0.43632902578561295
7651,0.056302202528049336
7652,0.5212380086043548
7653,0.08829364286402346
7654,0.21153219660632028
7655,0.19007646799509523
7656,0.3036136485645176
7657,0.8123264906001593
7658,0.4029940997139729
7659,0.9516786220924004
7660,0.4535460486331321
7661,0.7538089688288191
7662,0.34207878046109685
7663,0.03658417433060421
7664,0.45298225655992297
7665,0.87178104311352
7666,0.6782618159532077
7667,0.13306556830669414
7668,0.5218715207849309
7669,0.8575020257178793
7670,0.8855306900008045
7671,0.5718794036256349
7672,0.8781566500771095
7673,0.5797353791682078
7674,0.5548608616231713
7675,0.2048943729972204
7676,0.5001178801811512
7677,0.965057536385308
7678,0.2335070321416903
7679,0.6388571451404492
7680,0.6726130554474818
7681,0.07126170648319594
7682,0.9570006576173321
7683,0.2142938066355193
7684,0.5505130440009779
7685,0.738823146939459
7686,0.1783885704638834
7687,0.7341289269733364
7688,0.38945765386750647
7689,0.934221637582581
7690,0.2715712117061441
7691,0.03437959778310469
7692,0.9340222934617372
7693,0.2964772686079082
7694,0.5934415101348677
7695,0.08640806213375514
7696,0.47454746290135763
7697,0.49153846437285387
7698,0.9137326651955253
7699,0.3629582703646732
7700,0.5967193416351896
7701,0.26875547226027985
7702,0.5374328744185474
7703,0.6055738273661863
7704,0.7676602911287738
7705,0.5227474057609575
7706,0.17138936700235297
7707,0.6900938721442548
7708,0.13822456268484004
7709,0.1238346445763677
7710,0.6250469208283681
7711,0.569857592952363
7712,0.42648340863341005
7713,0.18797756349574393
7714,0.11863338410026264
7715,0.9089931057263325
7716,0.6118449451073241
7717,0.19286449826212174
7718,0.9389854664106903
7719,0.43257102772227407
7720,0.058724620280504
7721,0.3380210504484524
7722,0.3760764657691758
7723,0.3577059407098664
7724,0.6835048274248909
7725,0.39481307980664493
7726,0.3819331408624245
7727,0.10638556189365518
7728,0.927292802680379
7729,0.3093031718478956
7730,0.6584609545241944
7731,0.04448553478216122
7732,0.28380182333272863
7733,0.6304659977205884
7734,0.7996022831472682
7735,0.748995312942075
7736,0.8312219648112333
7737,0.2115756579884452
7738,0.5002413459150404
7739,0.6438479523823516
7740,0.058709422035924975
7741,0.1903394547143285
7742,0.19702452223307151
7743,0.3931772275288192
7744,0.021157240273261407
7745,0.7833074198215293
7746,0.45794257208427014
7747,0.3638515799065982
7748,0.4812183087840253
7749,0.19828533048407135
7750,0.030023299679987125
7751,0.09926210502014271
7752,0.04318914905818587
7753,0.265385004833574
7754,0.06289810968570696
7755,0.6973590190501195
7756,0.1613403375655619
7757,0.22824631766139822
7758,0.2783685980713448
7759,0.16873435643381188
7760,0.3815000219387457
7761,0.06986578347654926
7762,0.9269732559667855
7763,0.05332752032915635
7764,0.2688389252072346
7765,0.8392591907162039
7766,0.9509108513262925
7767,0.7238384571558604
7768,0.40400871099740426
7769,0.3021186868922527
7770,0.20893345925109677
7771,0.35639044975894857
7772,0.47805474877154214
7773,0.5295171917796225
7774,0.9108135802318597
7775,0.3365954602200202
7776,0.16182024590510558
7777,0.14029948747153698
7778,0.954070740225667
7779,0.3168561886636648
7780,0.03378313311595641
7781,0.8167756453899
7782,0.5606438838808557
7783,0.5246129686849995
7784,0.3406529206057724
7785,0.051198427726473934
7786,0.35061619483419726
7787,0.10658008061371212
7788,0.30301276391484483
7789,0.2797601748447223
7790,0.30495631482484714
7791,0.9865654588882167
7792,0.4866937682672085
7793,0.2017242959740183
7794,0.6077424106569826
7795,0.15477887489467587
7796,0.2962837693799938
7797,0.266650262030253
7798,0.7126595885628301
7799,0.013970105227217281
7800,0.34549226275250655
7801,0.14608684519122936
7802,0.1165086915338086
7803,0.14426155004632615
7804,0.24165443975294226
7805,0.5003866567216179
7806,0.25274442103391176
7807,0.06485419292111015
7808,0.6438677023653341
7809,0.4197261177182547
7810,0.4123201116443777
7811,0.6041968677168309
7812,0.39060615098024326
7813,0.7434014727576578
7814,0.586618889959859
7815,0.36915407687229695
7816,0.0751018129302386
7817,0.3434371833217372
7818,0.34865728245162364
7819,0.5954234935288512
7820,0.16279313192873135
7821,0.2998735516008134
7822,0.888104613215455
7823,0.8629597871259453
7824,0.05589267348373368
7825,0.12332315257475199
7826,0.9624880851369645
7827,0.19738162086587646
7828,0.4162931955343701
7829,0.715082968319707
7830,0.4384160182491229
7831,0.7848032384924021
7832,0.23456295857354995
7833,0.3100309268659822
7834,0.4940208957799656
7835,0.16925171902875227
7836,0.5447580604671673
7837,0.9036379564589175
7838,0.953431020021496
7839,0.3303569854291023
7840,0.1478615985664754
7841,0.73778294648043
7842,0.5019168193234467
7843,0.35142448945818855
7844,0.30814440976880064
7845,0.2981097727611081
7846,0.43692769669610715
7847,0.5938471836979116
7848,0.8477222837075244
7849,0.28118537667396515
7850,0.3667513434193213
7851,0.7960121818273154
7852,0.9335179148382285
7853,0.21597418771331311
7854,0.7607355761729175
7855,0.1994080404488646
7856,0.15522626287422908
7857,0.11546048000128593
7858,0.3069111573979438
7859,0.8519642350624291
7860,0.6339423921027687
7861,0.04689839456768726
7862,0.20418528192600374
7863,0.6434015864669864
7864,0.8297781240243587
7865,0.3137120885207893
7866,0.8921306527702381
7867,0.38148556965852126
7868,0.5157771242606617
7869,0.9732798386183343
7870,0.5761458649507011
7871,0.8140777453693175
7872,0.38114077932319923
7873,0.0661829095404105
7874,0.16763137639746678
7875,0.6145314915506319
7876,0.26916311025485457
7877,0.8837473360742575
7878,0.046502456465181655
7879,0.7560704817187129
7880,0.6427635165183924
7881,0.08974495167759228
7882,0.9244248892099033
7883,0.4826415024326338
7884,0.014991956273849331
7885,0.8639107973645732
7886,0.7412779644709927
7887,0.5207528099767997
7888,0.967589856370725
7889,0.6250449795011046
7890,0.6922364767616163
7891,0.3531876470652689
7892,0.17481134760520808
7893,0.1422517703928364
7894,0.23447400592171172
7895,0.13891652524222275
7896,0.9205074742072549
7897,0.1239943851729255
7898,0.614029862510972
7899,0.11060907436549992
7900,0.11623827936410226
7901,0.7353186803588067
7902,0.27103011798213533
7903,0.03527741631126987
7904,0.43371373213891196
7905,0.46699713437110596
7906,0.20445422657028448
7907,0.2517020509976255
7908,0.2941366037971474
7909,0.46613292057023825
7910,0.19987668514156903
7911,0.0795849325714773
7912,0.20931937942265655
7913,0.901966201968646
7914,0.5151904246935235
7915,0.6950159695941629
7916,0.2792519835526723
7917,0.7733925941122685
7918,0.6526797390343583
7919,0.3336654379329443
7920,0.20460548104231358
7921,0.2160373969742015
7922,0.4465271775381008
7923,0.23508232819930866
7924,0.5900860919094195
7925,0.7190735484841144
7926,0.33567215233660536
7927,0.2173023683056398
7928,0.04366904301761097
7929,0.546398689638496
7930,0.5005553094632554
7931,0.47153425957933004
7932,0.5872209645536214
7933,0.04893392267402877
7934,0.3766468372321957
7935,0.4684783388881795
7936,0.4332025538496418
7937,0.7109214289624977
7938,0.1805541498009946
7939,0.33750083833984496
7940,0.036998824513729295
7941,0.7854913667048796
7942,0.2977984115657297
7943,0.8419319635768692
7944,0.2674379867599492
7945,0.1140280110746204
7946,0.7026643050171332
7947,0.6019196605482997
7948,0.9158978709258934
7949,0.08191969177592219
7950,0.38057327130584356
7951,0.26359244762817147
7952,0.8270459871572422
7953,0.3879451833721415
7954,0.3213306095240308
7955,0.7609214721077816
7956,0.02877606770644477
7957,0.9602852043014929
7958,0.9399864770591198
7959,0.10144235114354072
7960,0.2245661066361149
7961,0.6705407309052027
7962,0.18279580410279578
7963,0.14611360476711704
7964,0.3995914959820542
7965,0.13607477738548782
7966,0.2650684095254004
7967,0.6787531269094702
7968,0.239092470164752
7969,0.057552602400583755
7970,0.17477829570274872
7971,0.32979568426390665
7972,0.685010143348424
7973,0.1499468128294824
7974,0.36464318796223677
7975,0.2785433937963375
7976,0.39950658307827697
7977,0.6345490923667816
7978,0.23099207824068796
7979,0.6520693912932419
7980,0.8717808035534231
7981,0.7141626697680742
7982,0.09712201742906552
7983,0.19718105519696616
7984,0.8826823622064708
7985,0.20154655265114257
7986,0.06851067046447502
7987,0.32044641415235353
7988,0.3999774929194764
7989,0.48250210606341104
7990,0.28505061635947804
7991,0.30525218953642036
7992,0.8906264603509825
7993,0.6424283114278517
7994,0.9472916244056321
7995,0.34911344457533283
7996,0.2643551108011767
7997,0.15691973331421186
7998,0.9278855514538665
7999,0.7698884172198568
8000,0.2962964845936959
8001,0.7003398855800675
8002,0.49542145176376784
8003,0.3138870240346005
8004,0.2357202579584017
8005,0.27274795651586886
8006,0.3126101114967548
8007,0.12167089492843827
8008,0.45446121116607774
8009,0.5597610876253655
8010,0.4563575612251986
8011,0.7578239814872975
8012,0.895764949809159
8013,0.21028157947762993
8014,0.9094325376293122
8015,0.34508436306763945
8016,0.9318039321651947
8017,0.9513816086276408
8018,0.7350899197262553
8019,0.19974883047039388
8020,0.8877860140573816
8021,0.29383292096035296
8022,0.39281894660711025
8023,0.2012597668458022
8024,0.960286940371281
8025,0.7431924430596665
8026,0.9205651603833607
8027,0.5112596959804933
8028,0.27416217215855404
8029,0.920183210793101
8030,0.3085162790129699
8031,0.3610430010889527
8032,0.6061032665894333
8033,0.6101456424918967
8034,0.951228649748863
8035,0.9483518133018392
8036,0.8242910916930762
8037,0.15594984393377131
8038,0.3342980185009735
8039,0.8024779130942824
8040,0.8927692813992166
8041,0.15954088984265036
8042,0.16112369466212056
8043,0.7634517350792758
8044,0.9300590212014013
8045,0.3077779676715121
8046,0.5183762836213848
8047,0.044526553780727555
8048,0.39123630179038194
8049,0.2965571066161204
8050,0.448049476502698
8051,0.9075162814175413
8052,0.21112470306335054
8053,0.5908441591828415
8054,0.13903469543880947
8055,0.8081206071827359
8056,0.3425035938158755
8057,0.1808256415563595
8058,0.6074694035435944
8059,0.13880913254304442
8060,0.39044150648218123
8061,0.2705207767412629
8062,0.49711262151476904
8063,0.8010607876108079
8064,0.42532411684323995
8065,0.7463917247181577
8066,0.3823715814908387
8067,0.7751194583149862
8068,0.28720280930348724
8069,0.049246696959182004
8070,0.4668636953518795
8071,0.6704257759216551
8072,0.972524673005985
8073,0.2998638604650603
8074,0.5773020494582851
8075,0.6555607844191542
8076,0.5333459478372641
8077,0.06936295676189297
8078,0.15464649805207425
8079,0.37501173831906026
8080,0.5743282342985955
8081,0.09092772832162083
8082,0.17153829762148443
8083,0.871601752775533
8084,0.1407520400912121
8085,0.18365127052187347
8086,0.14417980587909002
8087,0.2476886469413181
8088,0.18648488396222143
8089,0.14288778548468264
8090,0.5170108585957507
8091,0.9738627910753247
8092,0.26514594129304103
8093,0.19388920817998181
8094,0.09679267528432965
8095,0.6381119609349973
8096,0.0931736865035852
8097,0.8133032287405881
8098,0.34234331956181435
8099,0.8686339755551988
8100,0.9580358536355577
8101,0.23458491235725126
8102,0.1312694971271417
8103,0.29678207710397053
8104,0.09319496571568446
8105,0.14128807007647196
8106,0.6000959039522833
8107,0.3299603753051903
8108,0.21648441955920028
8109,0.2660137846247479
8110,0.6229016556701743
8111,0.8677512550997354
8112,0.3909100486742154
8113,0.2940036189965876
8114,0.8113601127010583
8115,0.046877717986751714
8116,0.9312961536968979
8117,0.12454603997965513
8118,0.16247914042902353
8119,0.2889107543695524
8120,0.24326766072321152
8121,0.8204286699719876
8122,0.9765818891939766
8123,0.2136399014843781
8124,0.20138833942180712
8125,0.48026664030320043
8126,0.820918938089497
8127,0.2730880426842093
8128,0.1819210927869148
8129,0.1256597056413084
8130,0.768362311472999
8131,0.9200885504703711
8132,0.1253203593183136
8133,0.2792085944409271
8134,0.8692465794827957
8135,0.24972854124071855
8136,0.9077422454293654
8137,0.7991248236977456
8138,0.06488845924788182
8139,0.1282785595259272
8140,0.1306562163387811
8141,0.853800385886861
8142,0.38057203113684285
8143,0.2774026422352321
8144,0.03828553547300254
8145,0.25364752855628403
8146,0.12261251616135448
8147,0.24221560586960258
8148,0.03368293372088469
8149,0.8803320929604652
8150,0.2859639648430457
8151,0.07370203598804861
8152,0.14605489160488375
8153,0.9272227570766928
8154,0.129528845839104
8155,0.39982973693970353
8156,0.3211077593949599
8157,0.03142546976042475
8158,0.5000007778816464
8159,0.046922555767514494
8160,0.07068598170787525
8161,0.07203659532709147
8162,0.9310334710937122
8163,0.7414210553222006
8164,0.7998254110360715
8165,0.6817431727134516
8166,0.49917173946709803
8167,0.3668944204661625
8168,0.17473444395130042
8169,0.030759524034532866
8170,0.30679516798986584
8171,0.04188009818745929
8172,0.7524907138897617
8173,0.27318641998588705
8174,0.22938811384992183
8175,0.6791823251580488
8176,0.33865389140050633
8177,0.39205844358910236
8178,0.36193377799028914
8179,0.08454567019924092
8180,0.9459022236369409
8181,0.2945970368683188
8182,0.023356537182314428
8183,0.7908241365548624
8184,0.3435472924941313
8185,0.21255270655549513
8186,0.47447130646017355
8187,0.16203405032737273
8188,0.878160104818365
8189,0.5499224087768313
8190,0.2446697051184049
8191,0.05941038317610501
8192,0.1580333760029844
8193,0.01929353121881116
8194,0.8441094771945341
8195,0.2563315197637395
8196,0.2821864126716195
8197,0.09374079051443562
8198,0.8480230732205969
8199,0.8392978586486122
8200,0.29456263631772966
8201,0.18534580832736255
8202,0.43695185502962836
8203,0.17156647492216415
8204,0.024362550980651407
8205,0.08790258654318729
8206,0.4997003942792019
8207,0.6249457096568161
8208,0.9542060951952547
8209,0.8123688953584141
8210,0.3264282931186381
8211,0.19500913172490236
8212,0.045201045431267566
8213,0.9816101975068879
8214,0.5660662811346474
8215,0.3421221978978211
8216,0.6766411702457715
8217,0.8086923354733989
8218,0.8336284603002608
8219,0.9426550565960057
8220,0.9320776310212745
8221,0.36410108448075174
8222,0.6054049119394214
8223,0.9336952377573458
8224,0.9111807667216093
8225,0.3637161143473376
8226,0.3191806454953132
8227,0.3080744077416601
8228,0.10005865176268001
8229,0.09988456761291996
8230,0.15997800907009466
8231,0.28652736176710786
8232,0.7719409272856422
8233,0.08545285460070329
8234,0.9040103448603573
8235,0.46175521340768244
8236,0.05863702014162738
8237,0.5082326399895922
8238,0.8408338735778191
8239,0.6171095329053123
8240,0.5707834275533105
8241,0.7323690353325162
8242,0.3153088095964424
8243,0.6042863191368615
8244,0.21200618994189888
8245,0.7259836980229455
8246,0.09523295560124284
8247,0.7715581796051519
8248,0.46062158252998714
8249,0.20121818191992788
8250,0.31422492250402384
8251,0.3004338535983917
8252,0.8345155395006609
8253,0.4834498375157829
8254,0.11939702959156152
8255,0.09001206532855988
8256,0.47898619063381204
8257,0.9573604554278642
8258,0.23290236572536274
8259,0.1143435890427598
8260,0.2729485748732975
8261,0.2775624503362238
8262,0.21825490703295503
8263,0.17643562021831458
8264,0.9603136806799454
8265,0.4782496238467434
8266,0.12016049457450817
8267,0.03790770844720912
8268,0.8918475290423429
8269,0.9102478846832874
8270,0.8184183441976143
8271,0.9494204192117082
8272,0.6801966761180278
8273,0.4774966454997861
8274,0.7254015888835524
8275,0.10065312706802015
8276,0.8311604447863369
8277,0.1398184101416352
8278,0.06024998074549828
8279,0.019947271413284704
8280,0.8961911595278033
8281,0.2594700315502716
8282,0.47460231028621697
8283,0.23432015766918532
8284,0.3356797078610862
8285,0.7640287784522652
8286,0.1088407944661406
8287,0.10726487149451323
8288,0.9424693124279268
8289,0.9178560342287045
8290,0.28751404683574844
8291,0.4509931101838092
8292,0.404262815661157
8293,0.3835586354112168
8294,0.18850776456677748
8295,0.8493508345638373
8296,0.19754661111352248
8297,0.9373567413016394
8298,0.5253955220245606
8299,0.3321928709732513
8300,0.7540857480260049
8301,0.13958959788449235
8302,0.9518925301219624
8303,0.34832565776452945
8304,0.9235500047890256
8305,0.3301869067778879
8306,0.10770361898340144
8307,0.29053463719256406
8308,0.515443707432203
8309,0.441453275993111
8310,0.2399293220097739
8311,0.6847678138245051
8312,0.4553189033348103
8313,0.5448300999259341
8314,0.19131309005017025
8315,0.6305230352748982
8316,0.6703393569950521
8317,0.15314887076777528
8318,0.7531281108754496
8319,0.8771578804593155
8320,0.18597426878677106
8321,0.9077328728430281
8322,0.17378716074126538
8323,0.16733230411653036
8324,0.7061990325340272
8325,0.4558248939555171
8326,0.2264826446765458
8327,0.8226499660617932
8328,0.3375917221537913
8329,0.49953961577399203
8330,0.7967622703372124
8331,0.4706359075116426
8332,0.6701763724606298
8333,0.4636955172849591
8334,0.2620011636722482
8335,0.3502555922239833
8336,0.17404618196554844
8337,0.7984400238003622
8338,0.7039597887709609
8339,0.8707770716559381
8340,0.811859498394938
8341,0.34646074252329784
8342,0.1803286169501762
8343,0.2608914009482212
8344,0.23281836042805001
8345,0.39720618564290794
8346,0.8124097825031186
8347,0.24288109167043784
8348,0.7107888460751374
8349,0.3456803649267077
8350,0.959156997744536
8351,0.517441795098883
8352,0.2269272933783014
8353,0.8927799792229386
8354,0.13405235772542332
8355,0.3032998667125382
8356,0.12205773406119656
8357,0.26713352020940007
8358,0.8728387154384968
8359,0.24457211791250014
8360,0.5842811425431045
8361,0.7601717245938835
8362,0.6889200748976221
8363,0.2117599310428625
8364,0.8355139293998619
8365,0.021393590109488072
8366,0.8614214003642766
8367,0.485664491988056
8368,0.701218474187071
8369,0.32896756351538764
8370,0.3375784968898117
8371,0.8976107468898868
8372,0.9116463542988227
8373,0.9229021345052569
8374,0.5144751580814224
8375,0.541094191230552
8376,0.15657150930891875
8377,0.8341885683081229
8378,0.30853114024225914
8379,0.9451443407632732
8380,0.4682687174337701
8381,0.4880753994463369
8382,0.8827698970795576
8383,0.37968666114088506
8384,0.40390603318143486
8385,0.9025792750192309
8386,0.9468383563376962
8387,0.05624252148046761
8388,0.2397735861651646
8389,0.5367350697988038
8390,0.13034878970824437
8391,0.12338076920728307
8392,0.6814032854961668
8393,0.5804336359601482
8394,0.3124700941398993
8395,0.190370410132749
8396,0.21940351749860834
8397,0.9386952725466541
8398,0.3736963568492123
8399,0.6767866832831911
8400,0.23131356844687012
8401,0.760973489797552
8402,0.6215938928115354
8403,0.42667097906691925
8404,0.254834252606443
8405,0.4556493593040815
8406,0.2818101926411479
8407,0.05909937858935412
8408,0.15753571582949155
8409,0.27858303535770795
8410,0.36258960024918474
8411,0.1802446796117377
8412,0.18266741294795286
8413,0.9138975377065293
8414,0.0925565216139446
8415,0.9383616433561635
8416,0.2335450525718401
8417,0.12503071995071025
8418,0.4207090583825552
8419,0.2840658963303615
8420,0.7248953656403394
8421,0.3313689323393397
8422,0.9219820572522947
8423,0.6982067294517457
8424,0.06704351070042469
8425,0.26529892947219164
8426,0.7907658967257057
8427,0.07518052402397621
8428,0.6000923913356409
8429,0.468086187438141
8430,0.6285338775702781
8431,0.49979283466445973
8432,0.3638335489258076
8433,0.9450945882125147
8434,0.2913649940153126
8435,0.08670181146251851
8436,0.5208410987526847
8437,0.16163948737437442
8438,0.9281846671370901
8439,0.4061780383848531
8440,0.6842381008323192
8441,0.09546406758006323
8442,0.14529270463089686
8443,0.4492443609402333
8444,0.6797915604419742
8445,0.32032029820755875
8446,0.4204159032782413
8447,0.7129413963876451
8448,0.07971971519212558
8449,0.6401639487704271
8450,0.28417650661783966
8451,0.5162251864376379
8452,0.0718545031269893
8453,0.8862438408373209
8454,0.11204452001425333
8455,0.4046175604758167
8456,0.9027476901731187
8457,0.8928917486852123
8458,0.8391241036511243
8459,0.21884443831585226
8460,0.6432238038736156
8461,0.9196300016077728
8462,0.20139860871506524
8463,0.6291580071636093
8464,0.91261016138598
8465,0.22042021617573265
8466,0.8605265071760417
8467,0.907700120401445
8468,0.8026961978948256
8469,0.18423369600163744
8470,0.16372991284155594
8471,0.13874367909880886
8472,0.08719971151147941
8473,0.48241273992874956
8474,0.840944944360792
8475,0.03819696802556685
8476,0.49610199366221674
8477,0.7980180459448936
8478,0.1053487901898354
8479,0.27108156586790305
8480,0.9036810794706953
8481,0.5916416513906692
8482,0.9521324722715115
8483,0.8674032279438663
8484,0.388590586230937
8485,0.03806712227987308
8486,0.028363671121086446
8487,0.9105311671635702
8488,0.33436624811044313
8489,0.9230106497925661
8490,0.14287910952929284
8491,0.6522325475698859
8492,0.15888519740943363
8493,0.354757115699192
8494,0.6041031904243934
8495,0.9899534376158328
8496,0.739734234352078
8497,0.09203663473008573
8498,0.5789433212242076
8499,0.262784186190653
8500,0.5050760395614028
8501,0.43666538486899537
8502,0.2974127017434201
8503,0.16293886471924138
8504,0.25255301807136754
8505,0.6082657479282197
8506,0.9313938299688046
8507,0.946025353011613
8508,0.040903810068763036
8509,0.5226149365287523
8510,0.1256720175699568
8511,0.9442900669467389
8512,0.7001906557086984
8513,0.0740136480056873
8514,0.09704433861860147
8515,0.8792365219333793
8516,0.07324412692630948
8517,0.8959743585721658
8518,0.6222836000849331
8519,0.09906757538782872
8520,0.8660776510873393
8521,0.45432080070961245
8522,0.919543644601822
8523,0.6772480749666808
8524,0.05254544179062582
8525,0.23797789828003638
8526,0.2813094941574009
8527,0.45127979480909175
8528,0.25718747038276063
8529,0.30867553062157127
8530,0.1581610163806281
8531,0.5217393033013956
8532,0.21060777078349252
8533,0.1678122224958687
8534,0.1919298096104485
8535,0.8002993202042865
8536,0.8970350790549858
8537,0.34054404926738974
8538,0.5205757786990678
8539,0.17905043006450583
8540,0.34969353725280644
8541,0.5505646945738106
8542,0.658707566341564
8543,0.37311392525203685
8544,0.8598510158712269
8545,0.8705636435779209
8546,0.23110263199598208
8547,0.7739061452324637
8548,0.9263511451380677
8549,0.944829591625521
8550,0.08683936837779127
8551,0.5391489635692348
8552,0.6178536718500799
8553,0.9332059895929974
8554,0.1806938592299482
8555,0.907459998881676
8556,0.7655484895017775
8557,0.06395594743997325
8558,0.5686895640173675
8559,0.10670909573978904
8560,0.9662600626962959
8561,0.39727337308047644
8562,0.253870429133313
8563,0.513319675565441
8564,0.19164950145963586
8565,0.41486513807231706
8566,0.6283078294989388
8567,0.48927262773687796
8568,0.6871314508131439
8569,0.9564969839054323
8570,0.6303411223049027
8571,0.6644400686890976
8572,0.11419590659624926
8573,0.22716513662734122
8574,0.2911747643556877
8575,0.5473818543597838
8576,0.11584224704978098
8577,0.37383441054420996
8578,0.9568569472602677
8579,0.24014132769558175
8580,0.4887818643374743
8581,0.4001565977281724
8582,0.978954190888334
8583,0.8246279892517598
8584,0.9781568945699938
8585,0.16327872435530827
8586,0.19600405340894408
8587,0.818681358056008
8588,0.1572632692968204
8589,0.5727363207021433
8590,0.2814844371097707
8591,0.5099137954966997
8592,0.8021312842200046
8593,0.9132139755988721
8594,0.5970128776551181
8595,0.029476017195359482
8596,0.33252737894320855
8597,0.9169110878976275
8598,0.6260261591684463
8599,0.32932854682968227
8600,0.7481892677640536
8601,0.2732033312471782
8602,0.9056110271583878
8603,0.6347621184064608
8604,0.6314223616699897
8605,0.641857860669337
8606,0.7735766434221978
8607,0.6264003023224317
8608,0.6246516068967939
8609,0.6245534363136649
8610,0.28304846288053687
8611,0.3018882577439136
8612,0.17857364078406324
8613,0.7524345885449997
8614,0.8814862373921654
8615,0.20866338041713361
8616,0.7795655113175158
8617,0.5994120240413835
8618,0.1798116485490023
8619,0.08838727159749088
8620,0.9159555019906468
8621,0.9452570841774443
8622,0.7056739733408021
8623,0.5888664391472004
8624,0.8358146018435453
8625,0.14373385037388253
8626,0.15878032835381675
8627,0.14812263266645098
8628,0.05966268174754233
8629,0.2597656845813845
8630,0.7462503390856541
8631,0.42980171676352247
8632,0.7472276589235811
8633,0.3914560222473671
8634,0.9609039686887795
8635,0.6201363005257093
8636,0.46949834357172554
8637,0.07141488931749959
8638,0.40096603676526454
8639,0.825645939036382
8640,0.7989878237276666
8641,0.5825116341800531
8642,0.5996403107621691
8643,0.07465638697655082
8644,0.24656840117076362
8645,0.9486756617168857
8646,0.19616514772943974
8647,0.35420929113383387
8648,0.19896401146807016
8649,0.5764703578429617
8650,0.45689358918725664
8651,0.7208473057117313
8652,0.4490509244692466
8653,0.3646914764529127
8654,0.5502075714370687
8655,0.8552335201384529
8656,0.37129096458958377
8657,0.34773814193261476
8658,0.3855611282220607
8659,0.9594899611008539
8660,0.2639758128191326
8661,0.037388151791617606
8662,0.08235003057399033
8663,0.6168542682953579
8664,0.8783568111952418
8665,0.7784550461359897
8666,0.5025400767582475
8667,0.25704410806316114
8668,0.20302244314757634
8669,0.292276088542097
8670,0.5413064721087948
8671,0.49821029112787474
8672,0.5914302276384602
8673,0.5760383628311244
8674,0.20209563094534477
8675,0.4149962947482528
8676,0.5500071267004635
8677,0.9026815871274243
8678,0.16239119744980723
8679,0.1594472060922948
8680,0.1779979639761641
8681,0.3018940619457349
8682,0.40737104403895164
8683,0.22838033095139534
8684,0.2565481883687312
8685,0.7837952749712629
8686,0.20826634884911366
8687,0.12953294026748247
8688,0.5944942907427421
8689,0.06452096944414962
8690,0.45186495512795416
8691,0.91320907876381
8692,0.1160560297166134
8693,0.3125079991460919
8694,0.20240449227818452
8695,0.4357229617236939
8696,0.7839047611595419
8697,0.097959875855301
8698,0.9257835306706446
8699,0.7296432293614635
8700,0.17766148605558774
8701,0.3055588757519926
8702,0.31858233641474465
8703,0.3947629863819721
8704,0.2397157486118626
8705,0.6316051880733599
8706,0.06694320543420931
8707,0.21798764467640253
8708,0.046774488440275964
8709,0.8539393354912829
8710,0.5731393747738551
8711,0.2058108307212784
8712,0.39033296362959685
8713,0.08821585059899877
8714,0.9815768583259561
8715,0.09428392531817019
8716,0.9365201619142854
8717,0.7581840082120604
8718,0.23807211265616685
8719,0.23561993774324932
8720,0.58279231310346
8721,0.20823055907122537
8722,0.8585532946242261
8723,0.17653790447009768
8724,0.9344395147406255
8725,0.762171344657531
8726,0.20461608731079775
8727,0.34028063140867604
8728,0.06789942174427906
8729,0.28174879330330466
8730,0.21644667820323274
8731,0.12820031892692743
8732,0.1911682980468618
8733,0.5234866296188675
8734,0.3375328494087043
8735,0.6868523807895358
8736,0.23568696242708112
8737,0.27839911976555937
8738,0.056775828495671844
8739,0.03520256706011286
8740,0.41250096291343613
8741,0.44233503536460406
8742,0.5640003065182339
8743,0.36904077818812653
8744,0.18162872733153357
8745,0.3331067108228241
8746,0.9722628245160704
8747,0.42176427081384094
8748,0.5021604274843502
8749,0.9476710313570813
8750,0.8756259551998903
8751,0.14577398438551906
8752,0.7038911505918647
8753,0.33455406038683333
8754,0.06553540316884046
8755,0.3249297738941727
8756,0.2697579269149786
8757,0.7871422835447814
8758,0.5449300528383644
8759,0.03049706321423644
8760,0.10228283768600019
8761,0.31821149965775775
8762,0.17157031262883637
8763,0.976561437309134
8764,0.28624542262754044
8765,0.4987404773864613
8766,0.6596262417241426
8767,0.7302244956664103
8768,0.592775902358949
8769,0.5509983965411941
8770,0.6904301281053744
8771,0.4463266185045786
8772,0.1617012717896097
8773,0.1525658598857476
8774,0.431081687327313
8775,0.37416610465861233
8776,0.48942014393893174
8777,0.08387953486979557
8778,0.3494397339965786
8779,0.20035495629817204
8780,0.33017124787274793
8781,0.9123994668383363
8782,0.14094678305997943
8783,0.7680339543386794
8784,0.5985469213264322
8785,0.9443124319197791
8786,0.49217321711664225
8787,0.14683041357793367
8788,0.8425422540860302
8789,0.3753595315563495
8790,0.9397946153102659
8791,0.7092608885920898
8792,0.4729816535081278
8793,0.14980248854188818
8794,0.397316497832162
8795,0.8042811750274623
8796,0.46942888328480414
8797,0.9374695211339142
8798,0.7938494109303851
8799,0.5870400563318507
8800,0.404787201772634
8801,0.29155910715359856
8802,0.22090528892226818
8803,0.14384831180524907
8804,0.622155875241685
8805,0.2864235391375374
8806,0.2382083387057743
8807,0.08159507053822236
8808,0.5346941035792417
8809,0.07479301428515192
8810,0.7653306316940258
8811,0.26359718349666067
8812,0.23719204944292066
8813,0.7546102007726667
8814,0.4392898891883043
8815,0.2735426411216732
8816,0.3890760989373225
8817,0.48847842522283114
8818,0.5723718520474338
8819,0.6530302881846834
8820,0.4180888077401969
8821,0.6604622532118087
8822,0.07115053337094923
8823,0.04610835936104335
8824,0.6682802131799322
8825,0.450410059966243
8826,0.19763810162410608
8827,0.149485907167574
8828,0.9045427221290241
8829,0.8254362439794805
8830,0.7478641011779966
8831,0.2232834855633202
8832,0.93887961923464
8833,0.3941601397971836
8834,0.19313521876448386
8835,0.030199024736186908
8836,0.8798783390211191
8837,0.7184623222121695
8838,0.16699143244358816
8839,0.8776948390676167
8840,0.4237941332133764
8841,0.4432885077690718
8842,0.1222654876296062
8843,0.26920375738642927
8844,0.9322599967894886
8845,0.4159427274238259
8846,0.08088352774098802
8847,0.33249561911439973
8848,0.3235370018911882
8849,0.5763647816995668
8850,0.9167143750261012
8851,0.3187855266146294
8852,0.8561898615471789
8853,0.8028885901985616
8854,0.9575027978088776
8855,0.21920869274152288
8856,0.9731631538726396
8857,0.6964159339019897
8858,0.5654092079706832
8859,0.7090632121230533
8860,0.7752827676482437
8861,0.2675760328988815
8862,0.5232229008813577
8863,0.8848849340156182
8864,0.5850084318047293
8865,0.9531413838279107
8866,0.26786238201132556
8867,0.9560993620469133
8868,0.44057510670507594
8869,0.8393064361475238
8870,0.6385135856147479
8871,0.5431006020874193
8872,0.8212850136744546
8873,0.31830607027109414
8874,0.18190692847453765
8875,0.23179625681045796
8876,0.32015007447960087
8877,0.4141758535302929
8878,0.19075791454102367
8879,0.20470647314334445
8880,0.5232422169304135
8881,0.1521965180412084
8882,0.12690730290451538
8883,0.8997768618754921
8884,0.2318814467286661
8885,0.0683387532012216
8886,0.19767495872920418
8887,0.17859784094679862
8888,0.5924556556372792
8889,0.7126080553075227
8890,0.8476008366953867
8891,0.7327092740822666
8892,0.23827278605108598
8893,0.11644641406768008
8894,0.6912020029231184
8895,0.45295797509231844
8896,0.6175021630880132
8897,0.07046912725243853
8898,0.4204718775995597
8899,0.7972635817261793
8900,0.9380709070342947
8901,0.4586737684521527
8902,0.15702000651967252
8903,0.5240814151013298
8904,0.5109153917336776
8905,0.44284212929326516
8906,0.1726913619397569
8907,0.5758957102921125
8908,0.8646093722917573
8909,0.936698516213206
8910,0.24444218898616948
8911,0.322662424436598
8912,0.8152540173887107
8913,0.4892532956439183
8914,0.45955284772880856
8915,0.4007065602570958
8916,0.12440795572908195
8917,0.3050089895281594
8918,0.2413495336089232
8919,0.0618817930898852
8920,0.9287544957222751
8921,0.7998867094979317
8922,0.1481547778373216
8923,0.30543587767101893
8924,0.1017833535326859
8925,0.40492699127373843
8926,0.2703379772348523
8927,0.8834597524893348
8928,0.37948819953013735
8929,0.43318253062377
8930,0.5930477319936651
8931,0.04841517425141425
8932,0.5716760813841261
8933,0.27979629234191633
8934,0.4424830887262937
8935,0.44995908339158186
8936,0.4301025845487383
8937,0.5680421837837019
8938,0.13945174044400055
8939,0.3834432814813319
8940,0.5227642360026077
8941,0.3884070445822472
8942,0.6078604763296176
8943,0.6158245245945712
8944,0.21446929729102548
8945,0.6221752190574263
8946,0.7645976908936443
8947,0.994701482480185
8948,0.2740201690992354
8949,0.1847613386745796
8950,0.13995307043691432
8951,0.6350296330845789
8952,0.5572610271665402
8953,0.2609863050174983
8954,0.555230020868108
8955,0.9445595348145512
8956,0.3483246343488213
8957,0.9010183390026028
8958,0.3140846214821462
8959,0.4249408228838266
8960,0.3844054544562626
8961,0.9562452944069555
8962,0.18567049248662884
8963,0.8034717373607897
8964,0.4198916997385308
8965,0.9032298758652234
8966,0.08579534993353925
8967,0.7676410800145123
8968,0.8543804418890024
8969,0.1876574360515974
8970,0.09516708406983226
8971,0.9019756135816852
8972,0.27621779051542295
8973,0.3257799198732109
8974,0.38560310307751233
8975,0.9373154910598168
8976,0.11444008949414304
8977,0.5603712495908422
8978,0.24677199390991364
8979,0.14258824358804478
8980,0.25137221110170843
8981,0.8064630769136126
8982,0.6055152583874553
8983,0.3662619201506344
8984,0.6860706277078981
8985,0.6471984579423747
8986,0.34103728263138394
8987,0.713089605551036
8988,0.13627747790138944
8989,0.610409869173154
8990,0.5292753204160637
8991,0.45019747288727907
8992,0.19023768005157024
8993,0.08158774202801054
8994,0.8763478738841254
8995,0.689115015277511
8996,0.11161103677577781
8997,0.16089183825059172
8998,0.7416607224065708
8999,0.4745178055221322
9000,0.4482400031507716
9001,0.5246824927941492
9002,0.8825280700862259
9003,0.9184965674157545
9004,0.2382101440189997
9005,0.5933665236496355
9006,0.0959768207545006
9007,0.172914132780533
9008,0.09143230274300591
9009,0.6550695069051878
9010,0.6146479179985709
9011,0.24293465129831687
9012,0.1945738987859054
9013,0.12409090744745478
9014,0.811788409455836
9015,0.4788770083892082
9016,0.2078805626989827
9017,0.9681821017017532
9018,0.714269170117349
9019,0.058772340828141666
9020,0.0982139264192039
9021,0.14470429745334706
9022,0.3033551734166601
9023,0.38032546519749566
9024,0.8411972731464108
9025,0.37983700262545106
9026,0.3565998664284683
9027,0.22868994495822995
9028,0.14979866852805387
9029,0.21504680682737184
9030,0.5433866089829522
9031,0.25677507933074434
9032,0.38407627428713953
9033,0.21134518324349633
9034,0.409262271813771
9035,0.420382179690348
9036,0.9193271331105435
9037,0.8704302334929142
9038,0.607458873637126
9039,0.11504904834534721
9040,0.3946584471334959
9041,0.9691815825384129
9042,0.3562640433985768
9043,0.23853799630268482
9044,0.38412510919483434
9045,0.5697650240385973
9046,0.712396292762378
9047,0.14440588900500057
9048,0.12871793148130928
9049,0.1663150417036276
9050,0.9721481731665529
9051,0.2959489532786118
9052,0.3529497999112049
9053,0.07492432982860928
9054,0.49478708875521954
9055,0.10957906483371313
9056,0.6525046841824316
9057,0.5220767087146976
9058,0.14908090752519132
9059,0.19816644261607932
9060,0.18698771498875194
9061,0.6869460331256817
9062,0.07541329838110972
9063,0.35262060263774586
9064,0.2998182170963605
9065,0.8946376492970908
9066,0.5540935851292066
9067,0.03313244986579677
9068,0.5202716025757469
9069,0.213953086401256
9070,0.9765144296040863
9071,0.11035445678153781
9072,0.8572653222084313
9073,0.27850360368007687
9074,0.5016176873793161
9075,0.20944490398707719
9076,0.08461774367906949
9077,0.06885220381944679
9078,0.2766880936359742
9079,0.1235436886364798
9080,0.36744312233525844
9081,0.09622548753052607
9082,0.21138369623959335
9083,0.22775132239619733
9084,0.5169908948569544
9085,0.5529106559547389
9086,0.3962771646588246
9087,0.34197684221608615
9088,0.6938663078589055
9089,0.13581669718337427
9090,0.866996775852979
9091,0.22682411406506992
9092,0.9621144805965904
9093,0.2610178349256104
9094,0.2634395461466258
9095,0.8327392071118814
9096,0.9447569769921697
9097,0.19903698805726186
9098,0.0512705511283151
9099,0.6187908250838061
9100,0.4440593922130711
9101,0.9435874725147144
9102,0.27317220327081576
9103,0.5066109243932441
9104,0.2038346629256501
9105,0.8322662938610537
9106,0.830737965284142
9107,0.04067812432316753
9108,0.8025619423606764
9109,0.5331020131237161
9110,0.3558549727306256
9111,0.8336405232201187
9112,0.18023387154774928
9113,0.4651510619222432
9114,0.46456306943580933
9115,0.31112238736795333
9116,0.6567248083633684
9117,0.21891575681607323
9118,0.5766633500080472
9119,0.5124809881103884
9120,0.5503985179310565
9121,0.26254324298065274
9122,0.4345564749651692
9123,0.7827557610797853
9124,0.11583075348069509
9125,0.25436313903450863
9126,0.32581660649801514
9127,0.6776189051525511
9128,0.5571161626525261
9129,0.7883109001504263
9130,0.12099419488486711
9131,0.8597376440209954
9132,0.9672409543447275
9133,0.19310807923678178
9134,0.09962525979298853
9135,0.6349065111349628
9136,0.10077742603246953
9137,0.041506411356414315
9138,0.34802487291087547
9139,0.22105273998465724
9140,0.1203476019294582
9141,0.4957780284921021
9142,0.2769710324052824
9143,0.347214879217169
9144,0.9572760843476673
9145,0.40790659520099465
9146,0.12985112739337948
9147,0.04356444573180855
9148,0.4098190831630295
9149,0.4993123454534273
9150,0.2911334509023171
9151,0.7561518085244597
9152,0.9420140559587167
9153,0.4303029168593301
9154,0.4009197482238771
9155,0.031840751760272734
9156,0.5467938753625414
9157,0.35629370820134065
9158,0.8099763202791219
9159,0.14154574863567912
9160,0.6741433416140579
9161,0.20035190418803303
9162,0.3506069250666488
9163,0.368563607177024
9164,0.8466121399233844
9165,0.5987889832704115
9166,0.8566979443449069
9167,0.9001102329603192
9168,0.6593363387085291
9169,0.4014484088635551
9170,0.33214247053797397
9171,0.5052920084090229
9172,0.2128917326260488
9173,0.13045332055820588
9174,0.3159286414984265
9175,0.9010701919016891
9176,0.19543295745753023
9177,0.5443983732004958
9178,0.1801356609949017
9179,0.961378042739122
9180,0.2502408222893773
9181,0.0365162417742538
9182,0.49274898947869517
9183,0.17218769449631205
9184,0.6812668397208288
9185,0.1854306379102965
9186,0.44528929206192547
9187,0.10018618197050849
9188,0.4818273304505643
9189,0.30509383487459685
9190,0.0763195532302234
9191,0.3265802059842887
9192,0.2734642841288927
9193,0.1498461099173411
9194,0.07873763805437788
9195,0.5702924888396155
9196,0.9138832121608891
9197,0.060146838204691494
9198,0.5235210777280294
9199,0.6815484676194167
9200,0.2965481101507143
9201,0.2413044206014007
9202,0.2639375105417817
9203,0.4703373544537289
9204,0.7700181657111393
9205,0.08330793920758142
9206,0.38644981052666166
9207,0.1235577395164386
9208,0.3804003504507471
9209,0.3825578442327136
9210,0.048889451957477584
9211,0.14330309312052117
9212,0.06905769452012875
9213,0.2351993883915937
9214,0.6513365619200908
9215,0.2357681902119951
9216,0.5219875276969946
9217,0.39599836508712377
9218,0.3640487969083343
9219,0.10685447221686378
9220,0.6242941466244023
9221,0.16343823806816934
9222,0.28346350141497645
9223,0.33780729290577083
9224,0.2559269311586352
9225,0.810429565393179
9226,0.14175738288609904
9227,0.9448134474737164
9228,0.356238050415656
9229,0.966257218445582
9230,0.7187100039102646
9231,0.5573047459475162
9232,0.45079450551579575
9233,0.3426257327598187
9234,0.8079461833597563
9235,0.15779106958228253
9236,0.5377953649473799
9237,0.1259353144462426
9238,0.1679774075443636
9239,0.19332217473370159
9240,0.4505947420669239
9241,0.8652457304573221
9242,0.422496102798063
9243,0.8188596096767645
9244,0.3620864607173287
9245,0.04919932853144937
9246,0.34527398840207113
9247,0.022769886522341725
9248,0.7447689613609568
9249,0.2333050612399743
9250,0.3029808775786732
9251,0.8635059857135253
9252,0.1657691182933373
9253,0.310874034679821
9254,0.8552240778029412
9255,0.1573013994470204
9256,0.4460273947700769
9257,0.9235249234058251
9258,0.040694994887269784
9259,0.10578384813026158
9260,0.4157435866596654
9261,0.8592260107711168
9262,0.22573786790262645
9263,0.4151517877283621
9264,0.09388578126853432
9265,0.2874470363653777
9266,0.5383935402882126
9267,0.46783104965344174
9268,0.35237260050147456
9269,0.93476487601528
9270,0.9465247395420272
9271,0.09227915819648991
9272,0.077703563520393
9273,0.43073696583496
9274,0.5931353998652289
9275,0.8433586171679476
9276,0.16346643615153283
9277,0.2198444923761542
9278,0.30235173419081074
9279,0.5693639147546192
9280,0.6047535379434661
9281,0.7019398095898034
9282,0.027341758212674393
9283,0.38002233547012837
9284,0.7744682356922054
9285,0.048398733106762175
9286,0.11302831099649271
9287,0.057494805722399664
9288,0.2982614709618767
9289,0.34037635366343577
9290,0.9181086821093997
9291,0.8406027098258628
9292,0.6712701073399615
9293,0.22398398530139033
9294,0.23788215484957737
9295,0.2955656441150045
9296,0.1160265076198115
9297,0.13203880838909884
9298,0.34686146580603733
9299,0.4156585466328211
9300,0.8805791710420459
9301,0.3949869988866044
9302,0.789507649349399
9303,0.6570925078671312
9304,0.12627248170991248
9305,0.134814143858652
9306,0.6658069571184205
9307,0.7407526943163294
9308,0.4053234716957825
9309,0.06756480564932978
9310,0.40718375199867146
9311,0.1362548893442424
9312,0.040238213496131874
9313,0.31544261900207143
9314,0.39044556432638194
9315,0.08454994475534891
9316,0.9751961348937027
9317,0.527946514694462
9318,0.532333393881771
9319,0.1693656874262456
9320,0.567136132447573
9321,0.4182755873552518
9322,0.3310312387856099
9323,0.4669178877820116
9324,0.05383225862725753
9325,0.07819110762688863
9326,0.5998445443053235
9327,0.11722156826507672
9328,0.15301407310470666
9329,0.17230553411976657
9330,0.9312741417732125
9331,0.1797799918429471
9332,0.8345666624704742
9333,0.47322292434122587
9334,0.1760352991894433
9335,0.356881714678062
9336,0.8979851035469105
9337,0.1789251766239995
9338,0.6900629824882434
9339,0.5518329069717395
9340,0.2057887626380706
9341,0.44689644612029067
9342,0.36444621322117554
9343,0.26017022915010174
9344,0.27835210077564737
9345,0.4748582021217817
9346,0.13485157653726806
9347,0.9411137668175613
9348,0.9637499584505222
9349,0.1368878606657159
9350,0.8175880908668687
9351,0.43150205017275534
9352,0.16297684368203735
9353,0.13844906507292648
9354,0.6871861424410985
9355,0.08750434266307668
9356,0.3192147147208637
9357,0.246117847066041
9358,0.15341619627684386
9359,0.4302064133737739
9360,0.6642952317664244
9361,0.3184730678242176
9362,0.20302159476982737
9363,0.8367366939485396
9364,0.9556404216963591
9365,0.0674234022539113
9366,0.05673731449725228
9367,0.6947876433600745
9368,0.5538595198818895
9369,0.8204198655641937
9370,0.6028082031660038
9371,0.7059616358323089
9372,0.24463226566960306
9373,0.05668262734232153
9374,0.5958325078563704
9375,0.5500714485724378
9376,0.7208868139632073
9377,0.9673744458756537
9378,0.028973099663355522
9379,0.26950018483197835
9380,0.9256896314620306
9381,0.2091287369168795
9382,0.39866017079447846
9383,0.6133373809204703
9384,0.10593694753212954
9385,0.4875915228191498
9386,0.9209199450714849
9387,0.5597895240414092
9388,0.7224025836351275
9389,0.30076836629498804
9390,0.8986518504754251
9391,0.6771567564961593
9392,0.8546347029063902
9393,0.09139898091799012
9394,0.7498055784735937
9395,0.35927437184421895
9396,0.8798221298105722
9397,0.32292838990484257
9398,0.7388306426499053
9399,0.18016225928797344
9400,0.960342290219048
9401,0.32028809357623206
9402,0.4111675677504609
9403,0.8795828147724633
9404,0.19409136526328294
9405,0.3554633274451752
9406,0.6907037938335107
9407,0.5667692875027684
9408,0.3446156644428235
9409,0.14358950853466304
9410,0.18650144337610783
9411,0.06150566816905773
9412,0.39642908748628664
9413,0.04919161581710748
9414,0.5071684300762408
9415,0.23838232344509225
9416,0.4627164452699764
9417,0.20350605427904644
9418,0.09781353111040009
9419,0.3772200742566282
9420,0.30439454257227616
9421,0.21437787993823365
9422,0.9497479029719673
9423,0.6511475301521346
9424,0.3573702085194159
9425,0.5329171223030413
9426,0.13145357768721996
9427,0.7918430677501993
9428,0.3952448927781997
9429,0.9543530510714484
9430,0.8640270105221899
9431,0.9673997884656517
9432,0.31715764892412224
9433,0.7895408126437656
9434,0.16590316292028778
9435,0.08962493263046757
9436,0.5358895107281781
9437,0.5468563356475037
9438,0.2158128239803909
9439,0.5482360998807133
9440,0.9223823480623102
9441,0.5031753056291218
9442,0.3551019058424882
9443,0.4237804578158616
9444,0.2956231151599571
9445,0.6033699397307374
9446,0.015392789587433871
9447,0.16454565119689082
9448,0.037839122705578314
9449,0.5565954113067775
9450,0.7697972914199424
9451,0.41211364065990147
9452,0.7402536229745794
9453,0.04214993320731131
9454,0.666829007653044
9455,0.7941857715089469
9456,0.45412655204749136
9457,0.6085111449697274
9458,0.4011289305759716
9459,0.5638361004447378
9460,0.8034838509195794
9461,0.1999644544968171
9462,0.932673308267514
9463,0.5702529731757114
9464,0.09040671085428702
9465,0.15190482953892376
9466,0.308653982569339
9467,0.3280363494535441
9468,0.35299774249652616
9469,0.9139074285139732
9470,0.29996887464601796
9471,0.5630283577034636
9472,0.6615427556193968
9473,0.5752844803985089
9474,0.5238596035487956
9475,0.8396091272686093
9476,0.38035895016360727
9477,0.193226246526507
9478,0.10211576533769809
9479,0.2507251610899262
9480,0.764758135777587
9481,0.7013602535198963
9482,0.9011297726278308
9483,0.5514299115604478
9484,0.8639985119988884
9485,0.5481673347008867
9486,0.8219715420599055
9487,0.134541668335014
9488,0.8626436699685487
9489,0.7694845424632374
9490,0.6869690338720656
9491,0.22564445429247543
9492,0.47710512770886554
9493,0.34660357355029825
9494,0.4813654996580386
9495,0.2552596831692791
9496,0.8013145370039609
9497,0.37713593343974233
9498,0.3405323045677201
9499,0.0412288274354999
9500,0.5780173698480396
9501,0.48327520369345256
9502,0.6086570129121592
9503,0.3894851164945965
9504,0.7512102503307424
9505,0.5799903983197443
