respondent_id,covid_vaccine
4757,0.1745565076786631
4758,0.1016285476707582
4759,0.16346058977325428
4760,0.5
4761,0.08013630784819004
4762,0.8621834226896233
4763,0.5183275457808839
4764,0.5714819262050097
4765,0.8467275527056822
4766,0.15942917751451066
4767,0.1691600133521901
4768,0.8602402240740431
4769,0.8260426007216536
4770,0.2983378957338089
4771,0.06667971219801833
4772,0.36528469746837133
4773,0.0710280432386687
4774,0.13882711683053298
4775,0.4581665072374722
4776,0.3117258151877985
4777,0.06352650675478752
4778,0.3364978073628852
4779,0.25386405726444466
4780,0.8827399469983154
4781,0.04809662702507052
4782,0.12404462840477992
4783,0.462652689207385
4784,0.07596573466785429
4785,0.32956770357216225
4786,0.8419122106479408
4787,0.15948526504503563
4788,0.02602596803594557
4789,0.20562334111947247
4790,0.8842407999716853
4791,0.04679621518240489
4792,0.24575695224370528
4793,0.29364400197716856
4794,0.8308181039922121
4795,0.08752417500253892
4796,0.07156488403526835
4797,0.3778625763795432
4798,0.7941138127987748
4799,0.25538428700822813
4800,0.016472737289201
4801,0.09360114010068805
4802,0.27291328638065276
4803,0.061110985131564294
4804,0.7118041465481366
4805,0.034435162628428356
4806,0.12710200762845428
4807,0.016463419230911457
4808,0.10881614153802409
4809,0.48191740918706866
4810,0.7782932429003826
4811,0.270661442927957
4812,0.10984414349470631
4813,0.19802680062659433
4814,0.2807721338119686
4815,0.06039945243642249
4816,0.5213198465369518
4817,0.13088435922893524
4818,0.2226226642176265
4819,0.12281325916835875
4820,0.7606949506172278
4821,0.6026822387034798
4822,0.5659852844177982
4823,0.7732671119063108
4824,0.43957412689224074
4825,0.21756539661171476
4826,0.14294908224718622
4827,0.48419368999845636
4828,0.051544326031113454
4829,0.806709473114011
4830,0.3580256471914463
4831,0.09276660944902188
4832,0.4244997804170465
4833,0.11053550522301729
4834,0.8253338341171246
4835,0.9428537878753868
4836,0.10877595067567926
4837,0.20887154575862765
4838,0.05162258620254919
4839,0.11303568104813541
4840,0.3309253795945671
4841,0.6083624171122373
4842,0.5923146122117633
4843,0.10227202871640513
4844,0.02480406601371785
4845,0.07200154007682402
4846,0.12662339231317712
4847,0.07724490030181651
4848,0.15845145352762244
4849,0.335866485856008
4850,0.058393333268694926
4851,0.1614334674910856
4852,0.15715149427505984
4853,0.1533321565630283
4854,0.7947380645380392
4855,0.34325392204820043
4856,0.2861476543244066
4857,0.18689847710821073
4858,0.7619372445190955
4859,0.19352109497067016
4860,0.17728224465935177
4861,0.03402919606701625
4862,0.1315929193017241
4863,0.10486998977194152
4864,0.0791946256559105
4865,0.269804290038517
4866,0.3073749589805104
4867,0.1189065065095889
4868,0.0326987546107156
4869,0.19944753821706787
4870,0.016008160111128142
4871,0.1616739642996425
4872,0.06838719335444664
4873,0.0997263844013274
4874,0.04269767237774836
4875,0.35913840537073455
4876,0.04705655135266001
4877,0.2425874088849063
4878,0.6274722101986915
4879,0.4024840071851244
4880,0.14459970223334873
4881,0.7820745294811838
4882,0.4156730668359977
4883,0.10234460997662241
4884,0.10242973658513861
4885,0.2608304975009381
4886,0.029456152345668424
4887,0.44983585424097916
4888,0.29268911737817754
4889,0.14424959159345974
4890,0.020519353948874768
4891,0.09887870219247952
4892,0.18981542121966033
4893,0.16222260205231118
4894,0.8128909012592275
4895,0.1331899662068767
4896,0.6241993080343686
4897,0.9017971774858693
4898,0.29356159163364876
4899,0.28939036722803224
4900,0.02330982858602302
4901,0.16635457368317963
4902,0.5064450665293061
4903,0.1613146656201793
4904,0.8991757217178041
4905,0.2507557881881428
4906,0.14005789176708297
4907,0.7194041470394106
4908,0.3945006434025353
4909,0.4147060297741832
4910,0.10302680322444455
4911,0.2254091026751422
4912,0.09206872933399432
4913,0.7685936620901259
4914,0.05729627032543459
4915,0.7245021807958304
4916,0.1977358033177403
4917,0.08458421819124765
4918,0.08881183170338926
4919,0.06930990535535844
4920,0.33659718186293697
4921,0.5
4922,0.09396913765535332
4923,0.5306954364324341
4924,0.11938601031947012
4925,0.08026048427158779
4926,0.17267563615375348
4927,0.1501055546340749
4928,0.2009872502108713
4929,0.7953123440760037
4930,0.09933693961703227
4931,0.579786353172244
4932,0.10949116044685998
4933,0.8119311264470596
4934,0.0543525712196427
4935,0.24184926600192638
4936,0.1955384118018073
4937,0.07466854410493076
4938,0.8950442265345885
4939,0.23337292614421223
4940,0.4172103752093117
4941,0.6171604422820937
4942,0.8288742978172525
4943,0.26525013688380306
4944,0.1511071378827383
4945,0.8981508309878892
4946,0.318299601060655
4947,0.8310753358053485
4948,0.07987480133882471
4949,0.13420335949658294
4950,0.2885954623221451
4951,0.11200730589331596
4952,0.2628574747369662
4953,0.1956500783350442
4954,0.49050771407425625
4955,0.11914935130188573
4956,0.11316207600782255
4957,0.7241940944121743
4958,0.17819205927545825
4959,0.07587960207056899
4960,0.23039386269193884
4961,0.5364910770355615
4962,0.15736918910062594
4963,0.36890558422657455
4964,0.6844394718005339
4965,0.5
4966,0.08493862172354572
4967,0.08007479012420529
4968,0.6313873639051404
4969,0.7340209148192123
4970,0.38387412031042606
4971,0.9049194289829319
4972,0.7207735245246896
4973,0.4227643714687866
4974,0.040678175937431525
4975,0.08041805337403521
4976,0.5
4977,0.05990053630707569
4978,0.8804148591798694
4979,0.21296738057202316
4980,0.07290160513796451
4981,0.16790219455350205
4982,0.3362567121796537
4983,0.07192443895653619
4984,0.29923785911367534
4985,0.33543445395263133
4986,0.1774987200518254
4987,0.3561991216955447
4988,0.8950102004549177
4989,0.18695676383368354
4990,0.023361469318963837
4991,0.08948370039791463
4992,0.07605008069152994
4993,0.4336393141758987
4994,0.24276995401896165
4995,0.24091438165435228
4996,0.1683154606992561
4997,0.6378227893974266
4998,0.12535960076217495
4999,0.2927646024986149
5000,0.17455456710069805
5001,0.10945625532295822
5002,0.04678299908837656
5003,0.5977080222975738
5004,0.8630662088864507
5005,0.11966032446486465
5006,0.06283399858703287
5007,0.8026745690035029
5008,0.15724659463161084
5009,0.08362831591933155
5010,0.06348324587968635
5011,0.2227919243839467
5012,0.15348014170639088
5013,0.04890080017071871
5014,0.11250094228751092
5015,0.0771866479954188
5016,0.019106164020798087
5017,0.3998867816595105
5018,0.7489878617715089
5019,0.17907118081417694
5020,0.18044390166883423
5021,0.4010339460747492
5022,0.8550084829328535
5023,0.7158067214244818
5024,0.0395762117653252
5025,0.05113583317073768
5026,0.028033153222793317
5027,0.28741109756605143
5028,0.06318366939342474
5029,0.10986385292149302
5030,0.6187251461439718
5031,0.4936983533133492
5032,0.15404871048637897
5033,0.09893498154708012
5034,0.6428970288024715
5035,0.0274431023865971
5036,0.05160774453174379
5037,0.5296256612773036
5038,0.45734762536561196
5039,0.08771887002930835
5040,0.6760791013398033
5041,0.07973134258793575
5042,0.45738725199738295
5043,0.9314550330449323
5044,0.6909914819987447
5045,0.13007453804685506
5046,0.314584070674909
5047,0.17241295990373925
5048,0.07017336414922702
5049,0.13498141064791014
5050,0.12052648346728784
5051,0.6688732293347562
5052,0.8798222072128602
5053,0.03614686657312552
5054,0.11010393825448625
5055,0.1720132902035051
5056,0.11633297146083454
5057,0.1329045380668736
5058,0.17125485473341104
5059,0.7642633612583009
5060,0.4767288671883438
5061,0.06578998165263024
5062,0.31985287019110664
5063,0.09849306109410956
5064,0.036667766238014515
5065,0.05781176017743469
5066,0.7184587318694577
5067,0.719252044807447
5068,0.06646348200538628
5069,0.1972835305007207
5070,0.3871497737664629
5071,0.30610295097701884
5072,0.7719492802378256
5073,0.05052013921493897
5074,0.7362877875429845
5075,0.88497993781955
5076,0.2596179707067642
5077,0.332757250921022
5078,0.1300035357329987
5079,0.8991090549283655
5080,0.09245640379689493
5081,0.21532082153553112
5082,0.058311455855294264
5083,0.6743767363659036
5084,0.6968183548397553
5085,0.2202207704689238
5086,0.598886725303119
5087,0.0877862962131566
5088,0.47335652543316287
5089,0.41099749408373715
5090,0.06880860084526312
5091,0.059872124105444714
5092,0.3834134569293428
5093,0.18724908120508474
5094,0.41281742295810414
5095,0.1251932384097117
5096,0.13511803487494786
5097,0.1438886569934575
5098,0.7948361543982547
5099,0.13919952556407042
5100,0.14814164923224857
5101,0.10989487066885907
5102,0.5878654069707017
5103,0.09428153957876316
5104,0.017048258604923115
5105,0.09603913527531942
5106,0.21549560930277098
5107,0.5600309257435298
5108,0.2221926249476197
5109,0.10037927533610509
5110,0.7631261681696119
5111,0.4069732634378484
5112,0.2946699172391412
5113,0.7932830256642898
5114,0.10781610236828292
5115,0.1147722898128131
5116,0.2162847587951739
5117,0.06773314929600877
5118,0.3941902423406593
5119,0.47078281329045824
5120,0.48346751608075855
5121,0.6804862581539649
5122,0.12163639741149847
5123,0.43400398737555385
5124,0.06521390365143805
5125,0.0785848000393533
5126,0.10586671539694645
5127,0.794613012079408
5128,0.18038439469571466
5129,0.04619715876552362
5130,0.7240230295823034
5131,0.31127058441400285
5132,0.05294931835077508
5133,0.2828060828338262
5134,0.08330240964781338
5135,0.38731923548293173
5136,0.438222212333254
5137,0.8069945142983993
5138,0.6683716053371407
5139,0.7801062160340174
5140,0.8599952778887548
5141,0.5221480303719453
5142,0.17111150159711136
5143,0.0832045831822554
5144,0.2528154262573917
5145,0.7898741095575527
5146,0.04147300311640459
5147,0.16759994675667425
5148,0.07087485767619686
5149,0.8751838137529334
5150,0.18538161865118852
5151,0.7260919685081267
5152,0.7496513007751883
5153,0.2425663377040098
5154,0.8959350379743318
5155,0.27002266224052274
5156,0.8635911337016253
5157,0.10619569329270864
5158,0.4327314156179702
5159,0.4493609097916454
5160,0.8875526216638384
5161,0.11872707776359212
5162,0.8586369757137815
5163,0.3747230964236646
5164,0.7299064624979495
5165,0.7295708738748392
5166,0.04068653630853462
5167,0.054808917130173745
5168,0.3485622984318402
5169,0.07814468246670812
5170,0.5223107986176027
5171,0.2149109858187156
5172,0.6781965654498138
5173,0.13610804898064904
5174,0.7687662069413504
5175,0.4347574269898692
5176,0.210889668537394
5177,0.6905099727789543
5178,0.42124715632608434
5179,0.6440930032133917
5180,0.3034099926738833
5181,0.08773794955694993
5182,0.6478104586901412
5183,0.26477068295242967
5184,0.05260897779139008
5185,0.18694647201087777
5186,0.873567992235115
5187,0.565477973614797
5188,0.20632110807183596
5189,0.11471869978914098
5190,0.1431679698174572
5191,0.2333307975757857
5192,0.24395302857662357
5193,0.8715750608718849
5194,0.13894457809460922
5195,0.12135051459233663
5196,0.16722978058244276
5197,0.08276601495796002
5198,0.08476506098129907
5199,0.10634314106337066
5200,0.15639547976337081
5201,0.16693572414885752
5202,0.8354251737050207
5203,0.3682993303118662
5204,0.5
5205,0.07325820904651262
5206,0.0647349923049903
5207,0.09361088777567625
5208,0.07652916078191861
5209,0.33525258759914944
5210,0.3367544167277909
5211,0.07734352279851331
5212,0.21822745610569183
5213,0.21656469039118298
5214,0.2034842321038191
5215,0.6619876324624526
5216,0.03698448594413579
5217,0.037418282092742505
5218,0.7372809414983178
5219,0.08389691322740682
5220,0.828924371146545
5221,0.304764125172052
5222,0.8300574544074995
5223,0.09329262005728715
5224,0.33506016368323555
5225,0.23337610026699543
5226,0.8409491801919105
5227,0.29411849646788657
5228,0.27922770094631194
5229,0.3028302742721931
5230,0.6758085015558393
5231,0.47589743955747854
5232,0.3566730740764914
5233,0.11301422020780631
5234,0.08076348152365853
5235,0.08714744104974018
5236,0.05860302923013902
5237,0.12969794548097371
5238,0.552060820464662
5239,0.034347043006653116
5240,0.9242940328773945
5241,0.038558960050769156
5242,0.7715220448572795
5243,0.4933972926612128
5244,0.5
5245,0.07045423126897342
5246,0.8230896593183044
5247,0.11841671910909131
5248,0.12193887716583499
5249,0.09210999341373075
5250,0.37021487517015506
5251,0.8022821992109708
5252,0.88154799379679
5253,0.11236861014750306
5254,0.3872747587658127
5255,0.23197764563923004
5256,0.6170835408091264
5257,0.1309284906100496
5258,0.7042679312208427
5259,0.22681101732591194
5260,0.6481254729087074
5261,0.28397501584519336
5262,0.15887862094157518
5263,0.757310044487747
5264,0.2028477355329392
5265,0.8747364643754726
5266,0.16690909232309123
5267,0.26694423674303375
5268,0.7536585800953262
5269,0.07210918738387949
5270,0.4647414532183239
5271,0.061946802647638494
5272,0.14380851472966025
5273,0.17932722738501586
5274,0.21487281648009735
5275,0.3548025093996359
5276,0.5
5277,0.20588489905194432
5278,0.26504580015770207
5279,0.1986603235169097
5280,0.5837391118798195
5281,0.8801165945229564
5282,0.11101928488968642
5283,0.1943323337212062
5284,0.02858884433949236
5285,0.08764309457935779
5286,0.04073874185223961
5287,0.8877002293606473
5288,0.07559023002662221
5289,0.0494114272287755
5290,0.06407982106728856
5291,0.6368248366559457
5292,0.08694510062510641
5293,0.05065523414366332
5294,0.1901861481485326
5295,0.17261760904663356
5296,0.778340025344856
5297,0.5619371794957018
5298,0.6064650938627992
5299,0.10132773265296732
5300,0.05270112267028046
5301,0.11637439538975249
5302,0.4715104008398688
5303,0.20018210448469648
5304,0.29835503065136765
5305,0.08380305186542131
5306,0.15444319548576504
5307,0.7391648704495418
5308,0.8128927601478331
5309,0.5549164170886586
5310,0.03200389843438459
5311,0.11174485121270115
5312,0.6574228556616599
5313,0.04051830555429176
5314,0.7495182043000697
5315,0.06941775135067091
5316,0.8447246564547571
5317,0.05815392485000314
5318,0.24847768200561127
5319,0.06890201638584419
5320,0.5312090313462945
5321,0.3527700999622056
5322,0.034472742749890345
5323,0.2231353703592962
5324,0.05824857712709273
5325,0.8338158581380148
5326,0.5396946573672239
5327,0.19734758338326894
5328,0.854907878625928
5329,0.8071026465608769
5330,0.09858807995097042
5331,0.766711216091893
5332,0.7830671680328037
5333,0.04879371978451117
5334,0.3230112678389909
5335,0.22729501385424472
5336,0.03619792109497987
5337,0.9299209933723127
5338,0.18010078034666815
5339,0.06148946844592998
5340,0.1714052845840451
5341,0.11975191394063522
5342,0.060644511545379615
5343,0.13627671894555274
5344,0.8079531227790592
5345,0.8171574048556113
5346,0.8483158246005056
5347,0.07711173531280995
5348,0.061909101905962695
5349,0.22553661985174578
5350,0.20090131901154987
5351,0.5
5352,0.2588221669436444
5353,0.6801684576650184
5354,0.32270615837566896
5355,0.85928056540831
5356,0.562661774180413
5357,0.06639365351851441
5358,0.1255606415883048
5359,0.7365940729207338
5360,0.0822824640788548
5361,0.671390602677031
5362,0.03882055545569085
5363,0.33618809963729995
5364,0.07247508365573496
5365,0.3093866128137279
5366,0.6773505458495142
5367,0.07101048993936251
5368,0.36991890587942966
5369,0.22955559283907345
5370,0.09704672954412287
5371,0.07909447761323543
5372,0.07622292889860681
5373,0.13739009625846677
5374,0.08300590655222509
5375,0.3634103493212556
5376,0.5211069804259064
5377,0.7441255806894587
5378,0.8492335359274381
5379,0.7299601938324322
5380,0.09587005507552636
5381,0.1285906734118695
5382,0.13891954970260809
5383,0.19180898116644
5384,0.03472364846747447
5385,0.22673460727877726
5386,0.08057934522993841
5387,0.93072514224974
5388,0.5501462609851737
5389,0.06578313688633916
5390,0.08540156760788577
5391,0.518168497072323
5392,0.6677830710101309
5393,0.38489696680260593
5394,0.1871536645470932
5395,0.2017422173608411
5396,0.3665165385565856
5397,0.7040823943127522
5398,0.43101672251135326
5399,0.4354606542842752
5400,0.9680254252381887
5401,0.16001602134704215
5402,0.39127148101301734
5403,0.0988229203803006
5404,0.1753422454381262
5405,0.920665455655144
5406,0.722216575685376
5407,0.8811354235058828
5408,0.9174598876032093
5409,0.0529891772728407
5410,0.15943009827653154
5411,0.5864801469234017
5412,0.19043645194130868
5413,0.14164301137143365
5414,0.1924430992046232
5415,0.3338816809638602
5416,0.08860459520780875
5417,0.1786978392828458
5418,0.15614723997907787
5419,0.29338885232122736
5420,0.2154234662000971
5421,0.2955385985388204
5422,0.2127126609246538
5423,0.11542026454388644
5424,0.7031143687691733
5425,0.810227230235308
5426,0.08115218543434045
5427,0.1520998673706367
5428,0.6308914236597317
5429,0.2961331538773668
5430,0.2294225090083394
5431,0.1957994531261076
5432,0.3760778732717805
5433,0.7354437758825918
5434,0.5877451649597515
5435,0.5
5436,0.15902961143031652
5437,0.11700102937911205
5438,0.1217496397012237
5439,0.07603126562567425
5440,0.8079396466283557
5441,0.09356215109868887
5442,0.08031572724839352
5443,0.26808867875863074
5444,0.6312316790600772
5445,0.8939655402378379
5446,0.6612670171296985
5447,0.15922427792407595
5448,0.773344658292563
5449,0.11553239127904978
5450,0.30755762504245304
5451,0.06189983826944638
5452,0.666696685287812
5453,0.060566328469057434
5454,0.21219650635998505
5455,0.25606300801244686
5456,0.481499197439457
5457,0.4151048547626775
5458,0.18222819942140508
5459,0.23981791281122938
5460,0.6036009580703423
5461,0.021197457514094853
5462,0.6050084648224456
5463,0.09301826825242512
5464,0.06271668351183007
5465,0.2650045308248516
5466,0.08623228526738118
5467,0.09085261296330356
5468,0.2438857642558349
5469,0.5057559409890728
5470,0.049157893816722
5471,0.191965354439872
5472,0.22891353833295744
5473,0.8626719779021955
5474,0.09026940091215804
5475,0.8265445790178557
5476,0.04421519810170363
5477,0.862196164600353
5478,0.051885481917275954
5479,0.0757934122184747
5480,0.34324194762815124
5481,0.9343091602378263
5482,0.34278987447435383
5483,0.15040189691478764
5484,0.05709599307459904
5485,0.26814539553286015
5486,0.03543007125349028
5487,0.5604969555832096
5488,0.19002150792972525
5489,0.14914809030985618
5490,0.5596204831134078
5491,0.03103368567318794
5492,0.4528537005986552
5493,0.03126980929162562
5494,0.370115854851014
5495,0.24409113153466294
5496,0.7252744382671991
5497,0.21780590776610356
5498,0.5618680788678863
5499,0.07749116589285
5500,0.03810726379961885
5501,0.1851631899059149
5502,0.634211732630715
5503,0.171071292231788
5504,0.7544631409659606
5505,0.10148391796699606
5506,0.07668783198661422
5507,0.07763156403422997
5508,0.2984264778512458
5509,0.26042731469958325
5510,0.1564944701494988
5511,0.7466184237270179
5512,0.14422344613315796
5513,0.4520019170123291
5514,0.061387588851342254
5515,0.6480604385529529
5516,0.2235820932839995
5517,0.2775733739334696
5518,0.8590615184693864
5519,0.5880774978401441
5520,0.30320389488606253
5521,0.7071516045111772
5522,0.19202331170574274
5523,0.13920017930512635
5524,0.7583673243605992
5525,0.3996447650267738
5526,0.0645916803437634
5527,0.05529673979474496
5528,0.419665742593707
5529,0.18815613763862163
5530,0.026655981521661362
5531,0.07797612882703847
5532,0.27634920244862043
5533,0.7020642694795624
5534,0.09215053510512533
5535,0.41508133367952466
5536,0.5280106262658355
5537,0.06049000033353764
5538,0.1761766718428919
5539,0.11221587259090497
5540,0.7894162521901404
5541,0.041305506592064986
5542,0.1684055269059919
5543,0.7927380290839929
5544,0.5802648044057482
5545,0.2916403674341714
5546,0.5840143268274677
5547,0.12319479811273557
5548,0.6463492945940585
5549,0.0779875810909167
5550,0.08274577777398287
5551,0.2173231037048558
5552,0.3875160941150847
5553,0.11914975361897075
5554,0.06274809793655364
5555,0.28461994689197306
5556,0.07019605302032102
5557,0.8350314990079322
5558,0.8793353637863689
5559,0.4631036184361349
5560,0.16705622390467517
5561,0.5772850114811311
5562,0.7240880565920559
5563,0.23472743094446735
5564,0.8388983015242018
5565,0.366433536295583
5566,0.08181785686170909
5567,0.5
5568,0.6961447398108177
5569,0.8818086273799476
5570,0.701275445045844
5571,0.17205580179615002
5572,0.0693762596125421
5573,0.39244211954559877
5574,0.11696465881886899
5575,0.05075382452623342
5576,0.047723350796796474
5577,0.16854257714778773
5578,0.27759205437713774
5579,0.052176992394286796
5580,0.46240562743601926
5581,0.1421288575643003
5582,0.5821438646583385
5583,0.3106082645612678
5584,0.17920006940000768
5585,0.5914169194628152
5586,0.6529516778032145
5587,0.5259370636315446
5588,0.20684044163020776
5589,0.0720670398147233
5590,0.17055179927108186
5591,0.04935123886502394
5592,0.3181314233290076
5593,0.13309015247826966
5594,0.44137548059115156
5595,0.8505879948641198
5596,0.08914939591209388
5597,0.4200543286605558
5598,0.22781638846971494
5599,0.0935034814780978
5600,0.5067281277919877
5601,0.08787281129759121
5602,0.734797676426708
5603,0.14711233497278467
5604,0.1915662320002666
5605,0.23867263752683607
5606,0.046650411499866366
5607,0.9031667111291162
5608,0.03693705801178168
5609,0.8860314885227358
5610,0.039375958449524504
5611,0.16011693547240574
5612,0.11350978903347564
5613,0.2765831057165993
5614,0.04890931531645169
5615,0.8666702206307559
5616,0.660896686604921
5617,0.8724467874925662
5618,0.06402017222564953
5619,0.7098839376074374
5620,0.04728785184987364
5621,0.29387352135501854
5622,0.931448371943882
5623,0.1427569523495311
5624,0.4580516124887368
5625,0.39972081782705354
5626,0.5491959382036539
5627,0.791970874441969
5628,0.033314969056207955
5629,0.3675395220760576
5630,0.24123938212146462
5631,0.058322390162045976
5632,0.9241462688763104
5633,0.30838691089639225
5634,0.8434768774628029
5635,0.3757660722250899
5636,0.061852844891384845
5637,0.3036019127368844
5638,0.3188725852553922
5639,0.5614627201726358
5640,0.09203033598863533
5641,0.08747205001349324
5642,0.6710459089113917
5643,0.06043063285742892
5644,0.39297229883784
5645,0.24973043527082237
5646,0.07891890936686534
5647,0.2066163258094512
5648,0.8702783712276936
5649,0.06329562543989817
5650,0.2471001120966258
5651,0.8658234079874164
5652,0.16982321810460807
5653,0.37039666337894195
5654,0.3041779952903413
5655,0.12258041665266703
5656,0.2068129057286829
5657,0.06741609701477601
5658,0.039166546458974376
5659,0.050932107262912404
5660,0.8740499978047228
5661,0.21455954075168154
5662,0.14624235897530222
5663,0.0701685406368733
5664,0.19603925008652498
5665,0.6398477443990037
5666,0.9637997320257067
5667,0.08594155986896572
5668,0.578331101932247
5669,0.676059377294621
5670,0.16142703100175995
5671,0.17602043055083047
5672,0.7894785746722277
5673,0.8833966021081489
5674,0.061552525085759195
5675,0.1567642100820994
5676,0.5334948069459785
5677,0.12324054055522594
5678,0.7651968012005993
5679,0.875475589988926
5680,0.1045097783743783
5681,0.877157616668587
5682,0.0937674549439423
5683,0.36490193614252403
5684,0.1280357465043468
5685,0.1551387148957169
5686,0.6933053859613404
5687,0.41900628330986867
5688,0.05707725663072158
5689,0.6704531126917063
5690,0.13687677048719846
5691,0.05458375834489387
5692,0.4634684814990375
5693,0.19853639172054544
5694,0.3500310859693768
5695,0.053855970794093634
5696,0.12605877885435776
5697,0.05990180865474604
5698,0.07697765328342294
5699,0.2206900795826064
5700,0.11811957078785232
5701,0.18402824950016936
5702,0.16895239970076864
5703,0.02059541518741803
5704,0.5551413681718111
5705,0.49319743521885634
5706,0.8258409290519909
5707,0.12263161652989997
5708,0.3095769551194499
5709,0.06026019645472774
5710,0.6463250735914029
5711,0.23491268007308105
5712,0.6971625211101873
5713,0.6472705661419461
5714,0.5625709493332176
5715,0.7994005441075193
5716,0.14654914514378267
5717,0.19266154345009767
5718,0.5173785532865358
5719,0.09961365483417824
5720,0.07227232026516607
5721,0.14973041020972103
5722,0.17680906555478984
5723,0.18169966251364406
5724,0.5852830538121654
5725,0.10278126863058133
5726,0.07948608103422863
5727,0.3758412193896774
5728,0.1434447137109199
5729,0.6945094469796528
5730,0.601602543104943
5731,0.19912295412041875
5732,0.13186911526502168
5733,0.13897828687380337
5734,0.2776627242826094
5735,0.6914066842941474
5736,0.36788843134892796
5737,0.8557309387416184
5738,0.41601619579844673
5739,0.08733840089065309
5740,0.2937183111874882
5741,0.2723464000197184
5742,0.0632030419665153
5743,0.06995058416652403
5744,0.24328021383849596
5745,0.06369191967256041
5746,0.5837755124285082
5747,0.5207004605743308
5748,0.04699403841366042
5749,0.18140882806769545
5750,0.06047189103561565
5751,0.2653375661349666
5752,0.8130108951063848
5753,0.05123439703765372
5754,0.8366441542331063
5755,0.21306461503397858
5756,0.3297236909379562
5757,0.023809545646294134
5758,0.8180766832963716
5759,0.019568465967918586
5760,0.07906750073912289
5761,0.7039155623233818
5762,0.4132337515238768
5763,0.22107647184284207
5764,0.8051115357529969
5765,0.14073779184955246
5766,0.3353170629723849
5767,0.2647515641763788
5768,0.39628381994601836
5769,0.12268345237691253
5770,0.06090741627814129
5771,0.620600703768865
5772,0.35185683861970035
5773,0.1470501320751739
5774,0.09219750728275493
5775,0.10401581433719986
5776,0.550562954000897
5777,0.48953864760898813
5778,0.6006689276655272
5779,0.19309180816521998
5780,0.05099925890270495
5781,0.30281608749008465
5782,0.20143267283480848
5783,0.11846604794202607
5784,0.06238245959952145
5785,0.760566624357706
5786,0.5915938619735993
5787,0.8486929390854554
5788,0.5
5789,0.21517340357889375
5790,0.05480669547977694
5791,0.48049855343310527
5792,0.5064650406375555
5793,0.5059956493589689
5794,0.8995659271184245
5795,0.08194743852666013
5796,0.6565649958155604
5797,0.11609687417487338
5798,0.04315539175570502
5799,0.5440577051551988
5800,0.7582115984931519
5801,0.1325632190840329
5802,0.08161373868467647
5803,0.9150673227730602
5804,0.09287215031161447
5805,0.33715054190315186
5806,0.04754573708837069
5807,0.9126097483906339
5808,0.8252159091027595
5809,0.3107697345550313
5810,0.871184237728135
5811,0.05196433558811882
5812,0.33576795835341017
5813,0.10197893834820225
5814,0.21850840878716143
5815,0.04016391185444192
5816,0.4833516476392753
5817,0.06843118002847487
5818,0.10593602085162018
5819,0.1733902664178742
5820,0.30246943309691204
5821,0.6548453412604579
5822,0.0624907482408669
5823,0.7061613127934074
5824,0.5618112644499533
5825,0.32171313856715206
5826,0.5868120662621762
5827,0.17583798397568703
5828,0.8055551168704276
5829,0.09007582798875337
5830,0.013912471033745656
5831,0.09449384635387875
5832,0.9028327167282256
5833,0.16835959861029665
5834,0.2387401202814757
5835,0.7910886354613599
5836,0.2542310501124231
5837,0.1360643249901513
5838,0.11720637993385827
5839,0.7750208428896894
5840,0.05982714946570293
5841,0.09968361014512028
5842,0.8226995975701926
5843,0.5127999024379001
5844,0.25873608574512497
5845,0.8762039656908741
5846,0.5174498627094547
5847,0.08154534026411132
5848,0.25799810450514205
5849,0.032114225560500996
5850,0.8303666743491582
5851,0.08544474528975382
5852,0.3192946068432349
5853,0.46646038327494926
5854,0.1999150188089791
5855,0.764585057085523
5856,0.1259583724054421
5857,0.2947375048388955
5858,0.2289391062978932
5859,0.36304418551349155
5860,0.11621914543369821
5861,0.36533267707892997
5862,0.8125175351910411
5863,0.21928394940632936
5864,0.5177906168146151
5865,0.5872435139585845
5866,0.010989158430398991
5867,0.3684942924807555
5868,0.04556511190987189
5869,0.06684976458650532
5870,0.2506575920633272
5871,0.0693392408742338
5872,0.13356800094181304
5873,0.03801087884170183
5874,0.10726081077341129
5875,0.44856707287879055
5876,0.30258859436041363
5877,0.8602696540697735
5878,0.9127082721237993
5879,0.9011911818330436
5880,0.19034258667572615
5881,0.19590620880884474
5882,0.5238807945973234
5883,0.0568065822640555
5884,0.3517021499522797
5885,0.05226369102887553
5886,0.8068095132856435
5887,0.30286638020020396
5888,0.12250900497508518
5889,0.8703835797960946
5890,0.5578631925244776
5891,0.7705716738326864
5892,0.6884685423331811
5893,0.43286020183153034
5894,0.06832362913516833
5895,0.03535057932683331
5896,0.18644284406491737
5897,0.057973184518428617
5898,0.9485329939034941
5899,0.7827700833594745
5900,0.270953720692205
5901,0.07396740296082903
5902,0.5408205298051817
5903,0.025447671075132718
5904,0.7747499480195071
5905,0.3930589738746204
5906,0.2351012646705743
5907,0.250046983587843
5908,0.058562088247240913
5909,0.5529417082825377
5910,0.08696389396056997
5911,0.751671478913427
5912,0.1506560628607734
5913,0.8523858152656694
5914,0.38572492412568055
5915,0.22532198544366985
5916,0.08707675257385344
5917,0.482067188139392
5918,0.3047381575151947
5919,0.1568616080104892
5920,0.10072092181537037
5921,0.2731075312675727
5922,0.1470988993588579
5923,0.14730307245731392
5924,0.5750637088547154
5925,0.14229027272513758
5926,0.11894312145263301
5927,0.6049061010489747
5928,0.27965950328789857
5929,0.6916562185282824
5930,0.3868712960888197
5931,0.5164415240673911
5932,0.8706597883351644
5933,0.18306633610936046
5934,0.19294013684830538
5935,0.32350355888153365
5936,0.45187803307207836
5937,0.28610843457559315
5938,0.7147154674450444
5939,0.034387080999434536
5940,0.4228607483713611
5941,0.06765068168994647
5942,0.7300109615593369
5943,0.5907992318603231
5944,0.29454744569946323
5945,0.7852450554481191
5946,0.2362376530623182
5947,0.44887299000694436
5948,0.09516616426211887
5949,0.14616253148973535
5950,0.26463467390681455
5951,0.10861547528364143
5952,0.29044141852598493
5953,0.38741710578745275
5954,0.11756943638090592
5955,0.14234801528164676
5956,0.7007515923872202
5957,0.14706842302007578
5958,0.06484444719709188
5959,0.036669101942998925
5960,0.8823103737952886
5961,0.7448528057669656
5962,0.7008187669869009
5963,0.13271191603372104
5964,0.2505631499797308
5965,0.06000464185178123
5966,0.061477158032891936
5967,0.4514593584622834
5968,0.4847598160978333
5969,0.6911938753852229
5970,0.2082151029674488
5971,0.5474015943308345
5972,0.6925684352770677
5973,0.12383372446323383
5974,0.8347722917720696
5975,0.20194878050679843
5976,0.04589319952950645
5977,0.38963938298763723
5978,0.08776860354029067
5979,0.6149012005849466
5980,0.05418664592972073
5981,0.16716241196833337
5982,0.3848914714201392
5983,0.7135061161562184
5984,0.05377226278531271
5985,0.2682512753908737
5986,0.20127789458182385
5987,0.05611293471627939
5988,0.12000108888583394
5989,0.6347504608925685
5990,0.3627474669176998
5991,0.1441496075343877
5992,0.35556786996940565
5993,0.6821388482457948
5994,0.7567471405920352
5995,0.07705335044596619
5996,0.1657338211013467
5997,0.08092453225205755
5998,0.08281781896524494
5999,0.04030473676909127
6000,0.11018399189378142
6001,0.6594984413623498
6002,0.03051924283769449
6003,0.12568610359526786
6004,0.7116525075328275
6005,0.25531667368189204
6006,0.16276979646339534
6007,0.08841732910668634
6008,0.19462376680428753
6009,0.43297364937216043
6010,0.44152218009186844
6011,0.40541799766641795
6012,0.056921291523548856
6013,0.04553376965325408
6014,0.11018359010077473
6015,0.17853646893541905
6016,0.12285020118187015
6017,0.12252102058277185
6018,0.6906430612617884
6019,0.13400621267342208
6020,0.06247673786645867
6021,0.7188772292187768
6022,0.5566814780964172
6023,0.3449213050657232
6024,0.1752970389912788
6025,0.473036361312479
6026,0.5845219781583201
6027,0.036968623840672274
6028,0.5799508064237379
6029,0.7223338831430621
6030,0.22288134414368446
6031,0.10944742001818314
6032,0.1301646200517023
6033,0.45917004993388677
6034,0.22499365125215226
6035,0.063664254765491
6036,0.6192997925564798
6037,0.06898449294297096
6038,0.6225182570096315
6039,0.09681607016335873
6040,0.3611467572454629
6041,0.22028694061983853
6042,0.13175275999875705
6043,0.10025746368452915
6044,0.13146002388109332
6045,0.33122144541068627
6046,0.040845974419760935
6047,0.7829434421921394
6048,0.569675410575461
6049,0.7853468934117661
6050,0.6459852538345991
6051,0.21539988632545357
6052,0.2340508370551421
6053,0.10978260267150532
6054,0.2618649509617386
6055,0.09182582660058367
6056,0.026217769397616966
6057,0.380471628843391
6058,0.18936478343093555
6059,0.5193717500412952
6060,0.8188409831132002
6061,0.18307027161831949
6062,0.6869966017747504
6063,0.16816068700503167
6064,0.6058052332365231
6065,0.6610718888189032
6066,0.28867126121069847
6067,0.08461637593868226
6068,0.15051404855267275
6069,0.8260425016915964
6070,0.0850827348443081
6071,0.09260842379273462
6072,0.38598400192040966
6073,0.08723460882669717
6074,0.3284822884310594
6075,0.5126427069046182
6076,0.03360672857496458
6077,0.8388140602594706
6078,0.1511297922720505
6079,0.10013023625992451
6080,0.09615466869077315
6081,0.021648196326705435
6082,0.13939035269169708
6083,0.8813255488993543
6084,0.23770207993702422
6085,0.6020390175082327
6086,0.9271135270620688
6087,0.2693446910254539
6088,0.2650882475493493
6089,0.124274013011959
6090,0.1877060661623312
6091,0.07752021061354308
6092,0.25810588014717617
6093,0.12493910354031221
6094,0.23139430887380422
6095,0.11149555354930688
6096,0.08036233635842369
6097,0.6107150529187773
6098,0.5362242878697192
6099,0.8194035577703538
6100,0.043028482951111995
6101,0.31967548219799835
6102,0.6087813820993837
6103,0.12097410936421812
6104,0.671950083142529
6105,0.5
6106,0.5
6107,0.026851530570289866
6108,0.3006490126481886
6109,0.2525317256476602
6110,0.4106839992387974
6111,0.4846464094433439
6112,0.09963128591176182
6113,0.06679655929388878
6114,0.7602948905630119
6115,0.06418763543380175
6116,0.3756576782275534
6117,0.13492424633298913
6118,0.07483397071829224
6119,0.8358420011468672
6120,0.10784971247840289
6121,0.11527232368320289
6122,0.7931130454758442
6123,0.061760541758859214
6124,0.2100080398864641
6125,0.7440508652077354
6126,0.3781472287200711
6127,0.42047733088750183
6128,0.09328058786068116
6129,0.9057779835754426
6130,0.28532786484675754
6131,0.10720296128070574
6132,0.12939832299339268
6133,0.539597790196639
6134,0.18604622294482628
6135,0.41864401782382715
6136,0.20330915189478782
6137,0.12723241931138146
6138,0.08082272883625102
6139,0.3409588312344561
6140,0.1928985769021289
6141,0.20462659651890414
6142,0.5738916534168056
6143,0.13605996356254793
6144,0.35318523476943586
6145,0.3941231119620215
6146,0.06683430767261357
6147,0.5
6148,0.86056380559699
6149,0.10370034974861962
6150,0.647852101784256
6151,0.1888425347928195
6152,0.1559152549139699
6153,0.895696479559203
6154,0.7247482066448654
6155,0.10797507912611923
6156,0.5912987634351966
6157,0.041784836523662085
6158,0.1704262424149429
6159,0.805295662135261
6160,0.5773562583778749
6161,0.7604516842426786
6162,0.2702428821147932
6163,0.07658358309023278
6164,0.6652108475305236
6165,0.18904794329915406
6166,0.14011198495350347
6167,0.16229855676536745
6168,0.03950245754997025
6169,0.8510907822319003
6170,0.07759683161069869
6171,0.36363373489700385
6172,0.11748207027392707
6173,0.09988200567897886
6174,0.8624313613028061
6175,0.6594947457188641
6176,0.8433493231192897
6177,0.29325443620995845
6178,0.40453180684282775
6179,0.1260162462828478
6180,0.7921294780073553
6181,0.753790170354454
6182,0.3125732425437522
6183,0.06074510340986549
6184,0.2867580553748423
6185,0.12523349046585236
6186,0.8572151672352852
6187,0.1625037487694931
6188,0.45202271760742535
6189,0.28172262842962964
6190,0.6730885134950704
6191,0.5774990311372589
6192,0.03588362780096242
6193,0.06336544228482056
6194,0.045801570080236824
6195,0.9147417733220977
6196,0.0912288007292751
6197,0.1143468478997719
6198,0.4530624996141057
6199,0.24181236938651196
6200,0.6447002114532091
6201,0.10397699783830174
6202,0.618116501500852
6203,0.05374055632291096
6204,0.3157030254496445
6205,0.0687543949183741
6206,0.15761661153340434
6207,0.17586271685656113
6208,0.8362299397944624
6209,0.4469280804504862
6210,0.8186675028387692
6211,0.8590505113471102
6212,0.10400420526975122
6213,0.052277040816597814
6214,0.1050148247493725
6215,0.7976386188131054
6216,0.33446902594273503
6217,0.8086534581700437
6218,0.5297004560262922
6219,0.5694472459636378
6220,0.047547602416035895
6221,0.3697917792316161
6222,0.03939968326523948
6223,0.23613068545845542
6224,0.07408677018554716
6225,0.5096722271889258
6226,0.5574902904068938
6227,0.18714412699480779
6228,0.8519702076638173
6229,0.39227577022256477
6230,0.06827093319614769
6231,0.3206885774422858
6232,0.34785857676329096
6233,0.3067457528825461
6234,0.14334456222929393
6235,0.05857019683491772
6236,0.07606673114833906
6237,0.16798933081989958
6238,0.11778162910675723
6239,0.13425871006521725
6240,0.09717958787428779
6241,0.7453463145244165
6242,0.051329778308459195
6243,0.1889038593221957
6244,0.7666274236799809
6245,0.17478101130331217
6246,0.09102591708944421
6247,0.3795160742292922
6248,0.055743425441698594
6249,0.13083487793116347
6250,0.19968302348828187
6251,0.05490423981265933
6252,0.7919870542664068
6253,0.34950593497845633
6254,0.3662382175202419
6255,0.11339461825510284
6256,0.08226862892537003
6257,0.7225704828233561
6258,0.3517355602249559
6259,0.6636061537486782
6260,0.030924291429556147
6261,0.39854508914001807
6262,0.4112977316199138
6263,0.8512501020621706
6264,0.7049636869020967
6265,0.16170458900738363
6266,0.7423127637546882
6267,0.3779367169483571
6268,0.33088043256711575
6269,0.38752100021683544
6270,0.1722205552563434
6271,0.030770122922420772
6272,0.07093128631317536
6273,0.8086630717723764
6274,0.3326643321247151
6275,0.3670325749565013
6276,0.07659520121548771
6277,0.14491472173548056
6278,0.33075903784715266
6279,0.2677745550230784
6280,0.18644434279184371
6281,0.23124783080082428
6282,0.5130482052627142
6283,0.42673639916522216
6284,0.058521342760865534
6285,0.797177786129136
6286,0.4237592736076206
6287,0.08024218172115513
6288,0.6537754220340186
6289,0.811298571341611
6290,0.7533744985659611
6291,0.9507695876604583
6292,0.11433045181948737
6293,0.15366473205348932
6294,0.4680811976135936
6295,0.03309623775880506
6296,0.11521400402691852
6297,0.07032052781244658
6298,0.4211113827003849
6299,0.915004564963317
6300,0.5895323799719601
6301,0.7621115871690081
6302,0.05977252879152975
6303,0.2538496207403536
6304,0.09440746663857481
6305,0.4679974744273285
6306,0.07037198379936102
6307,0.06496414173066711
6308,0.4302569923863415
6309,0.09799418866111222
6310,0.12203966425702714
6311,0.18962479369123245
6312,0.9309767403460574
6313,0.097685269890439
6314,0.06195606914959718
6315,0.1157824181457824
6316,0.1610095850504251
6317,0.0908700323830502
6318,0.7381753974873305
6319,0.7038476570490455
6320,0.8321368259449125
6321,0.3665072953090483
6322,0.5
6323,0.42685866388597926
6324,0.7386311555707329
6325,0.7555138264722708
6326,0.8713347586205585
6327,0.3055440982391266
6328,0.7071110687813905
6329,0.20095377843730503
6330,0.3491344899674358
6331,0.07704404815760961
6332,0.4655746834477507
6333,0.4457219162467815
6334,0.44608615969279586
6335,0.8529499407025115
6336,0.1096706405938423
6337,0.23447493087167975
6338,0.40104532234823637
6339,0.513109585108376
6340,0.2455423358522622
6341,0.35089965745812896
6342,0.5635096545171813
6343,0.7381331659692697
6344,0.3682172919877265
6345,0.3750023756037382
6346,0.24981744250013094
6347,0.8308411132941
6348,0.2424477190363698
6349,0.24314674322479427
6350,0.32169001616340204
6351,0.7580266316016525
6352,0.6213582733643134
6353,0.4224551395789577
6354,0.8679007129937536
6355,0.17727865263313505
6356,0.22148330482019807
6357,0.8158773484929115
6358,0.07502169592393738
6359,0.3064495963515693
6360,0.6832205500655478
6361,0.20183927450793096
6362,0.2011579236110105
6363,0.211048597174952
6364,0.07263909365265343
6365,0.04428608940009214
6366,0.766926166654571
6367,0.7076475520209093
6368,0.01452760273677576
6369,0.568723920746952
6370,0.869711622826118
6371,0.06531735785011125
6372,0.056472806771798924
6373,0.841922384435249
6374,0.5956258251413502
6375,0.154924551634377
6376,0.7914236268177762
6377,0.06857481267486203
6378,0.22374527538668257
6379,0.08898864753303803
6380,0.08944791654763039
6381,0.6585737037976909
6382,0.13524826231903478
6383,0.1483749940082535
6384,0.13326753646699632
6385,0.5684924855765734
6386,0.02933930362614771
6387,0.24910850285415947
6388,0.2956087809625805
6389,0.08422119211301496
6390,0.0318829795981813
6391,0.8134690479093044
6392,0.2975636449538523
6393,0.7780278847794054
6394,0.2485906692143129
6395,0.6584235558571556
6396,0.16164127805482886
6397,0.9410614801075275
6398,0.04047111350623853
6399,0.5189200573655639
6400,0.31079487822551455
6401,0.09410096485500269
6402,0.9063265037793118
6403,0.7838289468662223
6404,0.096828819154294
6405,0.2685965583327463
6406,0.5842325749462275
6407,0.05908767835455641
6408,0.3106902601804637
6409,0.05975005504665341
6410,0.05443378607046548
6411,0.5413736184139573
6412,0.2561598876520411
6413,0.7694379552413332
6414,0.10197911167130798
6415,0.10680750663431175
6416,0.06964556851831714
6417,0.10087984478862545
6418,0.20540252679126672
6419,0.7643669548024961
6420,0.04971413487983587
6421,0.06159640692749392
6422,0.12543645157349717
6423,0.11266951730137334
6424,0.11896290160190363
6425,0.09194562759724535
6426,0.08109901655324143
6427,0.2641192004735748
6428,0.33873046858915995
6429,0.1041024329218601
6430,0.8595077344951237
6431,0.7824867496434443
6432,0.783400593909571
6433,0.7019561018507132
6434,0.020488360577066107
6435,0.533914014449546
6436,0.12374019826703617
6437,0.5915558880543677
6438,0.06672995468171353
6439,0.052393341101622457
6440,0.16198328951458432
6441,0.0420666142542418
6442,0.867684517129958
6443,0.5060531177705534
6444,0.05708150907467762
6445,0.11580813979031859
6446,0.3950397205713763
6447,0.10960398938852145
6448,0.38589963923948295
6449,0.2768164143271585
6450,0.527790762265724
6451,0.19404872112128244
6452,0.1223829135773858
6453,0.7782907274760512
6454,0.8714099179443687
6455,0.08082370672355044
6456,0.10873362901134712
6457,0.3355506313653029
6458,0.016221282467927825
6459,0.5453282459012732
6460,0.35007033038050656
6461,0.3318354733742467
6462,0.7995562301150845
6463,0.8281046011054146
6464,0.7344351957988373
6465,0.699158158091528
6466,0.900828436801755
6467,0.1688315256665299
6468,0.45203517022047
6469,0.06391609883704988
6470,0.11023093575110841
6471,0.7253536507357324
6472,0.056848322323032656
6473,0.09070264788592898
6474,0.052290751505848804
6475,0.44517672429024097
6476,0.21276598744248396
6477,0.18528738478341858
6478,0.7114456449951674
6479,0.13895695237742758
6480,0.11471945188618497
6481,0.15181161059245515
6482,0.11441045939796969
6483,0.05760232041687381
6484,0.3183305620229335
6485,0.06582716924188833
6486,0.6791692934879591
6487,0.6831168748259193
6488,0.06415386969776837
6489,0.6668061613724595
6490,0.8159232268928215
6491,0.33209742388587876
6492,0.470666006086981
6493,0.572006727169652
6494,0.9494527303343252
6495,0.0582154509355
6496,0.5977856145073362
6497,0.15306317914969025
6498,0.30385814963122004
6499,0.29156950379846136
6500,0.9582715519641054
6501,0.27830341319393676
6502,0.20104240212788757
6503,0.6228988108384038
6504,0.3422384420581264
6505,0.18837282205802464
6506,0.04656544191517568
6507,0.09565178615848284
6508,0.12144938063534383
6509,0.11415461423156519
6510,0.08178948461829541
6511,0.059642831342347394
6512,0.35722982181536006
6513,0.0953593256583453
6514,0.5
6515,0.28429874510737985
6516,0.021960396572230152
6517,0.23971719030779082
6518,0.32216876966792096
6519,0.08724969941667918
6520,0.4162967490443517
6521,0.6738422515464293
6522,0.2521098886981231
6523,0.19957025936118483
6524,0.7901250437033754
6525,0.5919491786654693
6526,0.1414240800080413
6527,0.12167905151674717
6528,0.47030864812521805
6529,0.10000112421311982
6530,0.8041518407955216
6531,0.028492042039621395
6532,0.6457633478195983
6533,0.08510843798977877
6534,0.7354994182871434
6535,0.23874489575728963
6536,0.27499859497634965
6537,0.6646350732659918
6538,0.11752666226276769
6539,0.09526636132091269
6540,0.6477579402793714
6541,0.5695245339662697
6542,0.6614881799164519
6543,0.4414516434908643
6544,0.22914983128756197
6545,0.14235740429204033
6546,0.3748389880281318
6547,0.4397548428597293
6548,0.0386493052372864
6549,0.04937334911629494
6550,0.26864494830481833
6551,0.534276764040869
6552,0.1724252895885397
6553,0.19862170966586248
6554,0.8772404987025785
6555,0.598235126006543
6556,0.2680743876904429
6557,0.7750227601117267
6558,0.24921354456868208
6559,0.056895957960042036
6560,0.04904637862365924
6561,0.5113546954099981
6562,0.14575032505507934
6563,0.3706930452474081
6564,0.0575949345041757
6565,0.09559944817616879
6566,0.7918591401361105
6567,0.06519906980215286
6568,0.09655714427370828
6569,0.12801393096186775
6570,0.014334995257342413
6571,0.12345815273629149
6572,0.7014026845167991
6573,0.07454416593914458
6574,0.5405264627303802
6575,0.4844306586669035
6576,0.7918918655859981
6577,0.7936144357465914
6578,0.9030986980596126
6579,0.0909363285968336
6580,0.6073208310723534
6581,0.21991430561038292
6582,0.12832573490255728
6583,0.1301273603904823
6584,0.24485948335196187
6585,0.3166790280403306
6586,0.13317040021786564
6587,0.07963872347665053
6588,0.11555998328122023
6589,0.34518025675210645
6590,0.17101560650809827
6591,0.5248130070670104
6592,0.31914571793204666
6593,0.5100953340115945
6594,0.21576407433527497
6595,0.07292979070750441
6596,0.03645513398506973
6597,0.40319382295334016
6598,0.06909306594611267
6599,0.1560544349543133
6600,0.06466090755147677
6601,0.061411965572972446
6602,0.42643526373874013
6603,0.748205876318187
6604,0.06726375033017547
6605,0.1447883240352118
6606,0.12029619595415741
6607,0.0226535419820258
6608,0.24070066875977436
6609,0.09046474879394864
6610,0.12906114534540883
6611,0.21357128597210276
6612,0.2725865642134069
6613,0.18968872114225463
6614,0.24207005405471646
6615,0.029605349029383436
6616,0.3524059466685254
6617,0.8810338178933816
6618,0.3153090070843567
6619,0.3310995963779712
6620,0.13154638031828753
6621,0.8046313937512437
6622,0.3808072316279689
6623,0.1174700355426007
6624,0.23191522586777166
6625,0.9478077943937119
6626,0.7899673501464974
6627,0.14156347296622382
6628,0.06921537167853174
6629,0.06100557767222686
6630,0.350476671805657
6631,0.0654419263141726
6632,0.8982115759162499
6633,0.6898276858753537
6634,0.19789434355188076
6635,0.20616550815642315
6636,0.39023098802171075
6637,0.2640085240185903
6638,0.21144770061295745
6639,0.794993958466742
6640,0.054883019980747585
6641,0.1390549776222912
6642,0.6319580071562886
6643,0.5738822484084604
6644,0.857226433818774
6645,0.20863281050704494
6646,0.08394136868583658
6647,0.05390695652169371
6648,0.2809989622887028
6649,0.20694212812552812
6650,0.16580097946468195
6651,0.10950752267631537
6652,0.09765518099294687
6653,0.3124160541251734
6654,0.4239591376968823
6655,0.5
6656,0.668325962247875
6657,0.5788904794436931
6658,0.637774039783627
6659,0.10940072518331348
6660,0.6204023023378323
6661,0.6605484727009715
6662,0.11339464713401115
6663,0.03311948941873782
6664,0.45523686752726766
6665,0.10676884964602337
6666,0.0579654784321929
6667,0.25095820432739574
6668,0.20002072338096133
6669,0.06718842096426746
6670,0.09993258420480733
6671,0.030555686617047523
6672,0.5772902177972877
6673,0.1590327502316578
6674,0.04267277251762657
6675,0.5189305678612427
6676,0.10060133271281377
6677,0.22607508757657868
6678,0.15546890725055082
6679,0.07499124075162306
6680,0.18476216318847047
6681,0.44136396587506993
6682,0.6056408111004193
6683,0.9078328655701581
6684,0.41305948019207755
6685,0.4343108452649418
6686,0.07620359112411955
6687,0.34948097203610373
6688,0.1513594287884169
6689,0.024147849227751712
6690,0.08479751608133301
6691,0.15056084872878994
6692,0.0195008366091607
6693,0.2032697484451989
6694,0.7852030607222091
6695,0.9269289532167245
6696,0.1286019667558194
6697,0.9041090891682052
6698,0.15994887908442354
6699,0.3637362535600341
6700,0.1745744864052636
6701,0.06785410567563042
6702,0.6979720383861989
6703,0.28940307529563764
6704,0.15068213711306525
6705,0.16298713722103447
6706,0.06187842892678681
6707,0.18941791211420356
6708,0.19989541224486482
6709,0.7042115210738413
6710,0.5262540035356243
6711,0.5693388538070715
6712,0.3467634285733217
6713,0.5689403662424889
6714,0.059839477098222946
6715,0.16330050896214018
6716,0.3005206163051847
6717,0.33829351260333096
6718,0.11311295301587768
6719,0.12265652092643117
6720,0.6505674166353608
6721,0.8535315913413184
6722,0.9442812471440257
6723,0.8477617064393775
6724,0.22806482286762808
6725,0.5053242102912086
6726,0.25902633306156303
6727,0.7898619723151662
6728,0.8492626490348636
6729,0.3806385481697163
6730,0.9029839650610845
6731,0.5385849011864489
6732,0.2040757778765117
6733,0.15292833167496073
6734,0.07978466260310453
6735,0.3592252461509091
6736,0.05182929755517113
6737,0.7912840040626815
6738,0.5157091204191483
6739,0.10100545406366844
6740,0.2713015148617038
6741,0.026565272137923708
6742,0.5949530332207975
6743,0.5974426974866645
6744,0.12807234840206472
6745,0.41683592761448723
6746,0.10137104121373643
6747,0.07105475242015835
6748,0.8290044766144524
6749,0.6038610636747019
6750,0.20546088922772682
6751,0.8145888617331313
6752,0.8728476898867837
6753,0.41554497490684367
6754,0.1108673040349067
6755,0.06654459906501502
6756,0.036511430869699976
6757,0.3208535184317993
6758,0.10243116895302548
6759,0.18673815584958958
6760,0.17784764484595172
6761,0.31992368667412086
6762,0.30543433589826025
6763,0.06809358777614885
6764,0.2698961183365532
6765,0.8585117560612648
6766,0.301188961338945
6767,0.5521054276370572
6768,0.040291152162134955
6769,0.41020818042278767
6770,0.48707094980664406
6771,0.413983836150199
6772,0.10104828587511101
6773,0.14306707721955472
6774,0.44021698962309747
6775,0.16592205352741685
6776,0.21260489342923816
6777,0.1901402015276971
6778,0.26821834020400276
6779,0.08848470012280352
6780,0.740761012823695
6781,0.436135314260433
6782,0.02957711949526415
6783,0.09149009970102195
6784,0.32120506982411656
6785,0.307201818715997
6786,0.14524459044697638
6787,0.9250381504231397
6788,0.8001652083411297
6789,0.04428810799298634
6790,0.11757211228393762
6791,0.1735402021063601
6792,0.17435890753312003
6793,0.7548713141030104
6794,0.7877063021028466
6795,0.07395109597628316
6796,0.05774068844096941
6797,0.2522204938012085
6798,0.09142202819618588
6799,0.12391171564035688
6800,0.38130937038210894
6801,0.07518164997329745
6802,0.07299501973609071
6803,0.18407381151533517
6804,0.11050256164148616
6805,0.8464385554547471
6806,0.4513018877593874
6807,0.1205590320160202
6808,0.054191721155431326
6809,0.12886945063491606
6810,0.2048861631370617
6811,0.5759989923376124
6812,0.044114433915489006
6813,0.39000099915405756
6814,0.8851969052221551
6815,0.06286636521055487
6816,0.019607289735832947
6817,0.17965531087094044
6818,0.7368445073701594
6819,0.9007312494372872
6820,0.3284368320462953
6821,0.1324190303592384
6822,0.7483156967868181
6823,0.024400391613697517
6824,0.7548065177066484
6825,0.6536070533395848
6826,0.10660709291206417
6827,0.11730157346364388
6828,0.2282676916968934
6829,0.13182019854945565
6830,0.06727841124389204
6831,0.7888287703198112
6832,0.27456078963963954
6833,0.7673726811480857
6834,0.10921038650825626
6835,0.2208681911065232
6836,0.3386809250455857
6837,0.8297751471194307
6838,0.7308875234503298
6839,0.1947303392774225
6840,0.7162062666954059
6841,0.7882965816105141
6842,0.06290120389638094
6843,0.05487404717349503
6844,0.44188259687813614
6845,0.7087251972433906
6846,0.6565046738131893
6847,0.11509041440971372
6848,0.8865292347887725
6849,0.041203118370971105
6850,0.7748348743029057
6851,0.09939123894406289
6852,0.33387484393940225
6853,0.02584811387556773
6854,0.23347093944910952
6855,0.8002799275593346
6856,0.1041431828018462
6857,0.14146422778598639
6858,0.5383443132458084
6859,0.5221109078919521
6860,0.2793228321712299
6861,0.12114544825706955
6862,0.471065477573148
6863,0.6150410439068721
6864,0.10850762662595771
6865,0.13957740284160922
6866,0.053212995273028044
6867,0.8025234241335087
6868,0.18621971777698998
6869,0.05654017974957293
6870,0.17029448887576415
6871,0.29306903899484127
6872,0.14737625675432509
6873,0.1067810907383646
6874,0.07727716740360499
6875,0.749028148680859
6876,0.05967577891441134
6877,0.4006682953913298
6878,0.7419273306339905
6879,0.06077450958464761
6880,0.11792015888896243
6881,0.057361064197363094
6882,0.6555951710223902
6883,0.09023176876568145
6884,0.3033545918661693
6885,0.3553417127297662
6886,0.34622915320527764
6887,0.7354115415059859
6888,0.06564600264954672
6889,0.052564443248946845
6890,0.20489734202801213
6891,0.6985444463676569
6892,0.3508607115650085
6893,0.6825664831270688
6894,0.12179676549787931
6895,0.11298461829036514
6896,0.5166283623312808
6897,0.10412637067016804
6898,0.42241251207769054
6899,0.7400219576906413
6900,0.15370243742286321
6901,0.1202699000204362
6902,0.12415381343097236
6903,0.2634847556538982
6904,0.2195158524164385
6905,0.061655909351744254
6906,0.877879428391722
6907,0.12614388828540662
6908,0.4034915186923136
6909,0.06411705587970175
6910,0.7200304505172529
6911,0.01702740677411083
6912,0.7910811841266758
6913,0.03384799254939517
6914,0.12178592937887371
6915,0.2596771269030934
6916,0.3312913309677903
6917,0.903733199776342
6918,0.10183456771673405
6919,0.23449812707900045
6920,0.10348904055698302
6921,0.3793807181481335
6922,0.8871511776951231
6923,0.03371117204681917
6924,0.1335064153708146
6925,0.7541820032548976
6926,0.6751143836035692
6927,0.11245570637513205
6928,0.029650196164436215
6929,0.03314695074650679
6930,0.42975646337497336
6931,0.3198095464539193
6932,0.8356887958306707
6933,0.8996858924745247
6934,0.26852478086521503
6935,0.1115427547362959
6936,0.6854762880460874
6937,0.17790743845046852
6938,0.09581854073508558
6939,0.22718337213334303
6940,0.8015754102138156
6941,0.400874973962431
6942,0.10040246228421912
6943,0.048834343304899226
6944,0.0818091832769458
6945,0.6005693683901336
6946,0.6970939515368457
6947,0.04661377378889575
6948,0.7517283389913223
6949,0.11736990039205918
6950,0.762035636193673
6951,0.17600461476640392
6952,0.192267733381401
6953,0.7679598565750897
6954,0.09377825707309938
6955,0.6451551698368645
6956,0.18829831738628544
6957,0.2603149386147222
6958,0.17452404608401947
6959,0.7754093748041452
6960,0.1354679846737851
6961,0.037431359931934846
6962,0.2660009967100781
6963,0.043905113509924945
6964,0.10310009572605668
6965,0.11736083850228642
6966,0.0846266407659714
6967,0.04777615778408492
6968,0.8428760856981463
6969,0.1203733380073047
6970,0.3928796653978654
6971,0.7803317613215998
6972,0.2642512031633788
6973,0.16876694364466774
6974,0.6163444826380823
6975,0.7669449909123219
6976,0.1556596864953941
6977,0.10565819691341033
6978,0.15089366662313047
6979,0.1044196650510523
6980,0.43066885761494933
6981,0.2453621150910622
6982,0.16493193104627807
6983,0.0684973708526435
6984,0.8213338726424374
6985,0.1842698256866521
6986,0.4706991091612002
6987,0.12448308100638175
6988,0.13403835914737286
6989,0.29878078798762253
6990,0.11847526606283133
6991,0.13682604884418864
6992,0.669029162000478
6993,0.1804374354109725
6994,0.20681386189977508
6995,0.03629733905623512
6996,0.18073173013389826
6997,0.06848777094215405
6998,0.10467573342354893
6999,0.1481718700955867
7000,0.5597352535187948
7001,0.08730287908609599
7002,0.8823721754623045
7003,0.248629885575521
7004,0.07001997251315181
7005,0.08908283662688564
7006,0.24382443132325468
7007,0.05598431167478
7008,0.1051795536296515
7009,0.4528728758910524
7010,0.31663522606410227
7011,0.18856711506909496
7012,0.5976983542892133
7013,0.10609671488556542
7014,0.16433572997322285
7015,0.3385303464974552
7016,0.17093563638302078
7017,0.10477774931275467
7018,0.17893221629833525
7019,0.049601581361858875
7020,0.13555022779231407
7021,0.7697549934811784
7022,0.26868269863021155
7023,0.7171425912666055
7024,0.04373962833410132
7025,0.48423432786988696
7026,0.06213916548365049
7027,0.06081781246092576
7028,0.7768652215681293
7029,0.30015744864216254
7030,0.20372375014010313
7031,0.13296995145476215
7032,0.07060094733023276
7033,0.17725910507275236
7034,0.07313456859210743
7035,0.17292402546442778
7036,0.9095344836342218
7037,0.4488010221635437
7038,0.08648429987163452
7039,0.7950543262345935
7040,0.30494218920770205
7041,0.130968889683902
7042,0.06607606164786622
7043,0.8958629031447817
7044,0.054276533215237496
7045,0.6103147990968714
7046,0.5748774990433025
7047,0.34264272958467695
7048,0.33665750547540485
7049,0.5
7050,0.7177112999342595
7051,0.10752632689718952
7052,0.8883824163255416
7053,0.041656584320567444
7054,0.1561673424095939
7055,0.10634834788136618
7056,0.06321408857273174
7057,0.03774834118542064
7058,0.45808934637164267
7059,0.8665531280872708
7060,0.11237829749613482
7061,0.8595841107222641
7062,0.2614430868268099
7063,0.18054461256301893
7064,0.24081995871790454
7065,0.46239624961540726
7066,0.7138637782573352
7067,0.09965386137937864
7068,0.7218600257198017
7069,0.10173525648296815
7070,0.48187945986901154
7071,0.11834938893229927
7072,0.3968036739104804
7073,0.11258507455485955
7074,0.27076976053077445
7075,0.17795065933093457
7076,0.1622968227802016
7077,0.30293778274887
7078,0.224709402370922
7079,0.29070508213652446
7080,0.9332357616419875
7081,0.42908144397258424
7082,0.10429243650800422
7083,0.686289501691016
7084,0.5
7085,0.3776168750034025
7086,0.25602890713392273
7087,0.30546445290704244
7088,0.34817603499276856
7089,0.3423975025111631
7090,0.802318027591275
7091,0.8259506873897536
7092,0.46451527472760556
7093,0.7806845118138144
7094,0.6255181267389338
7095,0.052558825546107746
7096,0.13351003139674422
7097,0.24320696132756256
7098,0.2065042751425661
7099,0.05939978844856644
7100,0.9330478387071593
7101,0.15644204892404306
7102,0.187820632807848
7103,0.5683288494327554
7104,0.27609115614136687
7105,0.39577243836254106
7106,0.1864787266951309
7107,0.34403011480460355
7108,0.11056803934354612
7109,0.7245315083114982
7110,0.17626694482465718
7111,0.1703408688370158
7112,0.8049336971169141
7113,0.17830398903756867
7114,0.2489061613852877
7115,0.020660254340695905
7116,0.3490035603418037
7117,0.16059453700540738
7118,0.5137910881823973
7119,0.043875549545795
7120,0.19486948186751699
7121,0.10403610420336082
7122,0.6330151316153351
7123,0.8062774093213564
7124,0.8584609195938481
7125,0.1691679983249081
7126,0.2702713649341688
7127,0.32901630001664023
7128,0.09759055358677499
7129,0.04673733175668744
7130,0.03143571837318104
7131,0.20138852683622085
7132,0.8147943991567789
7133,0.9224333525491446
7134,0.6500809014538269
7135,0.10532581531967213
7136,0.11781086597562423
7137,0.8319978625014519
7138,0.30848862340454897
7139,0.804708701686936
7140,0.07911579585147141
7141,0.7769367649048953
7142,0.3306453247717196
7143,0.11990759889173111
7144,0.09034759154166767
7145,0.10869052597172373
7146,0.19971234537895413
7147,0.7075495965407174
7148,0.6478230211884702
7149,0.9063777925372893
7150,0.8943707302521313
7151,0.2747730649354041
7152,0.03530805708749414
7153,0.4604800097036952
7154,0.23339345144981327
7155,0.05500397031099214
7156,0.04238631689153779
7157,0.064831435283035
7158,0.14299404413250022
7159,0.1525310873257678
7160,0.1569866941137612
7161,0.9288221780909015
7162,0.17411194736516605
7163,0.06191799533180421
7164,0.1584785796446943
7165,0.086582754149615
7166,0.861967469485343
7167,0.05222076353188428
7168,0.16599331446724647
7169,0.1550825889271668
7170,0.8134202116105026
7171,0.1381687104191071
7172,0.1093161602508759
7173,0.6795945576990301
7174,0.7541409214199647
7175,0.15830785361146796
7176,0.4742875812831658
7177,0.6541729692673026
7178,0.0488087674200461
7179,0.05636033765572499
7180,0.5899768729711041
7181,0.6140269923352522
7182,0.45356766125822107
7183,0.0881924323843072
7184,0.8835818569469417
7185,0.7023505016420051
7186,0.16202673377241752
7187,0.07244443163204123
7188,0.24657727702573085
7189,0.768256381971327
7190,0.8296156727068926
7191,0.9137219438775307
7192,0.876740043439654
7193,0.2163872591361921
7194,0.044339630583456524
7195,0.06947717938291101
7196,0.7541155930040108
7197,0.9122740139440962
7198,0.04136494208082094
7199,0.7419988254835391
7200,0.03827474957930819
7201,0.23953803043755653
7202,0.39987028602462915
7203,0.7125015166133262
7204,0.8061623142762215
7205,0.07223892195412891
7206,0.19309724142141976
7207,0.5125721255320587
7208,0.10136329082604414
7209,0.04746879945306708
7210,0.0898937628663769
7211,0.1739522376397438
7212,0.5778431567892024
7213,0.6796316658748263
7214,0.030480331633358813
7215,0.05887618127609849
7216,0.1883614211500447
7217,0.8368552873210903
7218,0.02191193462236694
7219,0.7248298114095576
7220,0.1249142719553586
7221,0.025264059364619253
7222,0.6822474478353553
7223,0.16579618356040726
7224,0.34452418640008725
7225,0.054896054723833625
7226,0.5067112183800138
7227,0.04377975798959212
7228,0.04795438216521801
7229,0.6943271807923265
7230,0.16945788914698062
7231,0.23145905371228392
7232,0.8783721359410007
7233,0.7398679098119527
7234,0.06590704493750894
7235,0.6583334566835977
7236,0.6343088194677639
7237,0.18186206698141907
7238,0.7951079322458607
7239,0.7674042718734077
7240,0.6000737559741492
7241,0.3930876015642353
7242,0.11087219818618947
7243,0.11310261209128443
7244,0.3025937595499897
7245,0.6376877318044958
7246,0.2663528629564004
7247,0.13716707650831902
7248,0.6184947842317369
7249,0.09080795427077953
7250,0.43080762321794225
7251,0.33172129931082134
7252,0.09757579084900761
7253,0.07509162434382283
7254,0.0913286897536013
7255,0.26676209314045923
7256,0.04635396691119665
7257,0.05013115194161868
7258,0.037919801462004195
7259,0.21037192708062522
7260,0.18450136611491288
7261,0.08211897056645844
7262,0.06501529202671906
7263,0.23611314887316884
7264,0.5548913071341633
7265,0.1388026505344766
7266,0.13955417608252862
7267,0.2298408570292094
7268,0.12452614356180047
7269,0.24858448308743888
7270,0.10300987928522856
7271,0.3031438493396306
7272,0.2750893749179691
7273,0.22485649863317494
7274,0.5341577802495795
7275,0.24078066839970888
7276,0.09045896100031277
7277,0.8298535721541065
7278,0.544930008742346
7279,0.6475839589719959
7280,0.5698882558322454
7281,0.10917620432782285
7282,0.10044622137121398
7283,0.11422973587463077
7284,0.17580153364378254
7285,0.06287541622024799
7286,0.05173264743552131
7287,0.11381593360406607
7288,0.8160224227530133
7289,0.13033033315612413
7290,0.05946412488679467
7291,0.05914853812806983
7292,0.062238204802133955
7293,0.1277200675093498
7294,0.09504361327292361
7295,0.10842190006457444
7296,0.7274818267410874
7297,0.7314198637870785
7298,0.1187312713372274
7299,0.30770946230374163
7300,0.7146071711389232
7301,0.8166963077040671
7302,0.8560773797784608
7303,0.11397666863806458
7304,0.059635017106805764
7305,0.7038859863464358
7306,0.8225750882051662
7307,0.6199488627429244
7308,0.44837819877893104
7309,0.3678439588791459
7310,0.5874314235873898
7311,0.7865778791430337
7312,0.82524372107087
7313,0.03818576588250491
7314,0.6049434810467972
7315,0.8286144719269035
7316,0.2049928896358205
7317,0.5764042546981186
7318,0.06358732119436274
7319,0.045340943992320054
7320,0.1593074739357064
7321,0.2121949224444689
7322,0.04427696263523779
7323,0.032025531233300604
7324,0.06032726624674483
7325,0.16401352225914567
7326,0.755865247413576
7327,0.05217149277777122
7328,0.09422668031362035
7329,0.5572292138369848
7330,0.09788292646838694
7331,0.1020863194083198
7332,0.21301190021895353
7333,0.14318778314018768
7334,0.050090346769172706
7335,0.3798025469431535
7336,0.8486964656756838
7337,0.6101504406156929
7338,0.8947571310497107
7339,0.3535090204851838
7340,0.19977182419947717
7341,0.7195170632304367
7342,0.43084466267170957
7343,0.8642202065963372
7344,0.5955737095530269
7345,0.432781755894942
7346,0.20378776435458362
7347,0.22976660069001958
7348,0.30314824580115723
7349,0.6281339541063586
7350,0.2607142885757925
7351,0.068559414573485
7352,0.3098933325309384
7353,0.43584303258510404
7354,0.09098467782638368
7355,0.5100860030579286
7356,0.7793238271106798
7357,0.3725155424543132
7358,0.1317397162975959
7359,0.15348782019384083
7360,0.42070723567306495
7361,0.7263634458079705
7362,0.32328134640353623
7363,0.1519273324916048
7364,0.2543893031237658
7365,0.5900059118000607
7366,0.1459039160013451
7367,0.36119454813735735
7368,0.42630999735461955
7369,0.06070000082997879
7370,0.10363917710331799
7371,0.44650360131351585
7372,0.8606852136539249
7373,0.9418412914550608
7374,0.06515001160167132
7375,0.23339040603732833
7376,0.5495051033375764
7377,0.22344720322646258
7378,0.3760158818572491
7379,0.7911814243886741
7380,0.29333356344409645
7381,0.06077258795409735
7382,0.10467853097879555
7383,0.344961901457402
7384,0.09742464652603401
7385,0.45603394382260504
7386,0.38666342532520853
7387,0.13265995940628855
7388,0.043305169777368625
7389,0.07737170271105098
7390,0.7301458640477616
7391,0.5992624510882666
7392,0.07010533241865205
7393,0.0636785294479298
7394,0.16511382949454023
7395,0.5309012774129175
7396,0.13196904167693776
7397,0.15383794122791153
7398,0.3579009209912173
7399,0.11464243839739835
7400,0.18141340227979774
7401,0.15339587989536796
7402,0.13225217389369937
7403,0.25625505619756195
7404,0.36976413001762076
7405,0.07557658577158735
7406,0.15297982717308659
7407,0.06516268859038969
7408,0.8506390041789799
7409,0.48504137978458967
7410,0.7581290800349691
7411,0.14996984199428393
7412,0.7192328773797663
7413,0.46077587210322607
7414,0.06419762886720541
7415,0.5893669982834457
7416,0.7460104737489478
7417,0.039000855786401604
7418,0.8859421185715229
7419,0.8469660300111522
7420,0.4809105092025838
7421,0.13010158167762179
7422,0.2025309163536606
7423,0.7709954299697994
7424,0.08819907555379179
7425,0.30585343947171234
7426,0.6575625366844442
7427,0.1100101804828329
7428,0.08651935644717354
7429,0.1326929906504607
7430,0.5361905272034759
7431,0.5974329961362409
7432,0.40288649764586815
7433,0.05469139804368073
7434,0.5
7435,0.19131774502636376
7436,0.07123784913254587
7437,0.5535096951251608
7438,0.21915846547823162
7439,0.5642196419054653
7440,0.14426305332204423
7441,0.10673497829669815
7442,0.32893660364900695
7443,0.6114240330418443
7444,0.19425230803363433
7445,0.5319731076258871
7446,0.1822796936384764
7447,0.28854074546080727
7448,0.9346058067312702
7449,0.020051544224543184
7450,0.7493676832067449
7451,0.09774964909344047
7452,0.11433922750214895
7453,0.22182615063507988
7454,0.5490556503102391
7455,0.8463916052158017
7456,0.7984343702251133
7457,0.1478497034886102
7458,0.4798307213199337
7459,0.2426710281493066
7460,0.056990048626186555
7461,0.16119778399299162
7462,0.7494259335703528
7463,0.2345581176761669
7464,0.09775849418999674
7465,0.6615489173407841
7466,0.061488881064536025
7467,0.7157387766292236
7468,0.9431181260790079
7469,0.7051793388314745
7470,0.15275886433311908
7471,0.3538469742131719
7472,0.1151448422505931
7473,0.3210276955218333
7474,0.028886818383449992
7475,0.06308006452099285
7476,0.6956557551698307
7477,0.47187349317835847
7478,0.21005214655379287
7479,0.1719856457225872
7480,0.7430919954160742
7481,0.05357828103893822
7482,0.1790599899200857
7483,0.4102115145453471
7484,0.26400910819154716
7485,0.037105145954779255
7486,0.3369908918637685
7487,0.4600055447497225
7488,0.6062107731756488
7489,0.07383792428083313
7490,0.20647874770155306
7491,0.09507057224770345
7492,0.05762301835309641
7493,0.15810100784089753
7494,0.7825144395096876
7495,0.10343806771787163
7496,0.17091919818531942
7497,0.3410926705183366
7498,0.062217038159965064
7499,0.7342875110831337
7500,0.07790042311067971
7501,0.10538536662903981
7502,0.19960892609477945
7503,0.8377864798729264
7504,0.1428325196238131
7505,0.10625716949900586
7506,0.12612519237465067
7507,0.8761054699946905
7508,0.14385162780130112
7509,0.2714161081629403
7510,0.19043157431714341
7511,0.20254240637729287
7512,0.6850378898252125
7513,0.05425402599410239
7514,0.6730511744032622
7515,0.8913049513152759
7516,0.1626366996185862
7517,0.18232717291432854
7518,0.3067876401511216
7519,0.5076009964591148
7520,0.19573060908295223
7521,0.41715474757748344
7522,0.4905127799395329
7523,0.445599356806274
7524,0.07312462965343895
7525,0.19902530241177122
7526,0.3226513555305705
7527,0.20657070569204472
7528,0.05039389943871507
7529,0.37107661149561433
7530,0.8343453593491157
7531,0.5481257948133625
7532,0.06861135491727859
7533,0.9272598550446364
7534,0.19368804211483145
7535,0.17537636878619914
7536,0.12782052985277612
7537,0.0815717512632056
7538,0.7660507410173804
7539,0.7075193564308867
7540,0.6563922197338826
7541,0.16525673091057405
7542,0.28288429453966074
7543,0.4629577069591623
7544,0.06854449418363842
7545,0.8549790938458419
7546,0.5493295156191011
7547,0.08382808738003868
7548,0.058781075532171025
7549,0.1909035917435044
7550,0.19074009093285263
7551,0.04119019497551068
7552,0.2502611064942154
7553,0.07110329984043408
7554,0.13522012193107222
7555,0.1253221720078558
7556,0.4777402853317123
7557,0.06601356078764874
7558,0.16553152070911284
7559,0.05380234429987744
7560,0.1352137898779614
7561,0.21956398291590226
7562,0.09821127899121877
7563,0.06063130340287075
7564,0.08791652845801548
7565,0.8050050279491203
7566,0.5696587153033115
7567,0.21053247206140757
7568,0.39480363245461875
7569,0.23772807587160152
7570,0.1498960847502883
7571,0.8970825422623233
7572,0.07671117348914905
7573,0.1831026999751293
7574,0.08498211709708162
7575,0.3783178899105613
7576,0.2876204125878507
7577,0.040484535637506466
7578,0.7317136881930509
7579,0.5070111915706187
7580,0.30026565973539004
7581,0.042299803543812145
7582,0.3399019954079135
7583,0.38291614991891093
7584,0.7306098851444406
7585,0.45714793516874747
7586,0.6882857551768045
7587,0.24963381605654172
7588,0.20452072573951663
7589,0.2856684018881587
7590,0.1623509307019505
7591,0.37272269877678027
7592,0.4922123392158124
7593,0.10773741056572048
7594,0.044096052067513325
7595,0.1912078806045878
7596,0.07687825159238211
7597,0.35762395718157824
7598,0.695064226683343
7599,0.5579478995045298
7600,0.04985577691117414
7601,0.7060412087119514
7602,0.384095204023844
7603,0.4285813101006126
7604,0.3904943927624181
7605,0.07195294972897558
7606,0.10725186032071617
7607,0.13564221399884346
7608,0.1330843888570012
7609,0.7708396598879488
7610,0.19509800058919805
7611,0.18402025985022705
7612,0.5337001686326375
7613,0.5467536473340631
7614,0.07654337626653264
7615,0.47077270724977693
7616,0.24477770221937578
7617,0.7452803004899674
7618,0.6692051091306028
7619,0.19958466058137156
7620,0.06126215200526573
7621,0.8293740779869865
7622,0.2687584031731113
7623,0.13961024137204367
7624,0.3114653833523697
7625,0.8362355784536655
7626,0.5095040677686813
7627,0.7750862730971473
7628,0.08530797702200602
7629,0.6716179415028458
7630,0.029082286574513727
7631,0.6876617151957127
7632,0.3736311744325916
7633,0.8545603700374595
7634,0.8747115737481503
7635,0.5371616544722746
7636,0.9282703048139809
7637,0.12224890017602189
7638,0.6958648882433562
7639,0.4637031646986909
7640,0.8894672110353654
7641,0.824138546820569
7642,0.5981895379815093
7643,0.14162475502529184
7644,0.33832800541523106
7645,0.5642306473792867
7646,0.7740833359380225
7647,0.08312108807794961
7648,0.029849458474509483
7649,0.7885028232604157
7650,0.23388779108441418
7651,0.023846050434362352
7652,0.07220324011061664
7653,0.04246465922969138
7654,0.1703207955988878
7655,0.06325079992957978
7656,0.11553031354239152
7657,0.3897507363513735
7658,0.4565838373115109
7659,0.8123623571463244
7660,0.17298786184098663
7661,0.5243509210571237
7662,0.255226630693682
7663,0.05340500704297984
7664,0.4129014009859295
7665,0.77552812288703
7666,0.4116588232038851
7667,0.13813808625554483
7668,0.18388721265834682
7669,0.8164040374350457
7670,0.39553765301626215
7671,0.3350165057680346
7672,0.8038359413773836
7673,0.2990551590307203
7674,0.8285480855123584
7675,0.09128659949961496
7676,0.06564495966216116
7677,0.9598336934353564
7678,0.09607673647497268
7679,0.7404831947858053
7680,0.4412930015375257
7681,0.03850129917033935
7682,0.7794543793078639
7683,0.04498328674981095
7684,0.5346903688882705
7685,0.7026884593121486
7686,0.13755864274223573
7687,0.28941475760075064
7688,0.21855377511944252
7689,0.8022866203121325
7690,0.23862660500991328
7691,0.20116493812446287
7692,0.9452929669730441
7693,0.14302148795624592
7694,0.1563612749311819
7695,0.24294430827622573
7696,0.35705264202272297
7697,0.11339617901694521
7698,0.679489492412536
7699,0.04606152333714983
7700,0.34458094788147026
7701,0.1494720627119477
7702,0.731993251305928
7703,0.42790145998756884
7704,0.3991493545453378
7705,0.3029628565914197
7706,0.07894566166994854
7707,0.3693305798712657
7708,0.11623710974639906
7709,0.06731751715036771
7710,0.33075794060747443
7711,0.532335519833999
7712,0.14217712510657793
7713,0.11389401461103438
7714,0.024036312066381783
7715,0.6508276859426965
7716,0.5166400463946698
7717,0.2166893487241736
7718,0.7911470256079721
7719,0.21071886480862148
7720,0.10085526027073011
7721,0.10742704845854796
7722,0.47349051179750945
7723,0.24203870721901358
7724,0.6283606846416443
7725,0.04891775704459211
7726,0.051686914740495665
7727,0.07302125629331485
7728,0.8528922733468167
7729,0.1757266465723395
7730,0.4007551806447646
7731,0.04919710464876418
7732,0.08308975684711517
7733,0.43050223450364306
7734,0.7826183178365154
7735,0.6546016156803346
7736,0.7563733506435881
7737,0.1263500631486055
7738,0.24972383519263402
7739,0.2506447233397369
7740,0.15432653057505827
7741,0.05753197870570977
7742,0.03737342215768853
7743,0.35874254632820096
7744,0.08491259609622977
7745,0.6139872259466843
7746,0.20474214815980127
7747,0.16823028011687513
7748,0.36393398217879164
7749,0.05230999597554155
7750,0.04065440734779597
7751,0.16836279959849584
7752,0.1224789992346929
7753,0.22746342917878926
7754,0.05691929419294656
7755,0.44788849226069766
7756,0.043443569084543394
7757,0.10494381129021947
7758,0.14012523969274804
7759,0.21899061506861714
7760,0.23798331901917125
7761,0.05820889875907798
7762,0.9119685826257495
7763,0.045675559789412755
7764,0.09345042872189444
7765,0.7422218340813924
7766,0.7108011276261497
7767,0.4903790209240244
7768,0.19989354175888988
7769,0.29857808982553197
7770,0.13841905527528586
7771,0.33128011592024953
7772,0.3094981593165015
7773,0.4671734531599887
7774,0.7566022669767569
7775,0.15847971234334007
7776,0.022518992379485115
7777,0.08439366401387903
7778,0.8318414508876768
7779,0.20834020259955294
7780,0.15790256116439547
7781,0.36855213284347904
7782,0.4409435108692117
7783,0.40288172856468163
7784,0.3777374871959817
7785,0.06602954762041999
7786,0.30179557290930636
7787,0.20086577491537502
7788,0.10180899151743472
7789,0.4646588666271791
7790,0.31545546902506566
7791,0.6884280419294847
7792,0.29118342117933965
7793,0.04242208585382449
7794,0.5710465016413276
7795,0.2277921756540391
7796,0.5179995300713528
7797,0.09400631578462462
7798,0.5552452109594784
7799,0.07760693610625247
7800,0.24880263729467145
7801,0.13013630734472734
7802,0.3441310044508778
7803,0.05669229987272415
7804,0.1486558400860996
7805,0.44165243487668127
7806,0.12605423541207167
7807,0.15824326133127836
7808,0.5131474647339531
7809,0.10662958556344854
7810,0.11316266693086448
7811,0.15020839819980908
7812,0.1708220497458165
7813,0.7568311119433551
7814,0.4694114023842125
7815,0.10183991116265524
7816,0.06001100793984939
7817,0.5058941814856377
7818,0.19710281446550454
7819,0.8883642028163158
7820,0.08139128667068728
7821,0.2460528916930782
7822,0.8804462810639433
7823,0.6918885727016607
7824,0.16147098829952608
7825,0.27639282887940936
7826,0.7199542345056897
7827,0.07553962191498483
7828,0.16673451912711332
7829,0.6529857531098344
7830,0.13895412696792245
7831,0.6950713268692182
7832,0.12771710079776624
7833,0.11150045103349367
7834,0.36020330541056095
7835,0.05872523460690073
7836,0.5492435135750635
7837,0.7888055231476507
7838,0.9113141187270263
7839,0.15578314972049745
7840,0.07782368144241955
7841,0.6490517289473868
7842,0.39970301584063345
7843,0.07857785382361802
7844,0.1511645297899753
7845,0.41124659204510106
7846,0.4045617466596471
7847,0.6924112230366753
7848,0.9300475582997416
7849,0.24865073952192776
7850,0.3225007492140659
7851,0.6209828612133932
7852,0.7471240033043299
7853,0.17216715390099788
7854,0.7343071571960252
7855,0.03493128407916998
7856,0.05839758820156536
7857,0.18816433131681198
7858,0.2023257399350167
7859,0.6450901613089378
7860,0.5125970237536948
7861,0.04731312980507695
7862,0.14938002896437239
7863,0.577863475582751
7864,0.6767538504648304
7865,0.14107619872594243
7866,0.820177260516943
7867,0.1855209201974207
7868,0.2938122741330976
7869,0.9211973958487996
7870,0.6304569820975027
7871,0.4186044884888831
7872,0.21290466331233907
7873,0.07709713310072663
7874,0.0723175781932178
7875,0.2512621894536954
7876,0.20327501023057365
7877,0.8032526977045258
7878,0.10485654022176331
7879,0.6352668390982436
7880,0.4210551957834021
7881,0.14160224892632567
7882,0.8942354151186774
7883,0.467384724456438
7884,0.06623259642272898
7885,0.7827716596435315
7886,0.37876924611305113
7887,0.1692267461334762
7888,0.8166191454682489
7889,0.4089864261177605
7890,0.639035752361132
7891,0.09389842575923282
7892,0.3189051404614721
7893,0.17281066279103585
7894,0.1765117980779409
7895,0.022993103840979374
7896,0.7940844436104679
7897,0.09138304630066979
7898,0.5232421969373514
7899,0.03417292464827054
7900,0.0768287459612269
7901,0.5352410616367624
7902,0.19724194279622226
7903,0.038262935768691525
7904,0.6409437623190657
7905,0.4465514505072531
7906,0.05578439783533165
7907,0.05159666181604662
7908,0.05708811860608561
7909,0.15048829996054772
7910,0.1289391121198514
7911,0.05784088407694315
7912,0.09176661357749491
7913,0.8495531403737102
7914,0.5208453360252493
7915,0.4404217317617716
7916,0.08617209960721328
7917,0.6078637129722001
7918,0.5568556209254979
7919,0.12654406190416226
7920,0.11742623815426101
7921,0.16132579318310852
7922,0.2687747311942705
7923,0.1399827736159292
7924,0.37954819627039615
7925,0.5491732913381079
7926,0.35964701869782684
7927,0.09516635263977806
7928,0.24491574453072146
7929,0.272975214749662
7930,0.36727600498780527
7931,0.10818853771607967
7932,0.16989640130577807
7933,0.12158192045928079
7934,0.2812826125384736
7935,0.20324795042464008
7936,0.46370662162248283
7937,0.4838833302140271
7938,0.07459241709746549
7939,0.15910640503286932
7940,0.14982914616799814
7941,0.8720038925291483
7942,0.11584923796115641
7943,0.551118156434214
7944,0.14753592711301047
7945,0.09431249187101437
7946,0.6266704950558716
7947,0.4150287942070433
7948,0.841878703682212
7949,0.06571874667579831
7950,0.2030080219730014
7951,0.08315668984558135
7952,0.5638143863889916
7953,0.16512803223014666
7954,0.21265466645891679
7955,0.6207832462878805
7956,0.5156878047086992
7957,0.9617601716391309
7958,0.7842784317168684
7959,0.031497798339594194
7960,0.1437031843252309
7961,0.49328747857659466
7962,0.14501104283266203
7963,0.24180358395777807
7964,0.08219496966107677
7965,0.17399544551488402
7966,0.1276841992331219
7967,0.6222245504275505
7968,0.1790349610103486
7969,0.0988488551180079
7970,0.08274197305447521
7971,0.3918057844299329
7972,0.6740536693782159
7973,0.1825160017519379
7974,0.16800982872160303
7975,0.09372812943647209
7976,0.25094190842372055
7977,0.41914594606417116
7978,0.15747208925668144
7979,0.31516403662588494
7980,0.8231871758277322
7981,0.5609339156838653
7982,0.06199536765725154
7983,0.08657394316160803
7984,0.6639774562509678
7985,0.10300922900766941
7986,0.08689904029547917
7987,0.2984888100120771
7988,0.20467437841900726
7989,0.22574638243441097
7990,0.10484687445287424
7991,0.26122539778056725
7992,0.7389282647593644
7993,0.3764468617852079
7994,0.8541912902554324
7995,0.05221536269353324
7996,0.1691048382780011
7997,0.09462633917921945
7998,0.8710049776349761
7999,0.6309929069473583
8000,0.3068754419983068
8001,0.697659440800652
8002,0.16729935429769288
8003,0.39003441414220075
8004,0.09011025579899543
8005,0.23902427522333383
8006,0.1565930126422015
8007,0.17918033910094733
8008,0.3061032594739962
8009,0.7153847085948513
8010,0.5124859116815415
8011,0.7700773114180991
8012,0.864368782700299
8013,0.14428198167031386
8014,0.7695495993985416
8015,0.1414044613641819
8016,0.9043209718995678
8017,0.8880117541549131
8018,0.46009281347109054
8019,0.2111676607004297
8020,0.7879640490440022
8021,0.1362809062260634
8022,0.08875128482660624
8023,0.13592300616747405
8024,0.8177944923218716
8025,0.5406498947927542
8026,0.9121746989551418
8027,0.41208218494165816
8028,0.0850221012646666
8029,0.8503687914958286
8030,0.2584714013875953
8031,0.2813989516482324
8032,0.4656660560873523
8033,0.2922014301865432
8034,0.9093348239857877
8035,0.642565237517128
8036,0.5200912507331976
8037,0.06430852159752153
8038,0.16898109243284187
8039,0.5261532025752327
8040,0.34232591588269834
8041,0.06951853376486411
8042,0.06396562538980859
8043,0.775060723718991
8044,0.808388353632939
8045,0.12115113257775796
8046,0.427463602398332
8047,0.013507615249501767
8048,0.25936916814780575
8049,0.11209280507307048
8050,0.2555519553365687
8051,0.888543700606319
8052,0.1483282345949254
8053,0.6683130843142089
8054,0.10791291957166747
8055,0.736066009134316
8056,0.10449225540439311
8057,0.04480293715689596
8058,0.717127679169414
8059,0.051380724683037296
8060,0.18732913077560623
8061,0.4079993917012031
8062,0.32319605246941135
8063,0.565162466753299
8064,0.1896838826310947
8065,0.8886572175821228
8066,0.3563965555616792
8067,0.6453785720414154
8068,0.4022841184594919
8069,0.08588760987629733
8070,0.4326545756682686
8071,0.3964330561478072
8072,0.7875349587035233
8073,0.18441059781919156
8074,0.4667568800275416
8075,0.18247193081453217
8076,0.2784850334571394
8077,0.04992470675501893
8078,0.039310088170963944
8079,0.48571883100783203
8080,0.7500958752087186
8081,0.16981707934344653
8082,0.08501431687177205
8083,0.8493980218648596
8084,0.07461963703609212
8085,0.09557262713957954
8086,0.2631870770968909
8087,0.343653824915427
8088,0.4626656000400477
8089,0.07955770685277781
8090,0.19787381352829525
8091,0.8625977620653723
8092,0.14436643506771504
8093,0.10250588534812584
8094,0.026206412847384508
8095,0.2857055666328545
8096,0.09561102176293158
8097,0.5275581737610493
8098,0.3352946244815775
8099,0.8670857862960752
8100,0.9138678330130676
8101,0.10300843999443753
8102,0.07261828874468919
8103,0.13467963687120652
8104,0.051949590366666965
8105,0.09348347310926877
8106,0.35955949123916986
8107,0.09720095268878987
8108,0.06499247336080669
8109,0.09698438396566693
8110,0.7503641467841299
8111,0.6988877787903687
8112,0.2413073548311637
8113,0.20170173871837788
8114,0.7681130722458939
8115,0.014504839967945209
8116,0.751049677511335
8117,0.09202043569839466
8118,0.07926158349090127
8119,0.26836814176643337
8120,0.26835079335608675
8121,0.6449921643287108
8122,0.8512246101134057
8123,0.07613361080310538
8124,0.08510110375443064
8125,0.543051658107802
8126,0.48400529168698864
8127,0.0711121987260551
8128,0.08881088034044367
8129,0.05237403483101695
8130,0.5190307636951812
8131,0.7752983160819147
8132,0.05667747186825852
8133,0.06824976019520393
8134,0.6986134990197765
8135,0.22524396510452974
8136,0.8283966947611197
8137,0.6165705041701176
8138,0.13823810563903288
8139,0.06055634524223879
8140,0.04806783789043617
8141,0.58615513668164
8142,0.17501957856534414
8143,0.20273574660708843
8144,0.20150768579644007
8145,0.29036010241172916
8146,0.17503867654130315
8147,0.15444447435957098
8148,0.04346536423752937
8149,0.7640794683835341
8150,0.030594473819602282
8151,0.08366580791281769
8152,0.05380888555728443
8153,0.6063942099523557
8154,0.04918677568250749
8155,0.41868262812880586
8156,0.1787787013674698
8157,0.09935273598376236
8158,0.273861712411814
8159,0.0371478861479844
8160,0.05135630783440114
8161,0.07203138287269457
8162,0.9053141296839154
8163,0.8201562606756708
8164,0.6181263844287312
8165,0.46294801762726
8166,0.21840781340364745
8167,0.27464555382407174
8168,0.06495114157257702
8169,0.0220048370365073
8170,0.16231305643464056
8171,0.1191718414749722
8172,0.5976052861149043
8173,0.10135728568476135
8174,0.09181416135448882
8175,0.4222597828171539
8176,0.4528851500304983
8177,0.2757008451974901
8178,0.14203665155226303
8179,0.06009183277432438
8180,0.33462478133346824
8181,0.15203826474990376
8182,0.1239038800193255
8183,0.7364591793718022
8184,0.27647836253240243
8185,0.25205672518480327
8186,0.34690185104222876
8187,0.26114523086177227
8188,0.60675194009066
8189,0.40006303968684415
8190,0.16483394466102766
8191,0.04141029084332824
8192,0.10681190005710517
8193,0.08635273659287993
8194,0.7845030628508832
8195,0.2969219353437081
8196,0.23271351213929764
8197,0.06054026859458994
8198,0.8394328380074036
8199,0.9532691645133603
8200,0.20682858770799992
8201,0.10051770567535709
8202,0.15876210366618615
8203,0.09386484166619542
8204,0.06166026852497401
8205,0.06904353885753556
8206,0.16824596851227702
8207,0.4207243649133947
8208,0.8356905211981447
8209,0.8199971518632937
8210,0.06354518653233102
8211,0.11262832404707525
8212,0.06352448971143683
8213,0.8720533913357316
8214,0.4949534156527923
8215,0.17067428586865896
8216,0.5756959624714204
8217,0.7322973871660929
8218,0.6514262392360233
8219,0.8837720152140817
8220,0.8006897390027259
8221,0.5700830448112668
8222,0.5863079385561637
8223,0.8598910086324014
8224,0.6795613044135272
8225,0.13399851465960994
8226,0.06032279559015172
8227,0.07773394399857927
8228,0.056830629385080024
8229,0.041414332960164224
8230,0.19046178725222096
8231,0.10482722585091653
8232,0.4202636563933497
8233,0.06740356047152544
8234,0.858659457858917
8235,0.25417598412735226
8236,0.08361828550660412
8237,0.047452146676446344
8238,0.7536864927368632
8239,0.4252056672631131
8240,0.443267913412745
8241,0.825321428176357
8242,0.13060849283882817
8243,0.688923831805534
8244,0.07417390744109582
8245,0.25432016067275903
8246,0.06089455907335153
8247,0.33727027239940366
8248,0.17877944127369153
8249,0.09491611762786951
8250,0.1540056286675278
8251,0.14748831886012786
8252,0.6727197650273984
8253,0.6115655931682894
8254,0.05989525768295949
8255,0.041006434667494214
8256,0.45116198967922616
8257,0.949157806550185
8258,0.06618291861579059
8259,0.04096479518863332
8260,0.12062235574095452
8261,0.07665743615449021
8262,0.29122031020556105
8263,0.2613172293354459
8264,0.8367453608837129
8265,0.47594834444480094
8266,0.06850308304657073
8267,0.04336400973153157
8268,0.6090620051829267
8269,0.7713922609138684
8270,0.7634408632933447
8271,0.919669912586082
8272,0.3366068519160099
8273,0.23279378331552322
8274,0.4429481741558318
8275,0.13275179675750767
8276,0.5802139123307563
8277,0.05592066046740665
8278,0.048815739348473955
8279,0.12495726871636992
8280,0.7431749656447892
8281,0.14237665286687357
8282,0.4375771435622422
8283,0.12307257957851347
8284,0.0714243746952541
8285,0.43641052516003387
8286,0.053160829981430846
8287,0.0893447897394745
8288,0.8072687239972661
8289,0.6028183426269739
8290,0.11598834648156676
8291,0.442913028641599
8292,0.24137938421164523
8293,0.1435108586839977
8294,0.1666410981422234
8295,0.8189973775901881
8296,0.2056242728201183
8297,0.911721789472299
8298,0.430179689863622
8299,0.36674792092527486
8300,0.5918436896556919
8301,0.09195714534367445
8302,0.8985335869146287
8303,0.20043184367710218
8304,0.8722371037229362
8305,0.2015790633112673
8306,0.07193168456957744
8307,0.16949145299963717
8308,0.27124002613003295
8309,0.17118388730604883
8310,0.03864011829206428
8311,0.28027303641740586
8312,0.5419685084445621
8313,0.23952571157481714
8314,0.11284824171790821
8315,0.7474137346956301
8316,0.6372112526629261
8317,0.13137677335690934
8318,0.5901353951748606
8319,0.6450379113521298
8320,0.0741127709654148
8321,0.6385020824766823
8322,0.376623856859555
8323,0.06024447056918413
8324,0.4754236698943365
8325,0.4243426812867788
8326,0.15745240992079756
8327,0.7491652012114897
8328,0.11775350847246796
8329,0.21887207189302318
8330,0.7046418052652546
8331,0.2941219559962688
8332,0.353506054851202
8333,0.3077286352397434
8334,0.11938290506054132
8335,0.2254712161823792
8336,0.21230323486506475
8337,0.5092286265010217
8338,0.7019333388371038
8339,0.8264736172887829
8340,0.6755995841518626
8341,0.14947308953618688
8342,0.059344802884799756
8343,0.2697028781494378
8344,0.12968964687361398
8345,0.2843904665412206
8346,0.5695858532182558
8347,0.13317785664211368
8348,0.6645431026833026
8349,0.1970930140940677
8350,0.8050722834441959
8351,0.21578220005197277
8352,0.17862317694231247
8353,0.8953498096095281
8354,0.11941600362385765
8355,0.3220751390672029
8356,0.06806465868286564
8357,0.046939488759835335
8358,0.7276985423431822
8359,0.056301511939373175
8360,0.09148203366859918
8361,0.6705221784290044
8362,0.7050763159905594
8363,0.1557324845435314
8364,0.8558013641558989
8365,0.0883502688934222
8366,0.8588314490828488
8367,0.18793417337208138
8368,0.5214514194601643
8369,0.30172005846607175
8370,0.19051745622240704
8371,0.8318203143430994
8372,0.7783903570166463
8373,0.6767387718559866
8374,0.2495418521336424
8375,0.17824215239614455
8376,0.1287368952060069
8377,0.552571791139904
8378,0.24305298628275848
8379,0.7421911502298046
8380,0.6793261403960363
8381,0.3914817779261209
8382,0.7683502172468455
8383,0.19013577132668405
8384,0.44817607131789133
8385,0.7428023346370801
8386,0.8358920469877894
8387,0.12173032388106875
8388,0.14342309113125165
8389,0.40698047579067437
8390,0.13801004046325868
8391,0.053259795641929536
8392,0.57901201542887
8393,0.3586155267642883
8394,0.3493771192606754
8395,0.07881686898922192
8396,0.06585854325694894
8397,0.9390022788743719
8398,0.06740735917230677
8399,0.852908355875259
8400,0.07632273828558278
8401,0.8582035724416232
8402,0.3352966646631842
8403,0.568209872920795
8404,0.06224778816359509
8405,0.1560541274609156
8406,0.07410389549772567
8407,0.11478495540092049
8408,0.08295122810879212
8409,0.3188836131388425
8410,0.22416671416294104
8411,0.10772966067354543
8412,0.1394516031331042
8413,0.904396577665233
8414,0.0320027943634474
8415,0.8490507781379244
8416,0.19902435500890975
8417,0.1078417163244358
8418,0.4781709317179222
8419,0.05073082868011608
8420,0.5097551357056386
8421,0.028574640719401172
8422,0.8439066149883977
8423,0.4537397669217932
8424,0.17706505910230408
8425,0.03304222881699014
8426,0.6504763584823845
8427,0.15874033959448358
8428,0.12521456538784972
8429,0.28964040177649425
8430,0.6607875247493998
8431,0.16752709003467678
8432,0.20337277905117487
8433,0.8738673683238184
8434,0.22800722025249504
8435,0.1301383624761868
8436,0.6817414389462693
8437,0.04570648677100381
8438,0.6377090984720771
8439,0.0540881590343245
8440,0.36717159409407524
8441,0.05420782221754782
8442,0.0967292187939075
8443,0.33276519294968293
8444,0.32099627713949597
8445,0.16034036901724302
8446,0.37150246650745006
8447,0.7780968690375002
8448,0.0398611633698759
8449,0.35530158486922986
8450,0.03830694371016959
8451,0.36554153067909056
8452,0.052864592480299157
8453,0.8414886114580418
8454,0.044173177760761836
8455,0.11066484125101746
8456,0.8829964844160891
8457,0.7736785509029512
8458,0.8282652139789093
8459,0.1442056403712466
8460,0.5380796768802416
8461,0.8916635660176676
8462,0.13647410605008947
8463,0.22513488933091733
8464,0.679932789260605
8465,0.03850264248203007
8466,0.8728890304415731
8467,0.7507338405088025
8468,0.7041477987843915
8469,0.1290573913026306
8470,0.04249545379212495
8471,0.08221601066089337
8472,0.06150904275672755
8473,0.16716501099047137
8474,0.7237127419062803
8475,0.1809888152815623
8476,0.17571239516017745
8477,0.47968596717386
8478,0.3077356974195361
8479,0.06274107994586324
8480,0.808205109252245
8481,0.4079061624777045
8482,0.7541961621107242
8483,0.584551922816676
8484,0.3131620148888667
8485,0.05968554228370299
8486,0.07431268927560195
8487,0.7505956825484139
8488,0.12390533527881711
8489,0.7497930188212616
8490,0.0681866690021563
8491,0.6463850003813151
8492,0.22032566898932035
8493,0.1362375474621392
8494,0.7310615496787549
8495,0.8949287451392337
8496,0.6410675608374807
8497,0.0700814173016135
8498,0.2637948500499299
8499,0.16165990133253683
8500,0.4232741444358748
8501,0.27770338236712655
8502,0.253544266925759
8503,0.23217516033582336
8504,0.10070714507830647
8505,0.4046513336525464
8506,0.9115613435147888
8507,0.8790451633075951
8508,0.028592268634575934
8509,0.464645124700358
8510,0.10175905429475202
8511,0.9013456536358454
8512,0.233247359855046
8513,0.07900997087079842
8514,0.409592569163365
8515,0.7592447586521154
8516,0.2318646510658754
8517,0.8574196518865942
8518,0.555514767166443
8519,0.019871571713172737
8520,0.5734405435024079
8521,0.3030825629826457
8522,0.8190904643195706
8523,0.5448756475630747
8524,0.07186130431388654
8525,0.08357178515365664
8526,0.11192585836672315
8527,0.37540261115017376
8528,0.21392277548150607
8529,0.07770126198564652
8530,0.0309300470773066
8531,0.6495813694168092
8532,0.09297249748224672
8533,0.0749417749631975
8534,0.10127962173853541
8535,0.5670283057021198
8536,0.6995167436854526
8537,0.21205838402372917
8538,0.5073878239572788
8539,0.15433490268188743
8540,0.089578683040814
8541,0.8904418214393421
8542,0.8404641852389918
8543,0.30294486421449923
8544,0.8791086797475383
8545,0.5692462450008987
8546,0.3963518138555111
8547,0.8260843801017277
8548,0.6992909275831981
8549,0.889573223191094
8550,0.060044072826947806
8551,0.35892110220683016
8552,0.7261428265975793
8553,0.8458923605756367
8554,0.03796508093793902
8555,0.9159028519410144
8556,0.6332470549663449
8557,0.16823658401580596
8558,0.28433686357227006
8559,0.057250930742763904
8560,0.8779408590855797
8561,0.4121180720606079
8562,0.033875223255302525
8563,0.4550151608442775
8564,0.14530904363704208
8565,0.30907698426125835
8566,0.4703684478689847
8567,0.6556410860943188
8568,0.5431048542878546
8569,0.9303213398891186
8570,0.4174233168297376
8571,0.5750856415389249
8572,0.06006387009396885
8573,0.09884543568639474
8574,0.15921419334493028
8575,0.2723430465033248
8576,0.08762748891648386
8577,0.09578409218379712
8578,0.8272106174180297
8579,0.13660685018638966
8580,0.46197705453462257
8581,0.2535700106558267
8582,0.8807983029877107
8583,0.4376166787181837
8584,0.8811333955143147
8585,0.05998506975694136
8586,0.27347494286473334
8587,0.8278343206325143
8588,0.10887459924486559
8589,0.2811134904131168
8590,0.34068763213622044
8591,0.22999403314758576
8592,0.6922816932519389
8593,0.6715603577634854
8594,0.39252582434821776
8595,0.09937038117854452
8596,0.16159155866149835
8597,0.7306293618395842
8598,0.22433544120574697
8599,0.2304250644246869
8600,0.735105868424373
8601,0.16320902737698442
8602,0.7806386546989237
8603,0.5227964444269232
8604,0.6110884616494056
8605,0.5886657489272905
8606,0.5873800597260588
8607,0.6395092300217282
8608,0.28131238676014764
8609,0.2764377370907204
8610,0.07857345431234544
8611,0.21192621828176858
8612,0.18593361518791832
8613,0.6419988817883228
8614,0.7224122179136148
8615,0.07082196532338374
8616,0.49286172767162345
8617,0.3064995739005887
8618,0.09825330137742809
8619,0.049342092657388474
8620,0.7278829817669418
8621,0.8052732686779632
8622,0.6850349680828776
8623,0.6685682904034609
8624,0.8996150727193584
8625,0.09004892700973319
8626,0.0799650209166297
8627,0.04793730273141266
8628,0.058872845207848835
8629,0.1536568994317883
8630,0.8164133325208548
8631,0.26469139070715814
8632,0.6329772030322118
8633,0.12894646108661204
8634,0.8017477408477902
8635,0.5440927557583947
8636,0.36457762598969934
8637,0.04917581952860142
8638,0.4365536242704702
8639,0.7149801713024709
8640,0.7550740795758777
8641,0.17733702888207079
8642,0.5590222597050893
8643,0.11140538277143941
8644,0.21885969641651087
8645,0.9199086420408353
8646,0.04785207059127793
8647,0.04161438136680841
8648,0.07137644413637535
8649,0.3772823865916717
8650,0.41254180359914777
8651,0.5645096691537683
8652,0.3082748571490997
8653,0.43493957933589694
8654,0.443480409953765
8655,0.4528486425232852
8656,0.3284238181815951
8657,0.2159410252338869
8658,0.3196136606915906
8659,0.7878347167317142
8660,0.1031216287749736
8661,0.05965802754506106
8662,0.1279241425477658
8663,0.1373712105372978
8664,0.6832970769060497
8665,0.4600835144468065
8666,0.40905856368919247
8667,0.1589501747064182
8668,0.07754396485158159
8669,0.030811273963465478
8670,0.5725281340062276
8671,0.23727040442427547
8672,0.6510677000600362
8673,0.15021267714066433
8674,0.2050260242316836
8675,0.29553139562787395
8676,0.40373034696710186
8677,0.8898239008125091
8678,0.058645554534688026
8679,0.1572922719463345
8680,0.09543295919042273
8681,0.24508553707587508
8682,0.11634953322691209
8683,0.1918209576271228
8684,0.14696568079502165
8685,0.8302452766270791
8686,0.11484655470046168
8687,0.04054992424732745
8688,0.5959740583929968
8689,0.06002427710234718
8690,0.4439355963156373
8691,0.8327775870275641
8692,0.02760600241506469
8693,0.30265558875643184
8694,0.1250661277037848
8695,0.49243495546736277
8696,0.8194495202548578
8697,0.11543773112855216
8698,0.6988351022606095
8699,0.49443349983136786
8700,0.38306905661503204
8701,0.13219165329285432
8702,0.25038282405528794
8703,0.11745891441288156
8704,0.13307146327737646
8705,0.5250194514013464
8706,0.03139093695879346
8707,0.1349366768217285
8708,0.26426169198069055
8709,0.7997215364568714
8710,0.6675641736588755
8711,0.0943458686012965
8712,0.060566474750446644
8713,0.16925068557182843
8714,0.8716707218557056
8715,0.0774776151831182
8716,0.9158183410469922
8717,0.3444633484909813
8718,0.1532903940703027
8719,0.1143011514186741
8720,0.3576518967275719
8721,0.11690790511023054
8722,0.8274727018831841
8723,0.15677181871627022
8724,0.7031991177128831
8725,0.35006248170956716
8726,0.07482087542334448
8727,0.22636740929180488
8728,0.09535909140867313
8729,0.03974362951586124
8730,0.23146288764180134
8731,0.09162035835828804
8732,0.1330380250247603
8733,0.38321383637134865
8734,0.22155656737504453
8735,0.5910547596049278
8736,0.1285674510907733
8737,0.17183023953084017
8738,0.2745068933032915
8739,0.05487843740834129
8740,0.27904444636392073
8741,0.3018295933319846
8742,0.23769231848219288
8743,0.12400641537655527
8744,0.061477202185008774
8745,0.10977381075001749
8746,0.8149589629703424
8747,0.42836575572445207
8748,0.5698410506406048
8749,0.867356533732409
8750,0.6941264850591973
8751,0.12202788552536628
8752,0.3662198139451188
8753,0.2503772076183812
8754,0.09780533926309598
8755,0.09984211723779735
8756,0.12905101049318077
8757,0.8061027479073496
8758,0.3817341226096135
8759,0.04854652484360034
8760,0.048527400943472805
8761,0.11788249169584908
8762,0.0517706679686788
8763,0.8365255909563544
8764,0.1997859763812748
8765,0.2975109638473431
8766,0.47418994470265835
8767,0.47700423973910505
8768,0.3817924111817095
8769,0.19664345142499068
8770,0.7405032120181254
8771,0.07985503351288986
8772,0.024789344328509502
8773,0.03205374853257001
8774,0.22869908820103368
8775,0.2382804932018044
8776,0.43956377368267524
8777,0.03472939391551747
8778,0.2285147096481231
8779,0.06998314393580846
8780,0.11505882528643561
8781,0.7999984928757229
8782,0.06343133119848299
8783,0.6373589358909584
8784,0.23321700964900025
8785,0.8335179695459436
8786,0.18867109613651548
8787,0.09270673775112293
8788,0.6397375979992238
8789,0.09145697551645281
8790,0.7370576858827773
8791,0.6663283699045269
8792,0.32825142984372
8793,0.1800666170307447
8794,0.15860199665455108
8795,0.6285760649676149
8796,0.21585270621778116
8797,0.8814600651257412
8798,0.5745108518424681
8799,0.27218652991919023
8800,0.13969671047370325
8801,0.04664903816620459
8802,0.1840980174737564
8803,0.07400907514693136
8804,0.4323262712606189
8805,0.07519743034218448
8806,0.2602018200777665
8807,0.09173829819690094
8808,0.2154373301326956
8809,0.029657345756545942
8810,0.6499897687232382
8811,0.13334457142792716
8812,0.39356894549696275
8813,0.5621126688628507
8814,0.17504307654861725
8815,0.10664952647566596
8816,0.29078019970089886
8817,0.5334420712260984
8818,0.5458073374976128
8819,0.48621751065335034
8820,0.23080214663982948
8821,0.3007651760915086
8822,0.028411226642121062
8823,0.18835480842427962
8824,0.6443682339737702
8825,0.23836130061023153
8826,0.08381130926100047
8827,0.04737221298885599
8828,0.8538612562207982
8829,0.6790258792109669
8830,0.6599588215166895
8831,0.10374601822198809
8832,0.4188138482675051
8833,0.4786652565898009
8834,0.17286789273868347
8835,0.07216369502521348
8836,0.8704383199418195
8837,0.38087533920413763
8838,0.1004695514653825
8839,0.9284756146833647
8840,0.23776367820376895
8841,0.18106117841513236
8842,0.07913774134094663
8843,0.08527606938656172
8844,0.8161832832520883
8845,0.20255779451613326
8846,0.040998476671832866
8847,0.20889520402362802
8848,0.25341232965850286
8849,0.7503059609391838
8850,0.7252305523339893
8851,0.13125195151467048
8852,0.36721040879352224
8853,0.5257595593499905
8854,0.910964368731615
8855,0.07266338695219605
8856,0.7276416679351814
8857,0.7990603674423623
8858,0.28686546823754866
8859,0.3278790922958641
8860,0.6467479006049575
8861,0.14081900317324256
8862,0.2222414082029156
8863,0.6780007925801299
8864,0.12597478039088683
8865,0.7199586099016863
8866,0.17452130256683707
8867,0.7499830299045419
8868,0.12823833061703704
8869,0.7372474741596875
8870,0.4842251681423543
8871,0.4594451922172745
8872,0.6904125115463347
8873,0.26457918955207865
8874,0.056165395860699636
8875,0.13699663076827118
8876,0.07256715785493943
8877,0.28769039809905006
8878,0.05979973375978093
8879,0.1309604495599274
8880,0.2949988535521521
8881,0.04341220555632189
8882,0.14517547477632234
8883,0.8799764931985289
8884,0.05917142264662721
8885,0.13286215911146615
8886,0.1037100080126184
8887,0.14070802893302217
8888,0.397625898832555
8889,0.730450805373511
8890,0.7003561095358745
8891,0.75631440485715
8892,0.37066042722360854
8893,0.03857651905828634
8894,0.3510352784977287
8895,0.22637037924369702
8896,0.23471814898673385
8897,0.3498937866228993
8898,0.12372936307180926
8899,0.6737196564469833
8900,0.794288858761391
8901,0.3620714336932591
8902,0.07066604240474009
8903,0.5388949478321066
8904,0.5073653159013108
8905,0.20629876312590417
8906,0.10498759242055082
8907,0.6436495117896518
8908,0.45143483928478934
8909,0.680909323006124
8910,0.15696526075351627
8911,0.3948867139156
8912,0.772050881768681
8913,0.30923865181581944
8914,0.27593490669651366
8915,0.21736318190027842
8916,0.07230904983594653
8917,0.09072293659243534
8918,0.07959479414596653
8919,0.07016659743088664
8920,0.8952863347801227
8921,0.7466393943377183
8922,0.23745135386054944
8923,0.07301893951207916
8924,0.0687316275463153
8925,0.36460702100907777
8926,0.17096747223847444
8927,0.6383353197210117
8928,0.09589268552057632
8929,0.14453104131941538
8930,0.7876122897943221
8931,0.07469535084549826
8932,0.3596809110333988
8933,0.2998969605765346
8934,0.12308427632225924
8935,0.2528556493407417
8936,0.18105430234348527
8937,0.34369280050172685
8938,0.11854484330453134
8939,0.1748779457968547
8940,0.3477726497213151
8941,0.5237914483706014
8942,0.6074509088607777
8943,0.37548540855087664
8944,0.07911490959037665
8945,0.4317797911964554
8946,0.7437961858246747
8947,0.9064794698069204
8948,0.15772596611815792
8949,0.07168553134342971
8950,0.17405723258881536
8951,0.5422517404424366
8952,0.5072916064762489
8953,0.07207047974238863
8954,0.4525352331203007
8955,0.7973233280034696
8956,0.23215523330087204
8957,0.7687700905098399
8958,0.35414258730346143
8959,0.6054295120349009
8960,0.12339383519838305
8961,0.7615063587791127
8962,0.09926178793547756
8963,0.7568350152376564
8964,0.14642276865980935
8965,0.7888632706993903
8966,0.060248627758136344
8967,0.8736297773336489
8968,0.8096536333488595
8969,0.06636502266822433
8970,0.04237664085105839
8971,0.7736348579422583
8972,0.09507667440826402
8973,0.2127877384329506
8974,0.29066181587760775
8975,0.8162598698266827
8976,0.046172474003891614
8977,0.584550820621792
8978,0.06115810059760777
8979,0.016391253751352145
8980,0.24397779578704418
8981,0.5855956595577194
8982,0.29565390710801226
8983,0.4294925422776748
8984,0.39764979194948286
8985,0.2663277861094432
8986,0.19088780372315917
8987,0.4458659650229236
8988,0.04168026906664091
8989,0.6878071676045833
8990,0.16633424871259267
8991,0.2761870529264376
8992,0.07445082225021847
8993,0.03346251123054271
8994,0.7637958428842375
8995,0.5
8996,0.05307705495665527
8997,0.273550431197342
8998,0.5707610308230464
8999,0.16340819332076778
9000,0.38870675220884504
9001,0.15359496767676897
9002,0.6848588765043706
9003,0.6635822551141624
9004,0.2866856846173813
9005,0.2249401107285018
9006,0.028913222269812126
9007,0.05168991476823882
9008,0.03634805247034299
9009,0.128848082153848
9010,0.13590593500422707
9011,0.10054687219855553
9012,0.04959609185606449
9013,0.056769566293018985
9014,0.7361652766399398
9015,0.31031318145656883
9016,0.0634248149163218
9017,0.8362864273471677
9018,0.7778177047233695
9019,0.14024501110203416
9020,0.05256551670661381
9021,0.10678516252358075
9022,0.14220123084093314
9023,0.5780597236287897
9024,0.7786366417612561
9025,0.3089847868890463
9026,0.40044369789900414
9027,0.21975163819395274
9028,0.1027091930025855
9029,0.06664459865029766
9030,0.3779940244070673
9031,0.25879945443614016
9032,0.3909848107525637
9033,0.08422343390009426
9034,0.14603929319429382
9035,0.27839123612721084
9036,0.906062252578654
9037,0.9311602126206528
9038,0.3622158370548771
9039,0.055494900844291796
9040,0.257517485281883
9041,0.9093267450427501
9042,0.16521044635995807
9043,0.09739140723492194
9044,0.14769022971504372
9045,0.7274030024290574
9046,0.42355999102449443
9047,0.18897539190733895
9048,0.08164063152304739
9049,0.02625272820047415
9050,0.8937631939086088
9051,0.08008028652603863
9052,0.08870876508717246
9053,0.16652132385862217
9054,0.2508966984102913
9055,0.03947217433486209
9056,0.2601765085945138
9057,0.47110630509578244
9058,0.11845895515914284
9059,0.08422102302321044
9060,0.1264279014608667
9061,0.26484856064341894
9062,0.056967568068949266
9063,0.47881926805319397
9064,0.07154181069801546
9065,0.8352712787634321
9066,0.3046704166689354
9067,0.3097056582515805
9068,0.33571925322002033
9069,0.12498552241477733
9070,0.8945410501236352
9071,0.034897831010416734
9072,0.7647225519382288
9073,0.1423470203370487
9074,0.6830828313524752
9075,0.09228516223379551
9076,0.13371032241300496
9077,0.20817103033810014
9078,0.11135846311130491
9079,0.04061484026399773
9080,0.2117246418512214
9081,0.04675387283957621
9082,0.17683626323501986
9083,0.05996507701406045
9084,0.3137860311580632
9085,0.30782829775953546
9086,0.18715216892862988
9087,0.04285916638970876
9088,0.7501477918805783
9089,0.046841722529087956
9090,0.5423445045649311
9091,0.0650819895690083
9092,0.7101473207652516
9093,0.22075425508190644
9094,0.07341701993469255
9095,0.698476879716047
9096,0.6159266717781655
9097,0.17753247823787066
9098,0.0815667263074087
9099,0.37870820795742693
9100,0.17362434791817713
9101,0.7361644927031079
9102,0.15775447488681926
9103,0.09648454552057878
9104,0.08919493853281472
9105,0.5
9106,0.7724794155660561
9107,0.07996777702240015
9108,0.4562182703784286
9109,0.29256450652873284
9110,0.09260873562369826
9111,0.8841651598551743
9112,0.4285989529225408
9113,0.41552721660560926
9114,0.4487264814188258
9115,0.08883915573050875
9116,0.7557514887688154
9117,0.10595485578701286
9118,0.3485170507360807
9119,0.1431606958150698
9120,0.6005358432854141
9121,0.19229387560567227
9122,0.4790915440390562
9123,0.4000470112452198
9124,0.08166097736283655
9125,0.05471889921541608
9126,0.39664635032569234
9127,0.5676297954333285
9128,0.2992468419009401
9129,0.765039232294887
9130,0.2157847794936942
9131,0.6400910034524422
9132,0.9109637695127364
9133,0.029456802687446656
9134,0.08435185781363548
9135,0.6286385393524457
9136,0.07539999004732895
9137,0.07015103999533241
9138,0.2218079013299504
9139,0.07983132000788175
9140,0.045904044124909595
9141,0.3769788194983948
9142,0.08969910361993917
9143,0.4265071677594285
9144,0.7735168464233204
9145,0.36745644625781737
9146,0.1302225372947483
9147,0.2129349172237658
9148,0.3474050593863215
9149,0.30543509407554964
9150,0.09978130303179027
9151,0.5380040696769278
9152,0.7623900165228642
9153,0.540503085431242
9154,0.11347664899434505
9155,0.07469546539914013
9156,0.30162327198169986
9157,0.09372338623841676
9158,0.670869508068863
9159,0.14280976769274242
9160,0.6158635259946826
9161,0.05057891094576319
9162,0.16605267064093746
9163,0.3484768974221072
9164,0.8606699639161912
9165,0.37880408104148194
9166,0.4436000981403069
9167,0.6031176827348641
9168,0.4761496555709765
9169,0.19477806940042422
9170,0.1746303752038307
9171,0.3427796360229514
9172,0.12384771505423536
9173,0.08958473824381653
9174,0.1558754837387823
9175,0.8749566009428709
9176,0.2628896625424701
9177,0.1367872855535713
9178,0.07973090792260343
9179,0.6964519821280757
9180,0.09994711998493129
9181,0.07658644067365358
9182,0.49025795746930556
9183,0.12093694878999248
9184,0.5749211349675583
9185,0.3319150788244137
9186,0.18530959486436077
9187,0.2140154255895749
9188,0.6124381951761877
9189,0.12240847370549769
9190,0.08817191686220571
9191,0.3937826053737933
9192,0.3795436155599775
9193,0.07266792483954955
9194,0.04309844963119585
9195,0.5165248348325173
9196,0.7974631563188582
9197,0.0662875274231681
9198,0.5994666373972324
9199,0.5618895998367361
9200,0.18361212898967058
9201,0.09249998705887826
9202,0.05095110811969405
9203,0.231079336315292
9204,0.4732541757801065
9205,0.05192542287198093
9206,0.11614521007587983
9207,0.15532866141453183
9208,0.14264579020844556
9209,0.1718567708340185
9210,0.07434373235289987
9211,0.0814700532270085
9212,0.10318998202829648
9213,0.05975321802416754
9214,0.2817698751883792
9215,0.08920907779060276
9216,0.5
9217,0.3036878366825242
9218,0.3047430551714892
9219,0.10204575348266694
9220,0.3565341442953056
9221,0.19232720406632223
9222,0.11045724051348299
9223,0.22390203340055695
9224,0.08744799557765273
9225,0.6614411534373693
9226,0.05751740957563034
9227,0.8864832268697295
9228,0.1116418091893285
9229,0.7933921938667946
9230,0.632739219860635
9231,0.8058032744965746
9232,0.15494852457719566
9233,0.18006673625427697
9234,0.8198971282707905
9235,0.21337023542760067
9236,0.5230620153939223
9237,0.06134780037710308
9238,0.1296076810606048
9239,0.06017126140490902
9240,0.37900137074698786
9241,0.8275335047657758
9242,0.15744073760505228
9243,0.5377299658855879
9244,0.06680087169705536
9245,0.04388966785307414
9246,0.2141696451764905
9247,0.0664682579103094
9248,0.28528090304715037
9249,0.1265015646533635
9250,0.1211791708249567
9251,0.5489725998511594
9252,0.1623053584398566
9253,0.1525688725278424
9254,0.6697308773040979
9255,0.0849026745886806
9256,0.19841001397877822
9257,0.8847482631342307
9258,0.09790581924283981
9259,0.1587523949118237
9260,0.3116897020458342
9261,0.8019679462784692
9262,0.07736566287469529
9263,0.4081077824889382
9264,0.05835053918095426
9265,0.13976260458755052
9266,0.21415141439934038
9267,0.17801542855730434
9268,0.27048288138980464
9269,0.8907418804739576
9270,0.8740475805967375
9271,0.04945690632601405
9272,0.05313081482976277
9273,0.21579174630043912
9274,0.6881291728573429
9275,0.7942211190024531
9276,0.05215125695568677
9277,0.3025533116566166
9278,0.305905354001238
9279,0.5658895258094102
9280,0.3277676433262049
9281,0.4268251749321428
9282,0.12762956649823617
9283,0.07757912279533968
9284,0.6835324546013924
9285,0.044092316210961706
9286,0.06633252463279929
9287,0.030450761970261257
9288,0.22944554273837683
9289,0.13862621392737332
9290,0.9259943904145417
9291,0.4589245226107719
9292,0.5092832092490219
9293,0.34166707110319
9294,0.22422127679547943
9295,0.06459586329686177
9296,0.12842562871051091
9297,0.07059970339485078
9298,0.3116510818573579
9299,0.29913579031183946
9300,0.46960246974767156
9301,0.40424651269830264
9302,0.2800235245868947
9303,0.4216679177359015
9304,0.12434211307011471
9305,0.05930666528511597
9306,0.3926303141818755
9307,0.661264050125853
9308,0.22637400377641745
9309,0.05547821190841456
9310,0.11184727227317649
9311,0.20876965909547077
9312,0.08930038574778615
9313,0.2741673976358808
9314,0.07495539778181841
9315,0.17757796794096456
9316,0.8645894355685193
9317,0.16281234588244053
9318,0.389586066363441
9319,0.16339242178216745
9320,0.29163174762771565
9321,0.13980651199787808
9322,0.14938120840719157
9323,0.2317727018005549
9324,0.1194844408771608
9325,0.17053411876563895
9326,0.6383137232823374
9327,0.09058031448294566
9328,0.09766048757751515
9329,0.16685459427358712
9330,0.8211308223926774
9331,0.053690131309541124
9332,0.6834190749547279
9333,0.12921809826233321
9334,0.07743758035786003
9335,0.15931352075007996
9336,0.8741327172763748
9337,0.0926592623129126
9338,0.6678400287382201
9339,0.19962941719836802
9340,0.07374951524741839
9341,0.3676000205959014
9342,0.3643948547902765
9343,0.1690611757758553
9344,0.08591093595526782
9345,0.1099615309009204
9346,0.09770065704762829
9347,0.7726600754879612
9348,0.8463005319382672
9349,0.03566757195479903
9350,0.5
9351,0.307555076925144
9352,0.07487940987921204
9353,0.08936529612061715
9354,0.3694370591016665
9355,0.06625755626268615
9356,0.11337258714136654
9357,0.3960856932092069
9358,0.13156084440930854
9359,0.11592393271432348
9360,0.5299012007912705
9361,0.23678120210560125
9362,0.16738726355505215
9363,0.720194844844971
9364,0.922133390310969
9365,0.1636330406909587
9366,0.05090922981406272
9367,0.311675335945435
9368,0.4230633151024575
9369,0.7152927685867851
9370,0.5329670427814891
9371,0.20912895589351546
9372,0.11669332407468505
9373,0.02915842956771078
9374,0.4860036429050977
9375,0.4329628254453916
9376,0.7685036415289692
9377,0.9032576876030126
9378,0.06397232665024336
9379,0.09309026132250937
9380,0.743346654927317
9381,0.06666066293559991
9382,0.24173300501363473
9383,0.6877953868870956
9384,0.05030975714026272
9385,0.4313181074667392
9386,0.8323365614280777
9387,0.8801181641034466
9388,0.49476459079320173
9389,0.1797794195332796
9390,0.7996240244673978
9391,0.47923016101105337
9392,0.7485942159004318
9393,0.025824536937593148
9394,0.5313127147973111
9395,0.19242633752310417
9396,0.7137582348748648
9397,0.21716851561963302
9398,0.6261321450701729
9399,0.09302289736223826
9400,0.9014316502375548
9401,0.36853605864940847
9402,0.2977596684189258
9403,0.7531022413498125
9404,0.15899773360502606
9405,0.12319852260707459
9406,0.5621625586751418
9407,0.4871528251400549
9408,0.3278717876949035
9409,0.08394115875308482
9410,0.11698690971130248
9411,0.05775886947200275
9412,0.2700555463818893
9413,0.04424714774961343
9414,0.2565556316387938
9415,0.20097391921188143
9416,0.5
9417,0.07703112523804868
9418,0.06778763211576311
9419,0.3494215459797201
9420,0.15501352216176856
9421,0.13443645141954844
9422,0.7753396492766425
9423,0.5917039597059508
9424,0.2630932104050452
9425,0.3541217188167966
9426,0.05811350820514683
9427,0.509335919694464
9428,0.28768036815986786
9429,0.8762743266813667
9430,0.4219379963893469
9431,0.739579993309603
9432,0.38386300518159616
9433,0.6148576505514721
9434,0.0928211269942252
9435,0.06402893206517819
9436,0.3356112592965335
9437,0.5146879927408096
9438,0.09964872307489235
9439,0.12100394112133772
9440,0.7249358019437236
9441,0.17121781960692717
9442,0.22017393293348858
9443,0.204542632303584
9444,0.13215842632320332
9445,0.39617130312969223
9446,0.05198352814506084
9447,0.18517943813013946
9448,0.1158553880150884
9449,0.7261237029218458
9450,0.7169098291666094
9451,0.1926350873945442
9452,0.5399871068941624
9453,0.02209440684409814
9454,0.32870070677367674
9455,0.8428082538791976
9456,0.1790246203247682
9457,0.31872884994337886
9458,0.11104897461402238
9459,0.5640728233525827
9460,0.7317516190454129
9461,0.13731650575327148
9462,0.6383617724920324
9463,0.3501767879688245
9464,0.09996374546436279
9465,0.16138850412668285
9466,0.2521524162272609
9467,0.3686241106656274
9468,0.11823977524682915
9469,0.7102442041789114
9470,0.09654842912583762
9471,0.25226717791431297
9472,0.6964456830232308
9473,0.5652347323090948
9474,0.6369842011361231
9475,0.5641673212485172
9476,0.05974292402852816
9477,0.06546458088075333
9478,0.021937113673664715
9479,0.10437688307429373
9480,0.8235669717049573
9481,0.41661847437513416
9482,0.8792297249294748
9483,0.6535835178026643
9484,0.715409305866128
9485,0.15266999348157972
9486,0.6936316902817369
9487,0.06369470326728122
9488,0.8326500031954852
9489,0.5435272544001836
9490,0.7682361553565468
9491,0.08087354818264032
9492,0.4310267010061147
9493,0.11795367667766714
9494,0.10384697774907237
9495,0.12868722895430773
9496,0.8349666334060044
9497,0.15510152110484926
9498,0.07222001302995854
9499,0.18752879176396126
9500,0.6601677264517921
9501,0.24662176676732878
9502,0.4056393501342272
9503,0.3188657924561332
9504,0.7314692375065374
9505,0.4481987624137737
